,label,position,freq,dataset
0,0,0,0.0,ref
1,0,0,0.0,gen
2,0,1,0.0,ref
3,0,1,0.0,gen
4,0,2,0.0,ref
5,0,2,0.0,gen
6,0,3,0.0,ref
7,0,3,0.0,gen
8,0,4,0.0,ref
9,0,4,0.0,gen
10,0,5,0.0,ref
11,0,5,0.0,gen
12,0,6,0.0,ref
13,0,6,0.0,gen
14,0,7,0.0,ref
15,0,7,0.0,gen
16,0,8,0.0,ref
17,0,8,0.0,gen
18,0,9,0.0,ref
19,0,9,0.0,gen
20,0,10,0.0,ref
21,0,10,0.0,gen
22,0,11,0.0,ref
23,0,11,0.0,gen
24,0,12,0.0,ref
25,0,12,0.0,gen
26,0,13,0.0,ref
27,0,13,0.0,gen
28,0,14,0.0,ref
29,0,14,0.0,gen
30,0,15,0.0,ref
31,0,15,0.0,gen
32,0,16,0.0,ref
33,0,16,0.0,gen
34,0,17,0.0,ref
35,0,17,0.0,gen
36,0,18,0.0,ref
37,0,18,0.0,gen
38,0,19,0.0,ref
39,0,19,0.0,gen
40,0,20,0.0,ref
41,0,20,0.0,gen
42,0,21,0.0,ref
43,0,21,0.0,gen
44,0,22,0.0,ref
45,0,22,0.0,gen
46,0,23,0.0,ref
47,0,23,0.0,gen
48,0,24,0.0,ref
49,0,24,0.0,gen
50,0,25,0.0,ref
51,0,25,0.0,gen
52,0,26,0.0,ref
53,0,26,0.0,gen
54,0,27,0.0,ref
55,0,27,0.0,gen
56,0,28,0.0,ref
57,0,28,0.0,gen
58,0,29,0.0,ref
59,0,29,0.0,gen
60,0,30,0.0,ref
61,0,30,0.0,gen
62,0,31,0.0,ref
63,0,31,0.0,gen
64,0,32,0.0,ref
65,0,32,0.0,gen
66,0,33,0.02631578947368421,ref
67,0,33,0.0,gen
68,0,34,0.0,ref
69,0,34,0.0,gen
70,0,35,0.0,ref
71,0,35,0.0,gen
72,0,36,0.0,ref
73,0,36,0.019230769230769232,gen
74,0,37,0.0,ref
75,0,37,0.0,gen
76,0,38,0.0,ref
77,0,38,0.019230769230769232,gen
78,0,39,0.0,ref
79,0,39,0.0,gen
80,0,40,0.0,ref
81,0,40,0.019230769230769232,gen
82,0,41,0.0,ref
83,0,41,0.0,gen
84,0,42,0.0,ref
85,0,42,0.0,gen
86,0,43,0.0,ref
87,0,43,0.0,gen
88,0,44,0.0,ref
89,0,44,0.0,gen
90,0,45,0.0,ref
91,0,45,0.0,gen
92,0,46,0.0,ref
93,0,46,0.0,gen
94,0,47,0.0,ref
95,0,47,0.0,gen
96,0,48,0.0,ref
97,0,48,0.0,gen
98,0,49,0.0,ref
99,0,49,0.0,gen
100,0,50,0.0,ref
101,0,50,0.0,gen
102,0,51,0.0,ref
103,0,51,0.0,gen
104,0,52,0.0,ref
105,0,52,0.0,gen
106,0,53,0.0,ref
107,0,53,0.0,gen
108,0,54,0.0,ref
109,0,54,0.0,gen
110,0,55,0.0,ref
111,0,55,0.0,gen
112,0,56,0.0,ref
113,0,56,0.0,gen
114,0,57,0.0,ref
115,0,57,0.0,gen
116,0,58,0.0,ref
117,0,58,0.0,gen
118,0,59,0.0,ref
119,0,59,0.0,gen
120,0,60,0.0,ref
121,0,60,0.0,gen
122,0,61,0.0,ref
123,0,61,0.0,gen
124,0,62,0.0,ref
125,0,62,0.0,gen
126,0,63,0.0,ref
127,0,63,0.0,gen
128,0,64,0.0,ref
129,0,64,0.019230769230769232,gen
130,0,65,0.0,ref
131,0,65,0.0,gen
132,0,66,0.0,ref
133,0,66,0.0,gen
134,0,67,0.0,ref
135,0,67,0.0,gen
136,0,68,0.0,ref
137,0,68,0.0,gen
138,0,69,0.0,ref
139,0,69,0.0,gen
140,0,70,0.0,ref
141,0,70,0.0,gen
142,0,71,0.0,ref
143,0,71,0.0,gen
144,0,72,0.0,ref
145,0,72,0.0,gen
146,0,73,0.0,ref
147,0,73,0.0,gen
148,0,74,0.0,ref
149,0,74,0.0,gen
150,0,75,0.0,ref
151,0,75,0.0,gen
152,0,76,0.0,ref
153,0,76,0.0,gen
154,0,77,0.0,ref
155,0,77,0.0,gen
156,0,78,0.0,ref
157,0,78,0.0,gen
158,0,79,0.0,ref
159,0,79,0.0,gen
160,0,80,0.0,ref
161,0,80,0.0,gen
162,0,81,0.0,ref
163,0,81,0.0,gen
164,0,82,0.0,ref
165,0,82,0.0,gen
166,0,83,0.0,ref
167,0,83,0.0,gen
168,0,84,0.0,ref
169,0,84,0.0,gen
170,0,85,0.0,ref
171,0,85,0.0,gen
172,0,86,0.0,ref
173,0,86,0.0,gen
174,0,87,0.0,ref
175,0,87,0.0,gen
176,0,88,0.0,ref
177,0,88,0.0,gen
178,0,89,0.0,ref
179,0,89,0.0,gen
180,0,90,0.0,ref
181,0,90,0.0,gen
182,0,91,0.0,ref
183,0,91,0.0,gen
184,0,92,0.0,ref
185,0,92,0.0,gen
186,0,93,0.0,ref
187,0,93,0.0,gen
188,0,94,0.0,ref
189,0,94,0.0,gen
190,0,95,0.0,ref
191,0,95,0.0,gen
192,0,96,0.0,ref
193,0,96,0.0,gen
194,0,97,0.0,ref
195,0,97,0.0,gen
196,0,98,0.0,ref
197,0,98,0.0,gen
198,0,99,0.0,ref
199,0,99,0.0,gen
200,0,100,0.0,ref
201,0,100,0.0,gen
202,0,101,0.0,ref
203,0,101,0.0,gen
204,0,102,0.0,ref
205,0,102,0.0,gen
206,0,103,0.0,ref
207,0,103,0.0,gen
208,0,104,0.0,ref
209,0,104,0.0,gen
210,0,105,0.0,ref
211,0,105,0.0,gen
212,0,106,0.0,ref
213,0,106,0.0,gen
214,0,107,0.0,ref
215,0,107,0.0,gen
216,0,108,0.0,ref
217,0,108,0.0,gen
218,0,109,0.0,ref
219,0,109,0.0,gen
220,0,110,0.0,ref
221,0,110,0.0,gen
222,0,111,0.0,ref
223,0,111,0.0,gen
224,0,112,0.0,ref
225,0,112,0.0,gen
226,0,113,0.0,ref
227,0,113,0.0,gen
228,0,114,0.0,ref
229,0,114,0.0,gen
230,0,115,0.0,ref
231,0,115,0.0,gen
232,0,116,0.0,ref
233,0,116,0.0,gen
234,0,117,0.0,ref
235,0,117,0.0,gen
236,0,118,0.0,ref
237,0,118,0.0,gen
238,0,119,0.0,ref
239,0,119,0.0,gen
240,0,120,0.0,ref
241,0,120,0.0,gen
242,0,121,0.0,ref
243,0,121,0.0,gen
244,0,122,0.0,ref
245,0,122,0.0,gen
246,0,123,0.0,ref
247,0,123,0.0,gen
248,0,124,0.0,ref
249,0,124,0.0,gen
250,0,125,0.0,ref
251,0,125,0.0,gen
252,0,126,0.0,ref
253,0,126,0.0,gen
254,0,127,0.0,ref
255,0,127,0.0,gen
256,0,128,0.0,ref
257,0,128,0.0,gen
258,0,129,0.0,ref
259,0,129,0.0,gen
260,0,130,0.0,ref
261,0,130,0.0,gen
262,0,131,0.0,ref
263,0,131,0.0,gen
264,0,132,0.0,ref
265,0,132,0.0,gen
266,0,133,0.0,ref
267,0,133,0.0,gen
268,0,134,0.0,ref
269,0,134,0.0,gen
270,0,135,0.0,ref
271,0,135,0.0,gen
272,0,136,0.0,ref
273,0,136,0.0,gen
274,0,137,0.0,ref
275,0,137,0.0,gen
276,0,138,0.0,ref
277,0,138,0.0,gen
278,0,139,0.0,ref
279,0,139,0.0,gen
280,0,140,0.0,ref
281,0,140,0.0,gen
282,0,141,0.0,ref
283,0,141,0.0,gen
284,0,142,0.0,ref
285,0,142,0.0,gen
286,0,143,0.0,ref
287,0,143,0.0,gen
288,0,144,0.0,ref
289,0,144,0.0,gen
290,0,145,0.02631578947368421,ref
291,0,145,0.0,gen
292,0,146,0.0,ref
293,0,146,0.0,gen
294,0,147,0.0,ref
295,0,147,0.0,gen
296,0,148,0.0,ref
297,0,148,0.0,gen
298,0,149,0.0,ref
299,0,149,0.0,gen
300,0,150,0.0,ref
301,0,150,0.0,gen
302,0,151,0.0,ref
303,0,151,0.0,gen
304,0,152,0.0,ref
305,0,152,0.0,gen
306,0,153,0.0,ref
307,0,153,0.0,gen
308,0,154,0.0,ref
309,0,154,0.0,gen
310,0,155,0.0,ref
311,0,155,0.0,gen
312,0,156,0.0,ref
313,0,156,0.0,gen
314,0,157,0.0,ref
315,0,157,0.0,gen
316,0,158,0.0,ref
317,0,158,0.0,gen
318,0,159,0.0,ref
319,0,159,0.019230769230769232,gen
320,0,160,0.0,ref
321,0,160,0.0,gen
322,0,161,0.0,ref
323,0,161,0.0,gen
324,0,162,0.0,ref
325,0,162,0.0,gen
326,0,163,0.0,ref
327,0,163,0.0,gen
328,0,164,0.0,ref
329,0,164,0.0,gen
330,0,165,0.0,ref
331,0,165,0.0,gen
332,0,166,0.0,ref
333,0,166,0.0,gen
334,0,167,0.0,ref
335,0,167,0.0,gen
336,0,168,0.0,ref
337,0,168,0.0,gen
338,0,169,0.0,ref
339,0,169,0.0,gen
340,0,170,0.0,ref
341,0,170,0.0,gen
342,0,171,0.0,ref
343,0,171,0.0,gen
344,0,172,0.0,ref
345,0,172,0.0,gen
346,0,173,0.0,ref
347,0,173,0.0,gen
348,0,174,0.0,ref
349,0,174,0.0,gen
350,0,175,0.0,ref
351,0,175,0.0,gen
352,0,176,0.0,ref
353,0,176,0.0,gen
354,0,177,0.0,ref
355,0,177,0.0,gen
356,0,178,0.0,ref
357,0,178,0.0,gen
358,0,179,0.0,ref
359,0,179,0.0,gen
360,0,180,0.0,ref
361,0,180,0.0,gen
362,0,181,0.0,ref
363,0,181,0.0,gen
364,0,182,0.0,ref
365,0,182,0.0,gen
366,0,183,0.0,ref
367,0,183,0.0,gen
368,0,184,0.0,ref
369,0,184,0.0,gen
370,0,185,0.0,ref
371,0,185,0.0,gen
372,0,186,0.0,ref
373,0,186,0.0,gen
374,0,187,0.0,ref
375,0,187,0.0,gen
376,0,188,0.0,ref
377,0,188,0.0,gen
378,0,189,0.0,ref
379,0,189,0.0,gen
380,0,190,0.0,ref
381,0,190,0.0,gen
382,0,191,0.0,ref
383,0,191,0.0,gen
384,0,192,0.0,ref
385,0,192,0.0,gen
386,0,193,0.0,ref
387,0,193,0.0,gen
388,0,194,0.0,ref
389,0,194,0.0,gen
390,0,195,0.0,ref
391,0,195,0.0,gen
392,0,196,0.0,ref
393,0,196,0.0,gen
394,0,197,0.0,ref
395,0,197,0.0,gen
396,0,198,0.0,ref
397,0,198,0.0,gen
398,0,199,0.0,ref
399,0,199,0.0,gen
400,0,200,0.0,ref
401,0,200,0.0,gen
402,0,201,0.0,ref
403,0,201,0.0,gen
404,0,202,0.0,ref
405,0,202,0.0,gen
406,0,203,0.0,ref
407,0,203,0.0,gen
408,0,204,0.0,ref
409,0,204,0.0,gen
410,0,205,0.0,ref
411,0,205,0.0,gen
412,0,206,0.0,ref
413,0,206,0.0,gen
414,0,207,0.0,ref
415,0,207,0.0,gen
416,0,208,0.0,ref
417,0,208,0.0,gen
418,0,209,0.0,ref
419,0,209,0.0,gen
420,0,210,0.0,ref
421,0,210,0.0,gen
422,0,211,0.0,ref
423,0,211,0.0,gen
424,0,212,0.0,ref
425,0,212,0.0,gen
426,0,213,0.0,ref
427,0,213,0.0,gen
428,0,214,0.0,ref
429,0,214,0.0,gen
430,0,215,0.0,ref
431,0,215,0.0,gen
432,0,216,0.0,ref
433,0,216,0.0,gen
434,0,217,0.0,ref
435,0,217,0.0,gen
436,0,218,0.0,ref
437,0,218,0.0,gen
438,0,219,0.0,ref
439,0,219,0.0,gen
440,0,220,0.0,ref
441,0,220,0.0,gen
442,0,221,0.0,ref
443,0,221,0.0,gen
444,0,222,0.0,ref
445,0,222,0.0,gen
446,0,223,0.0,ref
447,0,223,0.0,gen
448,0,224,0.0,ref
449,0,224,0.0,gen
450,0,225,0.0,ref
451,0,225,0.0,gen
452,0,226,0.0,ref
453,0,226,0.0,gen
454,0,227,0.0,ref
455,0,227,0.0,gen
456,0,228,0.0,ref
457,0,228,0.0,gen
458,0,229,0.0,ref
459,0,229,0.0,gen
460,0,230,0.0,ref
461,0,230,0.0,gen
462,0,231,0.0,ref
463,0,231,0.0,gen
464,0,232,0.0,ref
465,0,232,0.019230769230769232,gen
466,0,233,0.0,ref
467,0,233,0.0,gen
468,0,234,0.0,ref
469,0,234,0.0,gen
470,0,235,0.0,ref
471,0,235,0.0,gen
472,0,236,0.0,ref
473,0,236,0.0,gen
474,0,237,0.0,ref
475,0,237,0.0,gen
476,0,238,0.0,ref
477,0,238,0.0,gen
478,0,239,0.0,ref
479,0,239,0.0,gen
480,0,240,0.0,ref
481,0,240,0.0,gen
482,0,241,0.0,ref
483,0,241,0.0,gen
484,0,242,0.0,ref
485,0,242,0.0,gen
486,0,243,0.0,ref
487,0,243,0.0,gen
488,0,244,0.0,ref
489,0,244,0.0,gen
490,0,245,0.0,ref
491,0,245,0.0,gen
492,0,246,0.0,ref
493,0,246,0.0,gen
494,0,247,0.0,ref
495,0,247,0.0,gen
496,0,248,0.0,ref
497,0,248,0.0,gen
498,0,249,0.0,ref
499,0,249,0.0,gen
500,0,250,0.0,ref
501,0,250,0.0,gen
502,0,251,0.0,ref
503,0,251,0.0,gen
504,0,252,0.0,ref
505,0,252,0.0,gen
506,0,253,0.0,ref
507,0,253,0.0,gen
508,0,254,0.0,ref
509,0,254,0.0,gen
510,0,255,0.0,ref
511,0,255,0.0,gen
512,1,0,0.0,ref
513,1,0,0.07407407407407407,gen
514,1,1,0.0,ref
515,1,1,0.0,gen
516,1,2,0.0,ref
517,1,2,0.0,gen
518,1,3,0.0,ref
519,1,3,0.0,gen
520,1,4,0.0,ref
521,1,4,0.0,gen
522,1,5,0.0,ref
523,1,5,0.0,gen
524,1,6,0.0,ref
525,1,6,0.0,gen
526,1,7,0.0,ref
527,1,7,0.0,gen
528,1,8,0.0,ref
529,1,8,0.0,gen
530,1,9,0.0,ref
531,1,9,0.0,gen
532,1,10,0.0,ref
533,1,10,0.0,gen
534,1,11,0.0,ref
535,1,11,0.0,gen
536,1,12,0.0,ref
537,1,12,0.0,gen
538,1,13,0.0,ref
539,1,13,0.0,gen
540,1,14,0.0,ref
541,1,14,0.0,gen
542,1,15,0.024390243902439025,ref
543,1,15,0.0,gen
544,1,16,0.0,ref
545,1,16,0.0,gen
546,1,17,0.024390243902439025,ref
547,1,17,0.0,gen
548,1,18,0.0,ref
549,1,18,0.0,gen
550,1,19,0.0,ref
551,1,19,0.0,gen
552,1,20,0.0,ref
553,1,20,0.0,gen
554,1,21,0.0,ref
555,1,21,0.0,gen
556,1,22,0.0,ref
557,1,22,0.0,gen
558,1,23,0.0,ref
559,1,23,0.0,gen
560,1,24,0.0,ref
561,1,24,0.0,gen
562,1,25,0.0,ref
563,1,25,0.0,gen
564,1,26,0.0,ref
565,1,26,0.0,gen
566,1,27,0.0,ref
567,1,27,0.0,gen
568,1,28,0.0,ref
569,1,28,0.0,gen
570,1,29,0.0,ref
571,1,29,0.0,gen
572,1,30,0.0,ref
573,1,30,0.0,gen
574,1,31,0.0,ref
575,1,31,0.0,gen
576,1,32,0.0,ref
577,1,32,0.0,gen
578,1,33,0.0,ref
579,1,33,0.0,gen
580,1,34,0.0,ref
581,1,34,0.0,gen
582,1,35,0.0,ref
583,1,35,0.0,gen
584,1,36,0.0,ref
585,1,36,0.0,gen
586,1,37,0.0,ref
587,1,37,0.0,gen
588,1,38,0.0,ref
589,1,38,0.0,gen
590,1,39,0.0,ref
591,1,39,0.0,gen
592,1,40,0.0,ref
593,1,40,0.0,gen
594,1,41,0.0,ref
595,1,41,0.0,gen
596,1,42,0.0,ref
597,1,42,0.0,gen
598,1,43,0.0,ref
599,1,43,0.0,gen
600,1,44,0.0,ref
601,1,44,0.0,gen
602,1,45,0.0,ref
603,1,45,0.0,gen
604,1,46,0.0,ref
605,1,46,0.0,gen
606,1,47,0.0,ref
607,1,47,0.0,gen
608,1,48,0.0,ref
609,1,48,0.037037037037037035,gen
610,1,49,0.024390243902439025,ref
611,1,49,0.0,gen
612,1,50,0.0,ref
613,1,50,0.037037037037037035,gen
614,1,51,0.024390243902439025,ref
615,1,51,0.0,gen
616,1,52,0.0,ref
617,1,52,0.0,gen
618,1,53,0.0,ref
619,1,53,0.0,gen
620,1,54,0.0,ref
621,1,54,0.0,gen
622,1,55,0.0,ref
623,1,55,0.0,gen
624,1,56,0.0,ref
625,1,56,0.0,gen
626,1,57,0.0,ref
627,1,57,0.0,gen
628,1,58,0.0,ref
629,1,58,0.0,gen
630,1,59,0.0,ref
631,1,59,0.0,gen
632,1,60,0.0,ref
633,1,60,0.0,gen
634,1,61,0.0,ref
635,1,61,0.0,gen
636,1,62,0.0,ref
637,1,62,0.0,gen
638,1,63,0.0,ref
639,1,63,0.0,gen
640,1,64,0.0,ref
641,1,64,0.0,gen
642,1,65,0.0,ref
643,1,65,0.0,gen
644,1,66,0.0,ref
645,1,66,0.0,gen
646,1,67,0.0,ref
647,1,67,0.0,gen
648,1,68,0.0,ref
649,1,68,0.0,gen
650,1,69,0.0,ref
651,1,69,0.0,gen
652,1,70,0.0,ref
653,1,70,0.0,gen
654,1,71,0.0,ref
655,1,71,0.0,gen
656,1,72,0.0,ref
657,1,72,0.037037037037037035,gen
658,1,73,0.0,ref
659,1,73,0.0,gen
660,1,74,0.0,ref
661,1,74,0.0,gen
662,1,75,0.0,ref
663,1,75,0.0,gen
664,1,76,0.0,ref
665,1,76,0.0,gen
666,1,77,0.0,ref
667,1,77,0.0,gen
668,1,78,0.0,ref
669,1,78,0.0,gen
670,1,79,0.0,ref
671,1,79,0.0,gen
672,1,80,0.0,ref
673,1,80,0.0,gen
674,1,81,0.0,ref
675,1,81,0.0,gen
676,1,82,0.0,ref
677,1,82,0.0,gen
678,1,83,0.0,ref
679,1,83,0.0,gen
680,1,84,0.0,ref
681,1,84,0.0,gen
682,1,85,0.0,ref
683,1,85,0.0,gen
684,1,86,0.0,ref
685,1,86,0.0,gen
686,1,87,0.0,ref
687,1,87,0.0,gen
688,1,88,0.0,ref
689,1,88,0.0,gen
690,1,89,0.0,ref
691,1,89,0.0,gen
692,1,90,0.0,ref
693,1,90,0.0,gen
694,1,91,0.0,ref
695,1,91,0.0,gen
696,1,92,0.0,ref
697,1,92,0.0,gen
698,1,93,0.0,ref
699,1,93,0.0,gen
700,1,94,0.0,ref
701,1,94,0.0,gen
702,1,95,0.0,ref
703,1,95,0.0,gen
704,1,96,0.0,ref
705,1,96,0.0,gen
706,1,97,0.0,ref
707,1,97,0.0,gen
708,1,98,0.0,ref
709,1,98,0.0,gen
710,1,99,0.0,ref
711,1,99,0.0,gen
712,1,100,0.0,ref
713,1,100,0.0,gen
714,1,101,0.0,ref
715,1,101,0.0,gen
716,1,102,0.0,ref
717,1,102,0.0,gen
718,1,103,0.0,ref
719,1,103,0.0,gen
720,1,104,0.0,ref
721,1,104,0.0,gen
722,1,105,0.0,ref
723,1,105,0.0,gen
724,1,106,0.0,ref
725,1,106,0.0,gen
726,1,107,0.0,ref
727,1,107,0.0,gen
728,1,108,0.0,ref
729,1,108,0.0,gen
730,1,109,0.0,ref
731,1,109,0.0,gen
732,1,110,0.0,ref
733,1,110,0.0,gen
734,1,111,0.0,ref
735,1,111,0.0,gen
736,1,112,0.0,ref
737,1,112,0.0,gen
738,1,113,0.0,ref
739,1,113,0.0,gen
740,1,114,0.0,ref
741,1,114,0.0,gen
742,1,115,0.0,ref
743,1,115,0.0,gen
744,1,116,0.0,ref
745,1,116,0.0,gen
746,1,117,0.0,ref
747,1,117,0.0,gen
748,1,118,0.0,ref
749,1,118,0.0,gen
750,1,119,0.0,ref
751,1,119,0.0,gen
752,1,120,0.0,ref
753,1,120,0.0,gen
754,1,121,0.024390243902439025,ref
755,1,121,0.0,gen
756,1,122,0.0,ref
757,1,122,0.0,gen
758,1,123,0.0,ref
759,1,123,0.0,gen
760,1,124,0.0,ref
761,1,124,0.0,gen
762,1,125,0.0,ref
763,1,125,0.0,gen
764,1,126,0.0,ref
765,1,126,0.0,gen
766,1,127,0.0,ref
767,1,127,0.0,gen
768,1,128,0.0,ref
769,1,128,0.0,gen
770,1,129,0.0,ref
771,1,129,0.0,gen
772,1,130,0.0,ref
773,1,130,0.0,gen
774,1,131,0.0,ref
775,1,131,0.0,gen
776,1,132,0.0,ref
777,1,132,0.0,gen
778,1,133,0.0,ref
779,1,133,0.0,gen
780,1,134,0.0,ref
781,1,134,0.0,gen
782,1,135,0.0,ref
783,1,135,0.0,gen
784,1,136,0.0,ref
785,1,136,0.0,gen
786,1,137,0.0,ref
787,1,137,0.0,gen
788,1,138,0.0,ref
789,1,138,0.0,gen
790,1,139,0.0,ref
791,1,139,0.0,gen
792,1,140,0.0,ref
793,1,140,0.0,gen
794,1,141,0.0,ref
795,1,141,0.0,gen
796,1,142,0.0,ref
797,1,142,0.0,gen
798,1,143,0.0,ref
799,1,143,0.0,gen
800,1,144,0.0,ref
801,1,144,0.0,gen
802,1,145,0.0,ref
803,1,145,0.0,gen
804,1,146,0.0,ref
805,1,146,0.0,gen
806,1,147,0.0,ref
807,1,147,0.0,gen
808,1,148,0.0,ref
809,1,148,0.0,gen
810,1,149,0.0,ref
811,1,149,0.0,gen
812,1,150,0.0,ref
813,1,150,0.0,gen
814,1,151,0.0,ref
815,1,151,0.0,gen
816,1,152,0.024390243902439025,ref
817,1,152,0.037037037037037035,gen
818,1,153,0.0,ref
819,1,153,0.0,gen
820,1,154,0.0,ref
821,1,154,0.0,gen
822,1,155,0.0,ref
823,1,155,0.0,gen
824,1,156,0.0,ref
825,1,156,0.0,gen
826,1,157,0.024390243902439025,ref
827,1,157,0.0,gen
828,1,158,0.0,ref
829,1,158,0.0,gen
830,1,159,0.0,ref
831,1,159,0.0,gen
832,1,160,0.0,ref
833,1,160,0.0,gen
834,1,161,0.0,ref
835,1,161,0.0,gen
836,1,162,0.0,ref
837,1,162,0.0,gen
838,1,163,0.0,ref
839,1,163,0.0,gen
840,1,164,0.0,ref
841,1,164,0.0,gen
842,1,165,0.0,ref
843,1,165,0.0,gen
844,1,166,0.0,ref
845,1,166,0.0,gen
846,1,167,0.0,ref
847,1,167,0.0,gen
848,1,168,0.0,ref
849,1,168,0.0,gen
850,1,169,0.024390243902439025,ref
851,1,169,0.0,gen
852,1,170,0.0,ref
853,1,170,0.0,gen
854,1,171,0.0,ref
855,1,171,0.0,gen
856,1,172,0.0,ref
857,1,172,0.0,gen
858,1,173,0.0,ref
859,1,173,0.0,gen
860,1,174,0.0,ref
861,1,174,0.0,gen
862,1,175,0.0,ref
863,1,175,0.0,gen
864,1,176,0.0,ref
865,1,176,0.0,gen
866,1,177,0.0,ref
867,1,177,0.0,gen
868,1,178,0.0,ref
869,1,178,0.0,gen
870,1,179,0.0,ref
871,1,179,0.0,gen
872,1,180,0.0,ref
873,1,180,0.0,gen
874,1,181,0.0,ref
875,1,181,0.0,gen
876,1,182,0.0,ref
877,1,182,0.0,gen
878,1,183,0.0,ref
879,1,183,0.0,gen
880,1,184,0.0,ref
881,1,184,0.0,gen
882,1,185,0.0,ref
883,1,185,0.0,gen
884,1,186,0.0,ref
885,1,186,0.0,gen
886,1,187,0.0,ref
887,1,187,0.0,gen
888,1,188,0.0,ref
889,1,188,0.0,gen
890,1,189,0.0,ref
891,1,189,0.0,gen
892,1,190,0.0,ref
893,1,190,0.0,gen
894,1,191,0.0,ref
895,1,191,0.0,gen
896,1,192,0.0,ref
897,1,192,0.0,gen
898,1,193,0.0,ref
899,1,193,0.0,gen
900,1,194,0.0,ref
901,1,194,0.0,gen
902,1,195,0.0,ref
903,1,195,0.0,gen
904,1,196,0.0,ref
905,1,196,0.0,gen
906,1,197,0.0,ref
907,1,197,0.0,gen
908,1,198,0.0,ref
909,1,198,0.0,gen
910,1,199,0.0,ref
911,1,199,0.0,gen
912,1,200,0.0,ref
913,1,200,0.0,gen
914,1,201,0.0,ref
915,1,201,0.0,gen
916,1,202,0.0,ref
917,1,202,0.0,gen
918,1,203,0.0,ref
919,1,203,0.0,gen
920,1,204,0.0,ref
921,1,204,0.0,gen
922,1,205,0.0,ref
923,1,205,0.0,gen
924,1,206,0.0,ref
925,1,206,0.0,gen
926,1,207,0.0,ref
927,1,207,0.0,gen
928,1,208,0.0,ref
929,1,208,0.0,gen
930,1,209,0.0,ref
931,1,209,0.0,gen
932,1,210,0.0,ref
933,1,210,0.0,gen
934,1,211,0.0,ref
935,1,211,0.0,gen
936,1,212,0.0,ref
937,1,212,0.0,gen
938,1,213,0.0,ref
939,1,213,0.0,gen
940,1,214,0.0,ref
941,1,214,0.0,gen
942,1,215,0.0,ref
943,1,215,0.0,gen
944,1,216,0.0,ref
945,1,216,0.0,gen
946,1,217,0.0,ref
947,1,217,0.0,gen
948,1,218,0.0,ref
949,1,218,0.0,gen
950,1,219,0.0,ref
951,1,219,0.0,gen
952,1,220,0.0,ref
953,1,220,0.0,gen
954,1,221,0.0,ref
955,1,221,0.0,gen
956,1,222,0.0,ref
957,1,222,0.0,gen
958,1,223,0.0,ref
959,1,223,0.0,gen
960,1,224,0.0,ref
961,1,224,0.0,gen
962,1,225,0.0,ref
963,1,225,0.0,gen
964,1,226,0.0,ref
965,1,226,0.0,gen
966,1,227,0.0,ref
967,1,227,0.0,gen
968,1,228,0.0,ref
969,1,228,0.0,gen
970,1,229,0.0,ref
971,1,229,0.0,gen
972,1,230,0.0,ref
973,1,230,0.0,gen
974,1,231,0.0,ref
975,1,231,0.0,gen
976,1,232,0.0,ref
977,1,232,0.0,gen
978,1,233,0.0,ref
979,1,233,0.0,gen
980,1,234,0.0,ref
981,1,234,0.0,gen
982,1,235,0.0,ref
983,1,235,0.0,gen
984,1,236,0.0,ref
985,1,236,0.0,gen
986,1,237,0.0,ref
987,1,237,0.0,gen
988,1,238,0.0,ref
989,1,238,0.037037037037037035,gen
990,1,239,0.0,ref
991,1,239,0.0,gen
992,1,240,0.0,ref
993,1,240,0.0,gen
994,1,241,0.0,ref
995,1,241,0.0,gen
996,1,242,0.0,ref
997,1,242,0.0,gen
998,1,243,0.0,ref
999,1,243,0.0,gen
1000,1,244,0.0,ref
1001,1,244,0.0,gen
1002,1,245,0.0,ref
1003,1,245,0.0,gen
1004,1,246,0.0,ref
1005,1,246,0.0,gen
1006,1,247,0.0,ref
1007,1,247,0.0,gen
1008,1,248,0.0,ref
1009,1,248,0.0,gen
1010,1,249,0.0,ref
1011,1,249,0.0,gen
1012,1,250,0.0,ref
1013,1,250,0.0,gen
1014,1,251,0.0,ref
1015,1,251,0.0,gen
1016,1,252,0.0,ref
1017,1,252,0.0,gen
1018,1,253,0.0,ref
1019,1,253,0.0,gen
1020,1,254,0.0,ref
1021,1,254,0.0,gen
1022,1,255,0.0,ref
1023,1,255,0.0,gen
1024,2,0,0.0,ref
1025,2,0,0.0,gen
1026,2,1,0.0,ref
1027,2,1,0.0,gen
1028,2,2,0.0,ref
1029,2,2,0.0,gen
1030,2,3,0.0,ref
1031,2,3,0.0,gen
1032,2,4,0.0,ref
1033,2,4,0.0,gen
1034,2,5,0.0,ref
1035,2,5,0.0,gen
1036,2,6,0.0,ref
1037,2,6,0.0,gen
1038,2,7,0.0,ref
1039,2,7,0.0,gen
1040,2,8,0.0,ref
1041,2,8,0.0,gen
1042,2,9,0.0,ref
1043,2,9,0.0,gen
1044,2,10,0.0,ref
1045,2,10,0.0,gen
1046,2,11,0.0,ref
1047,2,11,0.0,gen
1048,2,12,0.0,ref
1049,2,12,0.0,gen
1050,2,13,0.0,ref
1051,2,13,0.0,gen
1052,2,14,0.0,ref
1053,2,14,0.0,gen
1054,2,15,0.0,ref
1055,2,15,0.0,gen
1056,2,16,0.0,ref
1057,2,16,0.0,gen
1058,2,17,0.0,ref
1059,2,17,0.0,gen
1060,2,18,0.0,ref
1061,2,18,0.0,gen
1062,2,19,0.0,ref
1063,2,19,0.0,gen
1064,2,20,0.0,ref
1065,2,20,0.0,gen
1066,2,21,0.0,ref
1067,2,21,0.0,gen
1068,2,22,0.0,ref
1069,2,22,0.0,gen
1070,2,23,0.0,ref
1071,2,23,0.0,gen
1072,2,24,0.0,ref
1073,2,24,0.0,gen
1074,2,25,0.0,ref
1075,2,25,0.0,gen
1076,2,26,0.0,ref
1077,2,26,0.0,gen
1078,2,27,0.0,ref
1079,2,27,0.0,gen
1080,2,28,0.0,ref
1081,2,28,0.0,gen
1082,2,29,0.0,ref
1083,2,29,0.0,gen
1084,2,30,0.0,ref
1085,2,30,0.0,gen
1086,2,31,0.0,ref
1087,2,31,0.0,gen
1088,2,32,0.0,ref
1089,2,32,0.0,gen
1090,2,33,0.0,ref
1091,2,33,0.0,gen
1092,2,34,0.0,ref
1093,2,34,0.0,gen
1094,2,35,0.0,ref
1095,2,35,0.0,gen
1096,2,36,0.0,ref
1097,2,36,0.0,gen
1098,2,37,0.0,ref
1099,2,37,0.0,gen
1100,2,38,0.0,ref
1101,2,38,0.0,gen
1102,2,39,0.0,ref
1103,2,39,0.0,gen
1104,2,40,0.0,ref
1105,2,40,0.0,gen
1106,2,41,0.0,ref
1107,2,41,0.0,gen
1108,2,42,0.0,ref
1109,2,42,0.0,gen
1110,2,43,0.0,ref
1111,2,43,0.0,gen
1112,2,44,0.0,ref
1113,2,44,0.0,gen
1114,2,45,0.0,ref
1115,2,45,0.0,gen
1116,2,46,0.0,ref
1117,2,46,0.0,gen
1118,2,47,0.0,ref
1119,2,47,0.0,gen
1120,2,48,0.0,ref
1121,2,48,0.0,gen
1122,2,49,0.0,ref
1123,2,49,0.0,gen
1124,2,50,0.0,ref
1125,2,50,0.0,gen
1126,2,51,0.0,ref
1127,2,51,0.0,gen
1128,2,52,0.0,ref
1129,2,52,0.0,gen
1130,2,53,0.0,ref
1131,2,53,0.0,gen
1132,2,54,0.0,ref
1133,2,54,0.0,gen
1134,2,55,0.0,ref
1135,2,55,0.0,gen
1136,2,56,0.0,ref
1137,2,56,0.0,gen
1138,2,57,0.0,ref
1139,2,57,0.0,gen
1140,2,58,0.0,ref
1141,2,58,0.0,gen
1142,2,59,0.0,ref
1143,2,59,0.0,gen
1144,2,60,0.0,ref
1145,2,60,0.0,gen
1146,2,61,0.0,ref
1147,2,61,0.023809523809523808,gen
1148,2,62,0.0,ref
1149,2,62,0.0,gen
1150,2,63,0.0,ref
1151,2,63,0.0,gen
1152,2,64,0.0,ref
1153,2,64,0.0,gen
1154,2,65,0.0,ref
1155,2,65,0.0,gen
1156,2,66,0.0,ref
1157,2,66,0.0,gen
1158,2,67,0.0,ref
1159,2,67,0.0,gen
1160,2,68,0.0,ref
1161,2,68,0.0,gen
1162,2,69,0.0,ref
1163,2,69,0.0,gen
1164,2,70,0.0,ref
1165,2,70,0.0,gen
1166,2,71,0.0,ref
1167,2,71,0.0,gen
1168,2,72,0.0,ref
1169,2,72,0.0,gen
1170,2,73,0.0,ref
1171,2,73,0.0,gen
1172,2,74,0.0,ref
1173,2,74,0.0,gen
1174,2,75,0.0,ref
1175,2,75,0.0,gen
1176,2,76,0.0,ref
1177,2,76,0.023809523809523808,gen
1178,2,77,0.02702702702702703,ref
1179,2,77,0.0,gen
1180,2,78,0.0,ref
1181,2,78,0.0,gen
1182,2,79,0.0,ref
1183,2,79,0.023809523809523808,gen
1184,2,80,0.0,ref
1185,2,80,0.0,gen
1186,2,81,0.0,ref
1187,2,81,0.0,gen
1188,2,82,0.0,ref
1189,2,82,0.0,gen
1190,2,83,0.0,ref
1191,2,83,0.0,gen
1192,2,84,0.0,ref
1193,2,84,0.0,gen
1194,2,85,0.0,ref
1195,2,85,0.0,gen
1196,2,86,0.0,ref
1197,2,86,0.0,gen
1198,2,87,0.0,ref
1199,2,87,0.0,gen
1200,2,88,0.0,ref
1201,2,88,0.0,gen
1202,2,89,0.0,ref
1203,2,89,0.0,gen
1204,2,90,0.0,ref
1205,2,90,0.0,gen
1206,2,91,0.0,ref
1207,2,91,0.0,gen
1208,2,92,0.0,ref
1209,2,92,0.0,gen
1210,2,93,0.0,ref
1211,2,93,0.0,gen
1212,2,94,0.0,ref
1213,2,94,0.0,gen
1214,2,95,0.0,ref
1215,2,95,0.0,gen
1216,2,96,0.0,ref
1217,2,96,0.0,gen
1218,2,97,0.0,ref
1219,2,97,0.0,gen
1220,2,98,0.0,ref
1221,2,98,0.0,gen
1222,2,99,0.0,ref
1223,2,99,0.0,gen
1224,2,100,0.0,ref
1225,2,100,0.0,gen
1226,2,101,0.0,ref
1227,2,101,0.0,gen
1228,2,102,0.0,ref
1229,2,102,0.0,gen
1230,2,103,0.0,ref
1231,2,103,0.0,gen
1232,2,104,0.0,ref
1233,2,104,0.0,gen
1234,2,105,0.0,ref
1235,2,105,0.0,gen
1236,2,106,0.0,ref
1237,2,106,0.0,gen
1238,2,107,0.0,ref
1239,2,107,0.0,gen
1240,2,108,0.0,ref
1241,2,108,0.0,gen
1242,2,109,0.0,ref
1243,2,109,0.0,gen
1244,2,110,0.0,ref
1245,2,110,0.0,gen
1246,2,111,0.0,ref
1247,2,111,0.0,gen
1248,2,112,0.0,ref
1249,2,112,0.0,gen
1250,2,113,0.0,ref
1251,2,113,0.023809523809523808,gen
1252,2,114,0.0,ref
1253,2,114,0.0,gen
1254,2,115,0.0,ref
1255,2,115,0.0,gen
1256,2,116,0.0,ref
1257,2,116,0.0,gen
1258,2,117,0.0,ref
1259,2,117,0.0,gen
1260,2,118,0.0,ref
1261,2,118,0.0,gen
1262,2,119,0.0,ref
1263,2,119,0.0,gen
1264,2,120,0.0,ref
1265,2,120,0.0,gen
1266,2,121,0.0,ref
1267,2,121,0.0,gen
1268,2,122,0.0,ref
1269,2,122,0.0,gen
1270,2,123,0.0,ref
1271,2,123,0.0,gen
1272,2,124,0.0,ref
1273,2,124,0.0,gen
1274,2,125,0.0,ref
1275,2,125,0.0,gen
1276,2,126,0.0,ref
1277,2,126,0.0,gen
1278,2,127,0.0,ref
1279,2,127,0.0,gen
1280,2,128,0.0,ref
1281,2,128,0.0,gen
1282,2,129,0.0,ref
1283,2,129,0.0,gen
1284,2,130,0.0,ref
1285,2,130,0.0,gen
1286,2,131,0.0,ref
1287,2,131,0.0,gen
1288,2,132,0.0,ref
1289,2,132,0.0,gen
1290,2,133,0.0,ref
1291,2,133,0.0,gen
1292,2,134,0.0,ref
1293,2,134,0.0,gen
1294,2,135,0.0,ref
1295,2,135,0.0,gen
1296,2,136,0.0,ref
1297,2,136,0.0,gen
1298,2,137,0.0,ref
1299,2,137,0.0,gen
1300,2,138,0.0,ref
1301,2,138,0.0,gen
1302,2,139,0.0,ref
1303,2,139,0.0,gen
1304,2,140,0.0,ref
1305,2,140,0.0,gen
1306,2,141,0.0,ref
1307,2,141,0.023809523809523808,gen
1308,2,142,0.0,ref
1309,2,142,0.0,gen
1310,2,143,0.0,ref
1311,2,143,0.0,gen
1312,2,144,0.0,ref
1313,2,144,0.0,gen
1314,2,145,0.0,ref
1315,2,145,0.0,gen
1316,2,146,0.0,ref
1317,2,146,0.0,gen
1318,2,147,0.0,ref
1319,2,147,0.0,gen
1320,2,148,0.0,ref
1321,2,148,0.0,gen
1322,2,149,0.0,ref
1323,2,149,0.0,gen
1324,2,150,0.0,ref
1325,2,150,0.0,gen
1326,2,151,0.0,ref
1327,2,151,0.0,gen
1328,2,152,0.0,ref
1329,2,152,0.0,gen
1330,2,153,0.0,ref
1331,2,153,0.0,gen
1332,2,154,0.0,ref
1333,2,154,0.0,gen
1334,2,155,0.0,ref
1335,2,155,0.0,gen
1336,2,156,0.0,ref
1337,2,156,0.0,gen
1338,2,157,0.0,ref
1339,2,157,0.0,gen
1340,2,158,0.0,ref
1341,2,158,0.0,gen
1342,2,159,0.0,ref
1343,2,159,0.0,gen
1344,2,160,0.0,ref
1345,2,160,0.0,gen
1346,2,161,0.0,ref
1347,2,161,0.0,gen
1348,2,162,0.0,ref
1349,2,162,0.0,gen
1350,2,163,0.0,ref
1351,2,163,0.0,gen
1352,2,164,0.0,ref
1353,2,164,0.0,gen
1354,2,165,0.0,ref
1355,2,165,0.0,gen
1356,2,166,0.02702702702702703,ref
1357,2,166,0.0,gen
1358,2,167,0.0,ref
1359,2,167,0.0,gen
1360,2,168,0.0,ref
1361,2,168,0.0,gen
1362,2,169,0.0,ref
1363,2,169,0.0,gen
1364,2,170,0.0,ref
1365,2,170,0.0,gen
1366,2,171,0.0,ref
1367,2,171,0.0,gen
1368,2,172,0.0,ref
1369,2,172,0.0,gen
1370,2,173,0.0,ref
1371,2,173,0.0,gen
1372,2,174,0.0,ref
1373,2,174,0.0,gen
1374,2,175,0.0,ref
1375,2,175,0.0,gen
1376,2,176,0.0,ref
1377,2,176,0.0,gen
1378,2,177,0.0,ref
1379,2,177,0.0,gen
1380,2,178,0.0,ref
1381,2,178,0.023809523809523808,gen
1382,2,179,0.0,ref
1383,2,179,0.0,gen
1384,2,180,0.0,ref
1385,2,180,0.0,gen
1386,2,181,0.0,ref
1387,2,181,0.0,gen
1388,2,182,0.0,ref
1389,2,182,0.0,gen
1390,2,183,0.0,ref
1391,2,183,0.0,gen
1392,2,184,0.0,ref
1393,2,184,0.0,gen
1394,2,185,0.0,ref
1395,2,185,0.0,gen
1396,2,186,0.0,ref
1397,2,186,0.0,gen
1398,2,187,0.0,ref
1399,2,187,0.0,gen
1400,2,188,0.0,ref
1401,2,188,0.0,gen
1402,2,189,0.0,ref
1403,2,189,0.0,gen
1404,2,190,0.0,ref
1405,2,190,0.0,gen
1406,2,191,0.0,ref
1407,2,191,0.0,gen
1408,2,192,0.0,ref
1409,2,192,0.0,gen
1410,2,193,0.0,ref
1411,2,193,0.0,gen
1412,2,194,0.0,ref
1413,2,194,0.0,gen
1414,2,195,0.02702702702702703,ref
1415,2,195,0.0,gen
1416,2,196,0.0,ref
1417,2,196,0.0,gen
1418,2,197,0.0,ref
1419,2,197,0.0,gen
1420,2,198,0.0,ref
1421,2,198,0.0,gen
1422,2,199,0.0,ref
1423,2,199,0.0,gen
1424,2,200,0.0,ref
1425,2,200,0.0,gen
1426,2,201,0.0,ref
1427,2,201,0.0,gen
1428,2,202,0.0,ref
1429,2,202,0.0,gen
1430,2,203,0.0,ref
1431,2,203,0.0,gen
1432,2,204,0.0,ref
1433,2,204,0.0,gen
1434,2,205,0.0,ref
1435,2,205,0.0,gen
1436,2,206,0.0,ref
1437,2,206,0.0,gen
1438,2,207,0.0,ref
1439,2,207,0.0,gen
1440,2,208,0.0,ref
1441,2,208,0.0,gen
1442,2,209,0.0,ref
1443,2,209,0.0,gen
1444,2,210,0.0,ref
1445,2,210,0.0,gen
1446,2,211,0.0,ref
1447,2,211,0.0,gen
1448,2,212,0.0,ref
1449,2,212,0.0,gen
1450,2,213,0.0,ref
1451,2,213,0.0,gen
1452,2,214,0.0,ref
1453,2,214,0.0,gen
1454,2,215,0.0,ref
1455,2,215,0.0,gen
1456,2,216,0.0,ref
1457,2,216,0.0,gen
1458,2,217,0.0,ref
1459,2,217,0.0,gen
1460,2,218,0.0,ref
1461,2,218,0.0,gen
1462,2,219,0.0,ref
1463,2,219,0.023809523809523808,gen
1464,2,220,0.0,ref
1465,2,220,0.0,gen
1466,2,221,0.0,ref
1467,2,221,0.0,gen
1468,2,222,0.0,ref
1469,2,222,0.0,gen
1470,2,223,0.0,ref
1471,2,223,0.0,gen
1472,2,224,0.0,ref
1473,2,224,0.0,gen
1474,2,225,0.0,ref
1475,2,225,0.0,gen
1476,2,226,0.0,ref
1477,2,226,0.0,gen
1478,2,227,0.0,ref
1479,2,227,0.0,gen
1480,2,228,0.0,ref
1481,2,228,0.0,gen
1482,2,229,0.0,ref
1483,2,229,0.0,gen
1484,2,230,0.0,ref
1485,2,230,0.0,gen
1486,2,231,0.0,ref
1487,2,231,0.0,gen
1488,2,232,0.0,ref
1489,2,232,0.0,gen
1490,2,233,0.0,ref
1491,2,233,0.0,gen
1492,2,234,0.0,ref
1493,2,234,0.0,gen
1494,2,235,0.0,ref
1495,2,235,0.0,gen
1496,2,236,0.0,ref
1497,2,236,0.0,gen
1498,2,237,0.0,ref
1499,2,237,0.0,gen
1500,2,238,0.0,ref
1501,2,238,0.0,gen
1502,2,239,0.0,ref
1503,2,239,0.0,gen
1504,2,240,0.0,ref
1505,2,240,0.0,gen
1506,2,241,0.0,ref
1507,2,241,0.0,gen
1508,2,242,0.0,ref
1509,2,242,0.0,gen
1510,2,243,0.0,ref
1511,2,243,0.0,gen
1512,2,244,0.0,ref
1513,2,244,0.0,gen
1514,2,245,0.0,ref
1515,2,245,0.0,gen
1516,2,246,0.0,ref
1517,2,246,0.0,gen
1518,2,247,0.0,ref
1519,2,247,0.0,gen
1520,2,248,0.0,ref
1521,2,248,0.0,gen
1522,2,249,0.0,ref
1523,2,249,0.0,gen
1524,2,250,0.0,ref
1525,2,250,0.0,gen
1526,2,251,0.0,ref
1527,2,251,0.0,gen
1528,2,252,0.0,ref
1529,2,252,0.0,gen
1530,2,253,0.0,ref
1531,2,253,0.0,gen
1532,2,254,0.0,ref
1533,2,254,0.0,gen
1534,2,255,0.0,ref
1535,2,255,0.0,gen
1536,3,0,0.0,ref
1537,3,0,0.0,gen
1538,3,1,0.0,ref
1539,3,1,0.0,gen
1540,3,2,0.0,ref
1541,3,2,0.0,gen
1542,3,3,0.0,ref
1543,3,3,0.0,gen
1544,3,4,0.0,ref
1545,3,4,0.0,gen
1546,3,5,0.0,ref
1547,3,5,0.0,gen
1548,3,6,0.0,ref
1549,3,6,0.0125,gen
1550,3,7,0.0,ref
1551,3,7,0.0,gen
1552,3,8,0.0,ref
1553,3,8,0.0,gen
1554,3,9,0.0,ref
1555,3,9,0.0,gen
1556,3,10,0.0,ref
1557,3,10,0.0,gen
1558,3,11,0.0,ref
1559,3,11,0.0,gen
1560,3,12,0.0,ref
1561,3,12,0.0,gen
1562,3,13,0.0,ref
1563,3,13,0.0,gen
1564,3,14,0.0,ref
1565,3,14,0.0,gen
1566,3,15,0.0,ref
1567,3,15,0.0,gen
1568,3,16,0.0,ref
1569,3,16,0.0,gen
1570,3,17,0.0,ref
1571,3,17,0.0,gen
1572,3,18,0.0,ref
1573,3,18,0.0125,gen
1574,3,19,0.0,ref
1575,3,19,0.0,gen
1576,3,20,0.0,ref
1577,3,20,0.0,gen
1578,3,21,0.0,ref
1579,3,21,0.0,gen
1580,3,22,0.0,ref
1581,3,22,0.0,gen
1582,3,23,0.0,ref
1583,3,23,0.0,gen
1584,3,24,0.0,ref
1585,3,24,0.0,gen
1586,3,25,0.0,ref
1587,3,25,0.0,gen
1588,3,26,0.0,ref
1589,3,26,0.0,gen
1590,3,27,0.011494252873563218,ref
1591,3,27,0.0,gen
1592,3,28,0.0,ref
1593,3,28,0.0,gen
1594,3,29,0.0,ref
1595,3,29,0.0,gen
1596,3,30,0.0,ref
1597,3,30,0.0,gen
1598,3,31,0.0,ref
1599,3,31,0.0,gen
1600,3,32,0.0,ref
1601,3,32,0.0,gen
1602,3,33,0.0,ref
1603,3,33,0.0,gen
1604,3,34,0.0,ref
1605,3,34,0.0,gen
1606,3,35,0.0,ref
1607,3,35,0.0,gen
1608,3,36,0.0,ref
1609,3,36,0.0,gen
1610,3,37,0.0,ref
1611,3,37,0.0,gen
1612,3,38,0.0,ref
1613,3,38,0.0125,gen
1614,3,39,0.0,ref
1615,3,39,0.0,gen
1616,3,40,0.0,ref
1617,3,40,0.0,gen
1618,3,41,0.0,ref
1619,3,41,0.0,gen
1620,3,42,0.0,ref
1621,3,42,0.0,gen
1622,3,43,0.0,ref
1623,3,43,0.0,gen
1624,3,44,0.0,ref
1625,3,44,0.0,gen
1626,3,45,0.0,ref
1627,3,45,0.0,gen
1628,3,46,0.0,ref
1629,3,46,0.0,gen
1630,3,47,0.0,ref
1631,3,47,0.0,gen
1632,3,48,0.0,ref
1633,3,48,0.0,gen
1634,3,49,0.0,ref
1635,3,49,0.0,gen
1636,3,50,0.0,ref
1637,3,50,0.0125,gen
1638,3,51,0.0,ref
1639,3,51,0.0,gen
1640,3,52,0.0,ref
1641,3,52,0.0,gen
1642,3,53,0.0,ref
1643,3,53,0.0,gen
1644,3,54,0.0,ref
1645,3,54,0.0,gen
1646,3,55,0.0,ref
1647,3,55,0.0,gen
1648,3,56,0.0,ref
1649,3,56,0.0,gen
1650,3,57,0.0,ref
1651,3,57,0.0,gen
1652,3,58,0.0,ref
1653,3,58,0.0,gen
1654,3,59,0.0,ref
1655,3,59,0.0,gen
1656,3,60,0.0,ref
1657,3,60,0.0,gen
1658,3,61,0.0,ref
1659,3,61,0.0,gen
1660,3,62,0.0,ref
1661,3,62,0.0,gen
1662,3,63,0.0,ref
1663,3,63,0.0,gen
1664,3,64,0.0,ref
1665,3,64,0.0,gen
1666,3,65,0.011494252873563218,ref
1667,3,65,0.0,gen
1668,3,66,0.0,ref
1669,3,66,0.0,gen
1670,3,67,0.011494252873563218,ref
1671,3,67,0.0,gen
1672,3,68,0.0,ref
1673,3,68,0.0,gen
1674,3,69,0.0,ref
1675,3,69,0.0,gen
1676,3,70,0.0,ref
1677,3,70,0.0,gen
1678,3,71,0.0,ref
1679,3,71,0.0,gen
1680,3,72,0.0,ref
1681,3,72,0.0,gen
1682,3,73,0.0,ref
1683,3,73,0.0,gen
1684,3,74,0.0,ref
1685,3,74,0.0,gen
1686,3,75,0.0,ref
1687,3,75,0.0,gen
1688,3,76,0.0,ref
1689,3,76,0.0,gen
1690,3,77,0.0,ref
1691,3,77,0.0,gen
1692,3,78,0.0,ref
1693,3,78,0.0,gen
1694,3,79,0.0,ref
1695,3,79,0.0,gen
1696,3,80,0.0,ref
1697,3,80,0.0,gen
1698,3,81,0.0,ref
1699,3,81,0.0,gen
1700,3,82,0.0,ref
1701,3,82,0.0,gen
1702,3,83,0.0,ref
1703,3,83,0.0,gen
1704,3,84,0.011494252873563218,ref
1705,3,84,0.0,gen
1706,3,85,0.0,ref
1707,3,85,0.0,gen
1708,3,86,0.0,ref
1709,3,86,0.0,gen
1710,3,87,0.0,ref
1711,3,87,0.0,gen
1712,3,88,0.0,ref
1713,3,88,0.0,gen
1714,3,89,0.0,ref
1715,3,89,0.0,gen
1716,3,90,0.0,ref
1717,3,90,0.0,gen
1718,3,91,0.0,ref
1719,3,91,0.0,gen
1720,3,92,0.0,ref
1721,3,92,0.0,gen
1722,3,93,0.0,ref
1723,3,93,0.0,gen
1724,3,94,0.0,ref
1725,3,94,0.0,gen
1726,3,95,0.011494252873563218,ref
1727,3,95,0.0,gen
1728,3,96,0.0,ref
1729,3,96,0.0,gen
1730,3,97,0.011494252873563218,ref
1731,3,97,0.0,gen
1732,3,98,0.0,ref
1733,3,98,0.0,gen
1734,3,99,0.0,ref
1735,3,99,0.0,gen
1736,3,100,0.0,ref
1737,3,100,0.0,gen
1738,3,101,0.0,ref
1739,3,101,0.0,gen
1740,3,102,0.0,ref
1741,3,102,0.0,gen
1742,3,103,0.0,ref
1743,3,103,0.0,gen
1744,3,104,0.0,ref
1745,3,104,0.0,gen
1746,3,105,0.0,ref
1747,3,105,0.0,gen
1748,3,106,0.0,ref
1749,3,106,0.0,gen
1750,3,107,0.0,ref
1751,3,107,0.0,gen
1752,3,108,0.0,ref
1753,3,108,0.0,gen
1754,3,109,0.0,ref
1755,3,109,0.0125,gen
1756,3,110,0.0,ref
1757,3,110,0.0,gen
1758,3,111,0.0,ref
1759,3,111,0.0,gen
1760,3,112,0.0,ref
1761,3,112,0.0,gen
1762,3,113,0.0,ref
1763,3,113,0.0,gen
1764,3,114,0.0,ref
1765,3,114,0.0,gen
1766,3,115,0.0,ref
1767,3,115,0.0,gen
1768,3,116,0.0,ref
1769,3,116,0.0,gen
1770,3,117,0.0,ref
1771,3,117,0.0,gen
1772,3,118,0.0,ref
1773,3,118,0.0,gen
1774,3,119,0.0,ref
1775,3,119,0.0,gen
1776,3,120,0.0,ref
1777,3,120,0.0,gen
1778,3,121,0.0,ref
1779,3,121,0.0,gen
1780,3,122,0.011494252873563218,ref
1781,3,122,0.0,gen
1782,3,123,0.0,ref
1783,3,123,0.0,gen
1784,3,124,0.0,ref
1785,3,124,0.0,gen
1786,3,125,0.0,ref
1787,3,125,0.0,gen
1788,3,126,0.0,ref
1789,3,126,0.0,gen
1790,3,127,0.0,ref
1791,3,127,0.0,gen
1792,3,128,0.0,ref
1793,3,128,0.0,gen
1794,3,129,0.0,ref
1795,3,129,0.0,gen
1796,3,130,0.0,ref
1797,3,130,0.0125,gen
1798,3,131,0.011494252873563218,ref
1799,3,131,0.0,gen
1800,3,132,0.0,ref
1801,3,132,0.0,gen
1802,3,133,0.0,ref
1803,3,133,0.0,gen
1804,3,134,0.011494252873563218,ref
1805,3,134,0.0,gen
1806,3,135,0.011494252873563218,ref
1807,3,135,0.0,gen
1808,3,136,0.0,ref
1809,3,136,0.0,gen
1810,3,137,0.0,ref
1811,3,137,0.0125,gen
1812,3,138,0.0,ref
1813,3,138,0.0,gen
1814,3,139,0.0,ref
1815,3,139,0.0,gen
1816,3,140,0.0,ref
1817,3,140,0.0125,gen
1818,3,141,0.0,ref
1819,3,141,0.0,gen
1820,3,142,0.0,ref
1821,3,142,0.0,gen
1822,3,143,0.0,ref
1823,3,143,0.0,gen
1824,3,144,0.0,ref
1825,3,144,0.0,gen
1826,3,145,0.0,ref
1827,3,145,0.0,gen
1828,3,146,0.0,ref
1829,3,146,0.0,gen
1830,3,147,0.0,ref
1831,3,147,0.0,gen
1832,3,148,0.0,ref
1833,3,148,0.0,gen
1834,3,149,0.0,ref
1835,3,149,0.0,gen
1836,3,150,0.0,ref
1837,3,150,0.0,gen
1838,3,151,0.0,ref
1839,3,151,0.0,gen
1840,3,152,0.0,ref
1841,3,152,0.0,gen
1842,3,153,0.0,ref
1843,3,153,0.0,gen
1844,3,154,0.0,ref
1845,3,154,0.0,gen
1846,3,155,0.0,ref
1847,3,155,0.0,gen
1848,3,156,0.0,ref
1849,3,156,0.0125,gen
1850,3,157,0.0,ref
1851,3,157,0.0,gen
1852,3,158,0.0,ref
1853,3,158,0.0,gen
1854,3,159,0.0,ref
1855,3,159,0.0,gen
1856,3,160,0.0,ref
1857,3,160,0.0,gen
1858,3,161,0.0,ref
1859,3,161,0.0,gen
1860,3,162,0.0,ref
1861,3,162,0.0,gen
1862,3,163,0.0,ref
1863,3,163,0.0,gen
1864,3,164,0.0,ref
1865,3,164,0.0,gen
1866,3,165,0.0,ref
1867,3,165,0.0,gen
1868,3,166,0.0,ref
1869,3,166,0.0,gen
1870,3,167,0.0,ref
1871,3,167,0.0,gen
1872,3,168,0.0,ref
1873,3,168,0.0,gen
1874,3,169,0.0,ref
1875,3,169,0.0,gen
1876,3,170,0.0,ref
1877,3,170,0.0,gen
1878,3,171,0.0,ref
1879,3,171,0.0,gen
1880,3,172,0.0,ref
1881,3,172,0.0,gen
1882,3,173,0.0,ref
1883,3,173,0.0,gen
1884,3,174,0.0,ref
1885,3,174,0.0,gen
1886,3,175,0.0,ref
1887,3,175,0.0,gen
1888,3,176,0.0,ref
1889,3,176,0.0,gen
1890,3,177,0.011494252873563218,ref
1891,3,177,0.0,gen
1892,3,178,0.0,ref
1893,3,178,0.0,gen
1894,3,179,0.0,ref
1895,3,179,0.0,gen
1896,3,180,0.0,ref
1897,3,180,0.0,gen
1898,3,181,0.0,ref
1899,3,181,0.0,gen
1900,3,182,0.0,ref
1901,3,182,0.0,gen
1902,3,183,0.0,ref
1903,3,183,0.0125,gen
1904,3,184,0.0,ref
1905,3,184,0.0,gen
1906,3,185,0.0,ref
1907,3,185,0.0,gen
1908,3,186,0.0,ref
1909,3,186,0.0,gen
1910,3,187,0.0,ref
1911,3,187,0.0,gen
1912,3,188,0.0,ref
1913,3,188,0.0,gen
1914,3,189,0.0,ref
1915,3,189,0.0,gen
1916,3,190,0.0,ref
1917,3,190,0.0125,gen
1918,3,191,0.0,ref
1919,3,191,0.0,gen
1920,3,192,0.0,ref
1921,3,192,0.0,gen
1922,3,193,0.0,ref
1923,3,193,0.0,gen
1924,3,194,0.0,ref
1925,3,194,0.0,gen
1926,3,195,0.0,ref
1927,3,195,0.0,gen
1928,3,196,0.0,ref
1929,3,196,0.0,gen
1930,3,197,0.0,ref
1931,3,197,0.0,gen
1932,3,198,0.0,ref
1933,3,198,0.0,gen
1934,3,199,0.0,ref
1935,3,199,0.0,gen
1936,3,200,0.0,ref
1937,3,200,0.0,gen
1938,3,201,0.0,ref
1939,3,201,0.0,gen
1940,3,202,0.0,ref
1941,3,202,0.0,gen
1942,3,203,0.0,ref
1943,3,203,0.0,gen
1944,3,204,0.0,ref
1945,3,204,0.0,gen
1946,3,205,0.0,ref
1947,3,205,0.0,gen
1948,3,206,0.0,ref
1949,3,206,0.0,gen
1950,3,207,0.0,ref
1951,3,207,0.0,gen
1952,3,208,0.0,ref
1953,3,208,0.0,gen
1954,3,209,0.0,ref
1955,3,209,0.0,gen
1956,3,210,0.0,ref
1957,3,210,0.0,gen
1958,3,211,0.0,ref
1959,3,211,0.0,gen
1960,3,212,0.0,ref
1961,3,212,0.0125,gen
1962,3,213,0.0,ref
1963,3,213,0.0125,gen
1964,3,214,0.0,ref
1965,3,214,0.0,gen
1966,3,215,0.0,ref
1967,3,215,0.0125,gen
1968,3,216,0.0,ref
1969,3,216,0.0,gen
1970,3,217,0.0,ref
1971,3,217,0.0,gen
1972,3,218,0.0,ref
1973,3,218,0.0,gen
1974,3,219,0.0,ref
1975,3,219,0.0,gen
1976,3,220,0.0,ref
1977,3,220,0.0,gen
1978,3,221,0.0,ref
1979,3,221,0.0,gen
1980,3,222,0.0,ref
1981,3,222,0.0,gen
1982,3,223,0.0,ref
1983,3,223,0.0,gen
1984,3,224,0.011494252873563218,ref
1985,3,224,0.0,gen
1986,3,225,0.0,ref
1987,3,225,0.0,gen
1988,3,226,0.0,ref
1989,3,226,0.0,gen
1990,3,227,0.0,ref
1991,3,227,0.0,gen
1992,3,228,0.0,ref
1993,3,228,0.0,gen
1994,3,229,0.0,ref
1995,3,229,0.0,gen
1996,3,230,0.0,ref
1997,3,230,0.0,gen
1998,3,231,0.011494252873563218,ref
1999,3,231,0.0,gen
2000,3,232,0.0,ref
2001,3,232,0.0,gen
2002,3,233,0.0,ref
2003,3,233,0.0,gen
2004,3,234,0.0,ref
2005,3,234,0.0,gen
2006,3,235,0.0,ref
2007,3,235,0.0,gen
2008,3,236,0.0,ref
2009,3,236,0.0,gen
2010,3,237,0.0,ref
2011,3,237,0.0,gen
2012,3,238,0.0,ref
2013,3,238,0.0,gen
2014,3,239,0.0,ref
2015,3,239,0.0,gen
2016,3,240,0.0,ref
2017,3,240,0.0,gen
2018,3,241,0.0,ref
2019,3,241,0.0,gen
2020,3,242,0.0,ref
2021,3,242,0.0,gen
2022,3,243,0.0,ref
2023,3,243,0.0,gen
2024,3,244,0.0,ref
2025,3,244,0.0,gen
2026,3,245,0.0,ref
2027,3,245,0.0,gen
2028,3,246,0.0,ref
2029,3,246,0.0,gen
2030,3,247,0.0,ref
2031,3,247,0.0,gen
2032,3,248,0.0,ref
2033,3,248,0.0,gen
2034,3,249,0.0,ref
2035,3,249,0.0,gen
2036,3,250,0.0,ref
2037,3,250,0.0,gen
2038,3,251,0.0,ref
2039,3,251,0.0,gen
2040,3,252,0.0,ref
2041,3,252,0.0125,gen
2042,3,253,0.0,ref
2043,3,253,0.0,gen
2044,3,254,0.0,ref
2045,3,254,0.0,gen
2046,3,255,0.0,ref
2047,3,255,0.0,gen
2048,4,0,0.0,ref
2049,4,0,0.0,gen
2050,4,1,0.0,ref
2051,4,1,0.0,gen
2052,4,2,0.0,ref
2053,4,2,0.0,gen
2054,4,3,0.0,ref
2055,4,3,0.0,gen
2056,4,4,0.0,ref
2057,4,4,0.0,gen
2058,4,5,0.0,ref
2059,4,5,0.0,gen
2060,4,6,0.0,ref
2061,4,6,0.0,gen
2062,4,7,0.0,ref
2063,4,7,0.0,gen
2064,4,8,0.0,ref
2065,4,8,0.0,gen
2066,4,9,0.0,ref
2067,4,9,0.0,gen
2068,4,10,0.0,ref
2069,4,10,0.0,gen
2070,4,11,0.0,ref
2071,4,11,0.0,gen
2072,4,12,0.0,ref
2073,4,12,0.0,gen
2074,4,13,0.0,ref
2075,4,13,0.0,gen
2076,4,14,0.0,ref
2077,4,14,0.0,gen
2078,4,15,0.0,ref
2079,4,15,0.0,gen
2080,4,16,0.0,ref
2081,4,16,0.0,gen
2082,4,17,0.0,ref
2083,4,17,0.0,gen
2084,4,18,0.0,ref
2085,4,18,0.0,gen
2086,4,19,0.0,ref
2087,4,19,0.0,gen
2088,4,20,0.0,ref
2089,4,20,0.0,gen
2090,4,21,0.0,ref
2091,4,21,0.0,gen
2092,4,22,0.012987012987012988,ref
2093,4,22,0.0,gen
2094,4,23,0.0,ref
2095,4,23,0.0,gen
2096,4,24,0.0,ref
2097,4,24,0.0,gen
2098,4,25,0.0,ref
2099,4,25,0.0,gen
2100,4,26,0.0,ref
2101,4,26,0.0,gen
2102,4,27,0.0,ref
2103,4,27,0.0,gen
2104,4,28,0.0,ref
2105,4,28,0.0,gen
2106,4,29,0.0,ref
2107,4,29,0.0,gen
2108,4,30,0.0,ref
2109,4,30,0.0,gen
2110,4,31,0.0,ref
2111,4,31,0.0,gen
2112,4,32,0.0,ref
2113,4,32,0.0,gen
2114,4,33,0.0,ref
2115,4,33,0.0,gen
2116,4,34,0.0,ref
2117,4,34,0.0,gen
2118,4,35,0.0,ref
2119,4,35,0.0,gen
2120,4,36,0.0,ref
2121,4,36,0.0,gen
2122,4,37,0.0,ref
2123,4,37,0.01818181818181818,gen
2124,4,38,0.0,ref
2125,4,38,0.0,gen
2126,4,39,0.0,ref
2127,4,39,0.0,gen
2128,4,40,0.0,ref
2129,4,40,0.0,gen
2130,4,41,0.0,ref
2131,4,41,0.0,gen
2132,4,42,0.0,ref
2133,4,42,0.0,gen
2134,4,43,0.0,ref
2135,4,43,0.0,gen
2136,4,44,0.0,ref
2137,4,44,0.0,gen
2138,4,45,0.0,ref
2139,4,45,0.0,gen
2140,4,46,0.0,ref
2141,4,46,0.0,gen
2142,4,47,0.0,ref
2143,4,47,0.0,gen
2144,4,48,0.0,ref
2145,4,48,0.0,gen
2146,4,49,0.0,ref
2147,4,49,0.0,gen
2148,4,50,0.012987012987012988,ref
2149,4,50,0.0,gen
2150,4,51,0.0,ref
2151,4,51,0.0,gen
2152,4,52,0.0,ref
2153,4,52,0.0,gen
2154,4,53,0.0,ref
2155,4,53,0.0,gen
2156,4,54,0.0,ref
2157,4,54,0.0,gen
2158,4,55,0.0,ref
2159,4,55,0.0,gen
2160,4,56,0.0,ref
2161,4,56,0.0,gen
2162,4,57,0.0,ref
2163,4,57,0.0,gen
2164,4,58,0.0,ref
2165,4,58,0.0,gen
2166,4,59,0.0,ref
2167,4,59,0.0,gen
2168,4,60,0.0,ref
2169,4,60,0.0,gen
2170,4,61,0.0,ref
2171,4,61,0.0,gen
2172,4,62,0.012987012987012988,ref
2173,4,62,0.0,gen
2174,4,63,0.0,ref
2175,4,63,0.0,gen
2176,4,64,0.0,ref
2177,4,64,0.01818181818181818,gen
2178,4,65,0.0,ref
2179,4,65,0.0,gen
2180,4,66,0.0,ref
2181,4,66,0.01818181818181818,gen
2182,4,67,0.0,ref
2183,4,67,0.0,gen
2184,4,68,0.0,ref
2185,4,68,0.0,gen
2186,4,69,0.0,ref
2187,4,69,0.0,gen
2188,4,70,0.0,ref
2189,4,70,0.0,gen
2190,4,71,0.0,ref
2191,4,71,0.0,gen
2192,4,72,0.0,ref
2193,4,72,0.0,gen
2194,4,73,0.0,ref
2195,4,73,0.0,gen
2196,4,74,0.0,ref
2197,4,74,0.0,gen
2198,4,75,0.0,ref
2199,4,75,0.0,gen
2200,4,76,0.0,ref
2201,4,76,0.0,gen
2202,4,77,0.0,ref
2203,4,77,0.0,gen
2204,4,78,0.0,ref
2205,4,78,0.0,gen
2206,4,79,0.0,ref
2207,4,79,0.0,gen
2208,4,80,0.0,ref
2209,4,80,0.0,gen
2210,4,81,0.0,ref
2211,4,81,0.0,gen
2212,4,82,0.0,ref
2213,4,82,0.0,gen
2214,4,83,0.0,ref
2215,4,83,0.0,gen
2216,4,84,0.0,ref
2217,4,84,0.0,gen
2218,4,85,0.0,ref
2219,4,85,0.0,gen
2220,4,86,0.0,ref
2221,4,86,0.0,gen
2222,4,87,0.0,ref
2223,4,87,0.0,gen
2224,4,88,0.0,ref
2225,4,88,0.0,gen
2226,4,89,0.0,ref
2227,4,89,0.0,gen
2228,4,90,0.0,ref
2229,4,90,0.01818181818181818,gen
2230,4,91,0.0,ref
2231,4,91,0.0,gen
2232,4,92,0.0,ref
2233,4,92,0.0,gen
2234,4,93,0.0,ref
2235,4,93,0.0,gen
2236,4,94,0.0,ref
2237,4,94,0.0,gen
2238,4,95,0.0,ref
2239,4,95,0.0,gen
2240,4,96,0.012987012987012988,ref
2241,4,96,0.0,gen
2242,4,97,0.0,ref
2243,4,97,0.0,gen
2244,4,98,0.0,ref
2245,4,98,0.0,gen
2246,4,99,0.0,ref
2247,4,99,0.0,gen
2248,4,100,0.0,ref
2249,4,100,0.0,gen
2250,4,101,0.0,ref
2251,4,101,0.0,gen
2252,4,102,0.0,ref
2253,4,102,0.0,gen
2254,4,103,0.0,ref
2255,4,103,0.0,gen
2256,4,104,0.0,ref
2257,4,104,0.0,gen
2258,4,105,0.0,ref
2259,4,105,0.0,gen
2260,4,106,0.0,ref
2261,4,106,0.0,gen
2262,4,107,0.0,ref
2263,4,107,0.0,gen
2264,4,108,0.0,ref
2265,4,108,0.0,gen
2266,4,109,0.0,ref
2267,4,109,0.0,gen
2268,4,110,0.0,ref
2269,4,110,0.0,gen
2270,4,111,0.0,ref
2271,4,111,0.0,gen
2272,4,112,0.0,ref
2273,4,112,0.0,gen
2274,4,113,0.0,ref
2275,4,113,0.0,gen
2276,4,114,0.0,ref
2277,4,114,0.0,gen
2278,4,115,0.0,ref
2279,4,115,0.0,gen
2280,4,116,0.0,ref
2281,4,116,0.0,gen
2282,4,117,0.0,ref
2283,4,117,0.0,gen
2284,4,118,0.0,ref
2285,4,118,0.0,gen
2286,4,119,0.0,ref
2287,4,119,0.0,gen
2288,4,120,0.0,ref
2289,4,120,0.0,gen
2290,4,121,0.0,ref
2291,4,121,0.0,gen
2292,4,122,0.0,ref
2293,4,122,0.0,gen
2294,4,123,0.0,ref
2295,4,123,0.0,gen
2296,4,124,0.0,ref
2297,4,124,0.0,gen
2298,4,125,0.0,ref
2299,4,125,0.0,gen
2300,4,126,0.0,ref
2301,4,126,0.0,gen
2302,4,127,0.0,ref
2303,4,127,0.0,gen
2304,4,128,0.0,ref
2305,4,128,0.0,gen
2306,4,129,0.0,ref
2307,4,129,0.0,gen
2308,4,130,0.0,ref
2309,4,130,0.0,gen
2310,4,131,0.0,ref
2311,4,131,0.0,gen
2312,4,132,0.0,ref
2313,4,132,0.0,gen
2314,4,133,0.0,ref
2315,4,133,0.0,gen
2316,4,134,0.0,ref
2317,4,134,0.0,gen
2318,4,135,0.0,ref
2319,4,135,0.0,gen
2320,4,136,0.0,ref
2321,4,136,0.0,gen
2322,4,137,0.0,ref
2323,4,137,0.0,gen
2324,4,138,0.0,ref
2325,4,138,0.0,gen
2326,4,139,0.0,ref
2327,4,139,0.0,gen
2328,4,140,0.0,ref
2329,4,140,0.0,gen
2330,4,141,0.0,ref
2331,4,141,0.0,gen
2332,4,142,0.0,ref
2333,4,142,0.0,gen
2334,4,143,0.0,ref
2335,4,143,0.0,gen
2336,4,144,0.0,ref
2337,4,144,0.0,gen
2338,4,145,0.0,ref
2339,4,145,0.0,gen
2340,4,146,0.0,ref
2341,4,146,0.0,gen
2342,4,147,0.0,ref
2343,4,147,0.0,gen
2344,4,148,0.0,ref
2345,4,148,0.0,gen
2346,4,149,0.0,ref
2347,4,149,0.0,gen
2348,4,150,0.0,ref
2349,4,150,0.0,gen
2350,4,151,0.0,ref
2351,4,151,0.0,gen
2352,4,152,0.0,ref
2353,4,152,0.0,gen
2354,4,153,0.0,ref
2355,4,153,0.0,gen
2356,4,154,0.0,ref
2357,4,154,0.0,gen
2358,4,155,0.0,ref
2359,4,155,0.0,gen
2360,4,156,0.0,ref
2361,4,156,0.0,gen
2362,4,157,0.0,ref
2363,4,157,0.0,gen
2364,4,158,0.0,ref
2365,4,158,0.0,gen
2366,4,159,0.0,ref
2367,4,159,0.0,gen
2368,4,160,0.0,ref
2369,4,160,0.0,gen
2370,4,161,0.0,ref
2371,4,161,0.0,gen
2372,4,162,0.0,ref
2373,4,162,0.0,gen
2374,4,163,0.0,ref
2375,4,163,0.0,gen
2376,4,164,0.0,ref
2377,4,164,0.0,gen
2378,4,165,0.0,ref
2379,4,165,0.0,gen
2380,4,166,0.0,ref
2381,4,166,0.0,gen
2382,4,167,0.0,ref
2383,4,167,0.0,gen
2384,4,168,0.0,ref
2385,4,168,0.0,gen
2386,4,169,0.0,ref
2387,4,169,0.0,gen
2388,4,170,0.0,ref
2389,4,170,0.0,gen
2390,4,171,0.012987012987012988,ref
2391,4,171,0.0,gen
2392,4,172,0.0,ref
2393,4,172,0.0,gen
2394,4,173,0.0,ref
2395,4,173,0.0,gen
2396,4,174,0.0,ref
2397,4,174,0.0,gen
2398,4,175,0.0,ref
2399,4,175,0.0,gen
2400,4,176,0.0,ref
2401,4,176,0.0,gen
2402,4,177,0.0,ref
2403,4,177,0.0,gen
2404,4,178,0.0,ref
2405,4,178,0.0,gen
2406,4,179,0.0,ref
2407,4,179,0.0,gen
2408,4,180,0.0,ref
2409,4,180,0.0,gen
2410,4,181,0.0,ref
2411,4,181,0.0,gen
2412,4,182,0.0,ref
2413,4,182,0.0,gen
2414,4,183,0.0,ref
2415,4,183,0.0,gen
2416,4,184,0.0,ref
2417,4,184,0.0,gen
2418,4,185,0.0,ref
2419,4,185,0.0,gen
2420,4,186,0.0,ref
2421,4,186,0.0,gen
2422,4,187,0.0,ref
2423,4,187,0.0,gen
2424,4,188,0.0,ref
2425,4,188,0.0,gen
2426,4,189,0.0,ref
2427,4,189,0.0,gen
2428,4,190,0.0,ref
2429,4,190,0.0,gen
2430,4,191,0.0,ref
2431,4,191,0.0,gen
2432,4,192,0.012987012987012988,ref
2433,4,192,0.0,gen
2434,4,193,0.0,ref
2435,4,193,0.0,gen
2436,4,194,0.0,ref
2437,4,194,0.0,gen
2438,4,195,0.0,ref
2439,4,195,0.0,gen
2440,4,196,0.0,ref
2441,4,196,0.0,gen
2442,4,197,0.0,ref
2443,4,197,0.0,gen
2444,4,198,0.0,ref
2445,4,198,0.0,gen
2446,4,199,0.0,ref
2447,4,199,0.0,gen
2448,4,200,0.0,ref
2449,4,200,0.0,gen
2450,4,201,0.0,ref
2451,4,201,0.0,gen
2452,4,202,0.0,ref
2453,4,202,0.0,gen
2454,4,203,0.0,ref
2455,4,203,0.0,gen
2456,4,204,0.0,ref
2457,4,204,0.0,gen
2458,4,205,0.0,ref
2459,4,205,0.0,gen
2460,4,206,0.0,ref
2461,4,206,0.0,gen
2462,4,207,0.0,ref
2463,4,207,0.0,gen
2464,4,208,0.0,ref
2465,4,208,0.0,gen
2466,4,209,0.0,ref
2467,4,209,0.0,gen
2468,4,210,0.0,ref
2469,4,210,0.0,gen
2470,4,211,0.0,ref
2471,4,211,0.0,gen
2472,4,212,0.0,ref
2473,4,212,0.0,gen
2474,4,213,0.0,ref
2475,4,213,0.0,gen
2476,4,214,0.0,ref
2477,4,214,0.0,gen
2478,4,215,0.0,ref
2479,4,215,0.0,gen
2480,4,216,0.0,ref
2481,4,216,0.0,gen
2482,4,217,0.0,ref
2483,4,217,0.0,gen
2484,4,218,0.0,ref
2485,4,218,0.0,gen
2486,4,219,0.0,ref
2487,4,219,0.0,gen
2488,4,220,0.0,ref
2489,4,220,0.0,gen
2490,4,221,0.0,ref
2491,4,221,0.0,gen
2492,4,222,0.0,ref
2493,4,222,0.0,gen
2494,4,223,0.0,ref
2495,4,223,0.0,gen
2496,4,224,0.0,ref
2497,4,224,0.0,gen
2498,4,225,0.0,ref
2499,4,225,0.0,gen
2500,4,226,0.0,ref
2501,4,226,0.0,gen
2502,4,227,0.0,ref
2503,4,227,0.0,gen
2504,4,228,0.0,ref
2505,4,228,0.0,gen
2506,4,229,0.012987012987012988,ref
2507,4,229,0.0,gen
2508,4,230,0.0,ref
2509,4,230,0.0,gen
2510,4,231,0.0,ref
2511,4,231,0.0,gen
2512,4,232,0.0,ref
2513,4,232,0.0,gen
2514,4,233,0.0,ref
2515,4,233,0.0,gen
2516,4,234,0.0,ref
2517,4,234,0.0,gen
2518,4,235,0.0,ref
2519,4,235,0.0,gen
2520,4,236,0.0,ref
2521,4,236,0.0,gen
2522,4,237,0.0,ref
2523,4,237,0.0,gen
2524,4,238,0.0,ref
2525,4,238,0.0,gen
2526,4,239,0.012987012987012988,ref
2527,4,239,0.0,gen
2528,4,240,0.0,ref
2529,4,240,0.0,gen
2530,4,241,0.012987012987012988,ref
2531,4,241,0.0,gen
2532,4,242,0.0,ref
2533,4,242,0.0,gen
2534,4,243,0.012987012987012988,ref
2535,4,243,0.0,gen
2536,4,244,0.0,ref
2537,4,244,0.0,gen
2538,4,245,0.012987012987012988,ref
2539,4,245,0.0,gen
2540,4,246,0.0,ref
2541,4,246,0.0,gen
2542,4,247,0.012987012987012988,ref
2543,4,247,0.0,gen
2544,4,248,0.0,ref
2545,4,248,0.0,gen
2546,4,249,0.012987012987012988,ref
2547,4,249,0.0,gen
2548,4,250,0.0,ref
2549,4,250,0.0,gen
2550,4,251,0.012987012987012988,ref
2551,4,251,0.0,gen
2552,4,252,0.0,ref
2553,4,252,0.0,gen
2554,4,253,0.0,ref
2555,4,253,0.0,gen
2556,4,254,0.0,ref
2557,4,254,0.0,gen
2558,4,255,0.0,ref
2559,4,255,0.0,gen
2560,5,0,0.0,ref
2561,5,0,0.0,gen
2562,5,1,0.0,ref
2563,5,1,0.0,gen
2564,5,2,0.0,ref
2565,5,2,0.0,gen
2566,5,3,0.0,ref
2567,5,3,0.0,gen
2568,5,4,0.0,ref
2569,5,4,0.0,gen
2570,5,5,0.0,ref
2571,5,5,0.0,gen
2572,5,6,0.0,ref
2573,5,6,0.0,gen
2574,5,7,0.0,ref
2575,5,7,0.0,gen
2576,5,8,0.0,ref
2577,5,8,0.0,gen
2578,5,9,0.0,ref
2579,5,9,0.0,gen
2580,5,10,0.0,ref
2581,5,10,0.0,gen
2582,5,11,0.0,ref
2583,5,11,0.0,gen
2584,5,12,0.0,ref
2585,5,12,0.0,gen
2586,5,13,0.0,ref
2587,5,13,0.0,gen
2588,5,14,0.0,ref
2589,5,14,0.0,gen
2590,5,15,0.0,ref
2591,5,15,0.0,gen
2592,5,16,0.0,ref
2593,5,16,0.0,gen
2594,5,17,0.0,ref
2595,5,17,0.0,gen
2596,5,18,0.0,ref
2597,5,18,0.0,gen
2598,5,19,0.0,ref
2599,5,19,0.0,gen
2600,5,20,0.0,ref
2601,5,20,0.0,gen
2602,5,21,0.0,ref
2603,5,21,0.0,gen
2604,5,22,0.0,ref
2605,5,22,0.0,gen
2606,5,23,0.0,ref
2607,5,23,0.0,gen
2608,5,24,0.0,ref
2609,5,24,0.0,gen
2610,5,25,0.0,ref
2611,5,25,0.0,gen
2612,5,26,0.0,ref
2613,5,26,0.0,gen
2614,5,27,0.0,ref
2615,5,27,0.0,gen
2616,5,28,0.0,ref
2617,5,28,0.018518518518518517,gen
2618,5,29,0.0,ref
2619,5,29,0.0,gen
2620,5,30,0.0,ref
2621,5,30,0.018518518518518517,gen
2622,5,31,0.0,ref
2623,5,31,0.0,gen
2624,5,32,0.0,ref
2625,5,32,0.0,gen
2626,5,33,0.0,ref
2627,5,33,0.0,gen
2628,5,34,0.0,ref
2629,5,34,0.0,gen
2630,5,35,0.0,ref
2631,5,35,0.0,gen
2632,5,36,0.0,ref
2633,5,36,0.0,gen
2634,5,37,0.0,ref
2635,5,37,0.0,gen
2636,5,38,0.0,ref
2637,5,38,0.0,gen
2638,5,39,0.0,ref
2639,5,39,0.0,gen
2640,5,40,0.0,ref
2641,5,40,0.0,gen
2642,5,41,0.0,ref
2643,5,41,0.0,gen
2644,5,42,0.0,ref
2645,5,42,0.0,gen
2646,5,43,0.0,ref
2647,5,43,0.0,gen
2648,5,44,0.0,ref
2649,5,44,0.0,gen
2650,5,45,0.0,ref
2651,5,45,0.0,gen
2652,5,46,0.0,ref
2653,5,46,0.0,gen
2654,5,47,0.0,ref
2655,5,47,0.0,gen
2656,5,48,0.0,ref
2657,5,48,0.0,gen
2658,5,49,0.0,ref
2659,5,49,0.0,gen
2660,5,50,0.0,ref
2661,5,50,0.0,gen
2662,5,51,0.0,ref
2663,5,51,0.0,gen
2664,5,52,0.0,ref
2665,5,52,0.0,gen
2666,5,53,0.0,ref
2667,5,53,0.0,gen
2668,5,54,0.0,ref
2669,5,54,0.0,gen
2670,5,55,0.0,ref
2671,5,55,0.0,gen
2672,5,56,0.0,ref
2673,5,56,0.0,gen
2674,5,57,0.01818181818181818,ref
2675,5,57,0.0,gen
2676,5,58,0.0,ref
2677,5,58,0.0,gen
2678,5,59,0.0,ref
2679,5,59,0.0,gen
2680,5,60,0.0,ref
2681,5,60,0.0,gen
2682,5,61,0.0,ref
2683,5,61,0.0,gen
2684,5,62,0.0,ref
2685,5,62,0.0,gen
2686,5,63,0.0,ref
2687,5,63,0.0,gen
2688,5,64,0.0,ref
2689,5,64,0.0,gen
2690,5,65,0.0,ref
2691,5,65,0.0,gen
2692,5,66,0.0,ref
2693,5,66,0.0,gen
2694,5,67,0.0,ref
2695,5,67,0.0,gen
2696,5,68,0.0,ref
2697,5,68,0.0,gen
2698,5,69,0.0,ref
2699,5,69,0.0,gen
2700,5,70,0.0,ref
2701,5,70,0.0,gen
2702,5,71,0.0,ref
2703,5,71,0.0,gen
2704,5,72,0.0,ref
2705,5,72,0.018518518518518517,gen
2706,5,73,0.0,ref
2707,5,73,0.0,gen
2708,5,74,0.0,ref
2709,5,74,0.0,gen
2710,5,75,0.0,ref
2711,5,75,0.0,gen
2712,5,76,0.0,ref
2713,5,76,0.0,gen
2714,5,77,0.0,ref
2715,5,77,0.0,gen
2716,5,78,0.0,ref
2717,5,78,0.0,gen
2718,5,79,0.0,ref
2719,5,79,0.0,gen
2720,5,80,0.0,ref
2721,5,80,0.0,gen
2722,5,81,0.0,ref
2723,5,81,0.0,gen
2724,5,82,0.0,ref
2725,5,82,0.0,gen
2726,5,83,0.0,ref
2727,5,83,0.0,gen
2728,5,84,0.0,ref
2729,5,84,0.0,gen
2730,5,85,0.0,ref
2731,5,85,0.0,gen
2732,5,86,0.0,ref
2733,5,86,0.0,gen
2734,5,87,0.0,ref
2735,5,87,0.0,gen
2736,5,88,0.0,ref
2737,5,88,0.0,gen
2738,5,89,0.0,ref
2739,5,89,0.0,gen
2740,5,90,0.0,ref
2741,5,90,0.0,gen
2742,5,91,0.0,ref
2743,5,91,0.0,gen
2744,5,92,0.0,ref
2745,5,92,0.0,gen
2746,5,93,0.0,ref
2747,5,93,0.0,gen
2748,5,94,0.0,ref
2749,5,94,0.0,gen
2750,5,95,0.0,ref
2751,5,95,0.0,gen
2752,5,96,0.0,ref
2753,5,96,0.0,gen
2754,5,97,0.0,ref
2755,5,97,0.0,gen
2756,5,98,0.0,ref
2757,5,98,0.0,gen
2758,5,99,0.0,ref
2759,5,99,0.0,gen
2760,5,100,0.0,ref
2761,5,100,0.0,gen
2762,5,101,0.0,ref
2763,5,101,0.0,gen
2764,5,102,0.0,ref
2765,5,102,0.0,gen
2766,5,103,0.0,ref
2767,5,103,0.0,gen
2768,5,104,0.0,ref
2769,5,104,0.0,gen
2770,5,105,0.0,ref
2771,5,105,0.0,gen
2772,5,106,0.0,ref
2773,5,106,0.0,gen
2774,5,107,0.0,ref
2775,5,107,0.0,gen
2776,5,108,0.0,ref
2777,5,108,0.0,gen
2778,5,109,0.0,ref
2779,5,109,0.0,gen
2780,5,110,0.01818181818181818,ref
2781,5,110,0.0,gen
2782,5,111,0.0,ref
2783,5,111,0.0,gen
2784,5,112,0.01818181818181818,ref
2785,5,112,0.0,gen
2786,5,113,0.0,ref
2787,5,113,0.0,gen
2788,5,114,0.0,ref
2789,5,114,0.0,gen
2790,5,115,0.0,ref
2791,5,115,0.0,gen
2792,5,116,0.0,ref
2793,5,116,0.0,gen
2794,5,117,0.0,ref
2795,5,117,0.0,gen
2796,5,118,0.0,ref
2797,5,118,0.0,gen
2798,5,119,0.0,ref
2799,5,119,0.0,gen
2800,5,120,0.0,ref
2801,5,120,0.0,gen
2802,5,121,0.0,ref
2803,5,121,0.0,gen
2804,5,122,0.0,ref
2805,5,122,0.0,gen
2806,5,123,0.0,ref
2807,5,123,0.0,gen
2808,5,124,0.0,ref
2809,5,124,0.0,gen
2810,5,125,0.0,ref
2811,5,125,0.0,gen
2812,5,126,0.0,ref
2813,5,126,0.0,gen
2814,5,127,0.0,ref
2815,5,127,0.0,gen
2816,5,128,0.0,ref
2817,5,128,0.0,gen
2818,5,129,0.0,ref
2819,5,129,0.0,gen
2820,5,130,0.0,ref
2821,5,130,0.0,gen
2822,5,131,0.0,ref
2823,5,131,0.0,gen
2824,5,132,0.0,ref
2825,5,132,0.0,gen
2826,5,133,0.0,ref
2827,5,133,0.0,gen
2828,5,134,0.0,ref
2829,5,134,0.0,gen
2830,5,135,0.0,ref
2831,5,135,0.0,gen
2832,5,136,0.0,ref
2833,5,136,0.0,gen
2834,5,137,0.0,ref
2835,5,137,0.0,gen
2836,5,138,0.0,ref
2837,5,138,0.0,gen
2838,5,139,0.0,ref
2839,5,139,0.0,gen
2840,5,140,0.0,ref
2841,5,140,0.0,gen
2842,5,141,0.0,ref
2843,5,141,0.0,gen
2844,5,142,0.0,ref
2845,5,142,0.0,gen
2846,5,143,0.0,ref
2847,5,143,0.0,gen
2848,5,144,0.0,ref
2849,5,144,0.0,gen
2850,5,145,0.0,ref
2851,5,145,0.0,gen
2852,5,146,0.0,ref
2853,5,146,0.0,gen
2854,5,147,0.0,ref
2855,5,147,0.0,gen
2856,5,148,0.0,ref
2857,5,148,0.0,gen
2858,5,149,0.0,ref
2859,5,149,0.0,gen
2860,5,150,0.0,ref
2861,5,150,0.0,gen
2862,5,151,0.0,ref
2863,5,151,0.0,gen
2864,5,152,0.0,ref
2865,5,152,0.0,gen
2866,5,153,0.0,ref
2867,5,153,0.0,gen
2868,5,154,0.0,ref
2869,5,154,0.0,gen
2870,5,155,0.0,ref
2871,5,155,0.0,gen
2872,5,156,0.0,ref
2873,5,156,0.0,gen
2874,5,157,0.0,ref
2875,5,157,0.018518518518518517,gen
2876,5,158,0.0,ref
2877,5,158,0.0,gen
2878,5,159,0.0,ref
2879,5,159,0.0,gen
2880,5,160,0.0,ref
2881,5,160,0.0,gen
2882,5,161,0.0,ref
2883,5,161,0.0,gen
2884,5,162,0.0,ref
2885,5,162,0.0,gen
2886,5,163,0.0,ref
2887,5,163,0.0,gen
2888,5,164,0.0,ref
2889,5,164,0.0,gen
2890,5,165,0.0,ref
2891,5,165,0.0,gen
2892,5,166,0.0,ref
2893,5,166,0.0,gen
2894,5,167,0.0,ref
2895,5,167,0.0,gen
2896,5,168,0.0,ref
2897,5,168,0.0,gen
2898,5,169,0.0,ref
2899,5,169,0.0,gen
2900,5,170,0.0,ref
2901,5,170,0.0,gen
2902,5,171,0.0,ref
2903,5,171,0.0,gen
2904,5,172,0.0,ref
2905,5,172,0.0,gen
2906,5,173,0.0,ref
2907,5,173,0.0,gen
2908,5,174,0.0,ref
2909,5,174,0.0,gen
2910,5,175,0.0,ref
2911,5,175,0.0,gen
2912,5,176,0.0,ref
2913,5,176,0.0,gen
2914,5,177,0.0,ref
2915,5,177,0.0,gen
2916,5,178,0.0,ref
2917,5,178,0.018518518518518517,gen
2918,5,179,0.0,ref
2919,5,179,0.0,gen
2920,5,180,0.0,ref
2921,5,180,0.0,gen
2922,5,181,0.0,ref
2923,5,181,0.0,gen
2924,5,182,0.0,ref
2925,5,182,0.0,gen
2926,5,183,0.0,ref
2927,5,183,0.0,gen
2928,5,184,0.0,ref
2929,5,184,0.0,gen
2930,5,185,0.0,ref
2931,5,185,0.0,gen
2932,5,186,0.0,ref
2933,5,186,0.0,gen
2934,5,187,0.0,ref
2935,5,187,0.0,gen
2936,5,188,0.0,ref
2937,5,188,0.0,gen
2938,5,189,0.0,ref
2939,5,189,0.0,gen
2940,5,190,0.0,ref
2941,5,190,0.0,gen
2942,5,191,0.0,ref
2943,5,191,0.0,gen
2944,5,192,0.0,ref
2945,5,192,0.0,gen
2946,5,193,0.0,ref
2947,5,193,0.0,gen
2948,5,194,0.0,ref
2949,5,194,0.0,gen
2950,5,195,0.0,ref
2951,5,195,0.0,gen
2952,5,196,0.0,ref
2953,5,196,0.0,gen
2954,5,197,0.0,ref
2955,5,197,0.0,gen
2956,5,198,0.0,ref
2957,5,198,0.0,gen
2958,5,199,0.0,ref
2959,5,199,0.0,gen
2960,5,200,0.0,ref
2961,5,200,0.0,gen
2962,5,201,0.0,ref
2963,5,201,0.0,gen
2964,5,202,0.0,ref
2965,5,202,0.0,gen
2966,5,203,0.0,ref
2967,5,203,0.0,gen
2968,5,204,0.0,ref
2969,5,204,0.0,gen
2970,5,205,0.0,ref
2971,5,205,0.0,gen
2972,5,206,0.0,ref
2973,5,206,0.0,gen
2974,5,207,0.0,ref
2975,5,207,0.0,gen
2976,5,208,0.0,ref
2977,5,208,0.0,gen
2978,5,209,0.0,ref
2979,5,209,0.0,gen
2980,5,210,0.0,ref
2981,5,210,0.0,gen
2982,5,211,0.0,ref
2983,5,211,0.0,gen
2984,5,212,0.0,ref
2985,5,212,0.0,gen
2986,5,213,0.0,ref
2987,5,213,0.0,gen
2988,5,214,0.0,ref
2989,5,214,0.018518518518518517,gen
2990,5,215,0.0,ref
2991,5,215,0.0,gen
2992,5,216,0.0,ref
2993,5,216,0.0,gen
2994,5,217,0.0,ref
2995,5,217,0.0,gen
2996,5,218,0.0,ref
2997,5,218,0.0,gen
2998,5,219,0.0,ref
2999,5,219,0.0,gen
3000,5,220,0.0,ref
3001,5,220,0.0,gen
3002,5,221,0.0,ref
3003,5,221,0.0,gen
3004,5,222,0.0,ref
3005,5,222,0.0,gen
3006,5,223,0.0,ref
3007,5,223,0.0,gen
3008,5,224,0.0,ref
3009,5,224,0.0,gen
3010,5,225,0.0,ref
3011,5,225,0.0,gen
3012,5,226,0.0,ref
3013,5,226,0.0,gen
3014,5,227,0.0,ref
3015,5,227,0.0,gen
3016,5,228,0.0,ref
3017,5,228,0.0,gen
3018,5,229,0.0,ref
3019,5,229,0.0,gen
3020,5,230,0.0,ref
3021,5,230,0.0,gen
3022,5,231,0.0,ref
3023,5,231,0.0,gen
3024,5,232,0.0,ref
3025,5,232,0.0,gen
3026,5,233,0.0,ref
3027,5,233,0.0,gen
3028,5,234,0.0,ref
3029,5,234,0.0,gen
3030,5,235,0.0,ref
3031,5,235,0.0,gen
3032,5,236,0.0,ref
3033,5,236,0.0,gen
3034,5,237,0.0,ref
3035,5,237,0.0,gen
3036,5,238,0.0,ref
3037,5,238,0.0,gen
3038,5,239,0.0,ref
3039,5,239,0.0,gen
3040,5,240,0.0,ref
3041,5,240,0.0,gen
3042,5,241,0.0,ref
3043,5,241,0.0,gen
3044,5,242,0.0,ref
3045,5,242,0.0,gen
3046,5,243,0.0,ref
3047,5,243,0.0,gen
3048,5,244,0.0,ref
3049,5,244,0.0,gen
3050,5,245,0.0,ref
3051,5,245,0.0,gen
3052,5,246,0.0,ref
3053,5,246,0.0,gen
3054,5,247,0.0,ref
3055,5,247,0.0,gen
3056,5,248,0.0,ref
3057,5,248,0.0,gen
3058,5,249,0.0,ref
3059,5,249,0.0,gen
3060,5,250,0.0,ref
3061,5,250,0.0,gen
3062,5,251,0.0,ref
3063,5,251,0.0,gen
3064,5,252,0.0,ref
3065,5,252,0.0,gen
3066,5,253,0.0,ref
3067,5,253,0.0,gen
3068,5,254,0.0,ref
3069,5,254,0.0,gen
3070,5,255,0.0,ref
3071,5,255,0.0,gen
3072,6,0,0.0,ref
3073,6,0,0.0,gen
3074,6,1,0.0,ref
3075,6,1,0.0,gen
3076,6,2,0.0,ref
3077,6,2,0.0,gen
3078,6,3,0.0,ref
3079,6,3,0.0,gen
3080,6,4,0.00980392156862745,ref
3081,6,4,0.0,gen
3082,6,5,0.0,ref
3083,6,5,0.0,gen
3084,6,6,0.0,ref
3085,6,6,0.0,gen
3086,6,7,0.0,ref
3087,6,7,0.0,gen
3088,6,8,0.0,ref
3089,6,8,0.0,gen
3090,6,9,0.0,ref
3091,6,9,0.0,gen
3092,6,10,0.0,ref
3093,6,10,0.0,gen
3094,6,11,0.0,ref
3095,6,11,0.0,gen
3096,6,12,0.0,ref
3097,6,12,0.0,gen
3098,6,13,0.00980392156862745,ref
3099,6,13,0.0,gen
3100,6,14,0.0,ref
3101,6,14,0.0,gen
3102,6,15,0.0,ref
3103,6,15,0.0,gen
3104,6,16,0.0,ref
3105,6,16,0.0,gen
3106,6,17,0.0,ref
3107,6,17,0.0,gen
3108,6,18,0.0,ref
3109,6,18,0.0,gen
3110,6,19,0.00980392156862745,ref
3111,6,19,0.0,gen
3112,6,20,0.0,ref
3113,6,20,0.0,gen
3114,6,21,0.0,ref
3115,6,21,0.0,gen
3116,6,22,0.0,ref
3117,6,22,0.0,gen
3118,6,23,0.00980392156862745,ref
3119,6,23,0.0,gen
3120,6,24,0.0,ref
3121,6,24,0.0,gen
3122,6,25,0.0,ref
3123,6,25,0.0,gen
3124,6,26,0.0,ref
3125,6,26,0.0,gen
3126,6,27,0.0,ref
3127,6,27,0.0,gen
3128,6,28,0.0,ref
3129,6,28,0.0,gen
3130,6,29,0.0,ref
3131,6,29,0.0,gen
3132,6,30,0.0,ref
3133,6,30,0.0,gen
3134,6,31,0.0,ref
3135,6,31,0.0,gen
3136,6,32,0.0,ref
3137,6,32,0.0,gen
3138,6,33,0.0,ref
3139,6,33,0.0,gen
3140,6,34,0.0,ref
3141,6,34,0.0,gen
3142,6,35,0.0,ref
3143,6,35,0.0,gen
3144,6,36,0.0,ref
3145,6,36,0.0,gen
3146,6,37,0.0,ref
3147,6,37,0.0,gen
3148,6,38,0.0,ref
3149,6,38,0.0,gen
3150,6,39,0.0,ref
3151,6,39,0.0,gen
3152,6,40,0.0,ref
3153,6,40,0.0,gen
3154,6,41,0.0,ref
3155,6,41,0.0,gen
3156,6,42,0.0,ref
3157,6,42,0.007633587786259542,gen
3158,6,43,0.0,ref
3159,6,43,0.0,gen
3160,6,44,0.0,ref
3161,6,44,0.0,gen
3162,6,45,0.0,ref
3163,6,45,0.0,gen
3164,6,46,0.0,ref
3165,6,46,0.0,gen
3166,6,47,0.0,ref
3167,6,47,0.007633587786259542,gen
3168,6,48,0.0,ref
3169,6,48,0.0,gen
3170,6,49,0.0,ref
3171,6,49,0.0,gen
3172,6,50,0.0,ref
3173,6,50,0.0,gen
3174,6,51,0.0,ref
3175,6,51,0.0,gen
3176,6,52,0.0,ref
3177,6,52,0.0,gen
3178,6,53,0.0,ref
3179,6,53,0.0,gen
3180,6,54,0.0,ref
3181,6,54,0.0,gen
3182,6,55,0.0,ref
3183,6,55,0.0,gen
3184,6,56,0.0,ref
3185,6,56,0.0,gen
3186,6,57,0.0,ref
3187,6,57,0.0,gen
3188,6,58,0.0,ref
3189,6,58,0.0,gen
3190,6,59,0.0,ref
3191,6,59,0.0,gen
3192,6,60,0.0,ref
3193,6,60,0.0,gen
3194,6,61,0.0,ref
3195,6,61,0.0,gen
3196,6,62,0.0,ref
3197,6,62,0.0,gen
3198,6,63,0.0,ref
3199,6,63,0.0,gen
3200,6,64,0.0,ref
3201,6,64,0.0,gen
3202,6,65,0.00980392156862745,ref
3203,6,65,0.0,gen
3204,6,66,0.0,ref
3205,6,66,0.0,gen
3206,6,67,0.0,ref
3207,6,67,0.0,gen
3208,6,68,0.0,ref
3209,6,68,0.0,gen
3210,6,69,0.0,ref
3211,6,69,0.0,gen
3212,6,70,0.0,ref
3213,6,70,0.0,gen
3214,6,71,0.0,ref
3215,6,71,0.0,gen
3216,6,72,0.0,ref
3217,6,72,0.0,gen
3218,6,73,0.0,ref
3219,6,73,0.0,gen
3220,6,74,0.0,ref
3221,6,74,0.0,gen
3222,6,75,0.0,ref
3223,6,75,0.0,gen
3224,6,76,0.0,ref
3225,6,76,0.0,gen
3226,6,77,0.0,ref
3227,6,77,0.0,gen
3228,6,78,0.0,ref
3229,6,78,0.0,gen
3230,6,79,0.0,ref
3231,6,79,0.007633587786259542,gen
3232,6,80,0.0,ref
3233,6,80,0.0,gen
3234,6,81,0.0,ref
3235,6,81,0.0,gen
3236,6,82,0.0,ref
3237,6,82,0.0,gen
3238,6,83,0.0,ref
3239,6,83,0.0,gen
3240,6,84,0.0,ref
3241,6,84,0.0,gen
3242,6,85,0.0,ref
3243,6,85,0.0,gen
3244,6,86,0.0,ref
3245,6,86,0.0,gen
3246,6,87,0.0,ref
3247,6,87,0.0,gen
3248,6,88,0.0,ref
3249,6,88,0.0,gen
3250,6,89,0.0,ref
3251,6,89,0.007633587786259542,gen
3252,6,90,0.0,ref
3253,6,90,0.0,gen
3254,6,91,0.0,ref
3255,6,91,0.0,gen
3256,6,92,0.0,ref
3257,6,92,0.0,gen
3258,6,93,0.0,ref
3259,6,93,0.007633587786259542,gen
3260,6,94,0.0,ref
3261,6,94,0.0,gen
3262,6,95,0.0,ref
3263,6,95,0.007633587786259542,gen
3264,6,96,0.0,ref
3265,6,96,0.0,gen
3266,6,97,0.0,ref
3267,6,97,0.0,gen
3268,6,98,0.0,ref
3269,6,98,0.0,gen
3270,6,99,0.0,ref
3271,6,99,0.007633587786259542,gen
3272,6,100,0.0,ref
3273,6,100,0.0,gen
3274,6,101,0.0,ref
3275,6,101,0.0,gen
3276,6,102,0.0,ref
3277,6,102,0.0,gen
3278,6,103,0.0,ref
3279,6,103,0.0,gen
3280,6,104,0.0,ref
3281,6,104,0.0,gen
3282,6,105,0.0,ref
3283,6,105,0.0,gen
3284,6,106,0.0,ref
3285,6,106,0.0,gen
3286,6,107,0.0,ref
3287,6,107,0.0,gen
3288,6,108,0.0,ref
3289,6,108,0.0,gen
3290,6,109,0.0,ref
3291,6,109,0.007633587786259542,gen
3292,6,110,0.0,ref
3293,6,110,0.0,gen
3294,6,111,0.0,ref
3295,6,111,0.0,gen
3296,6,112,0.0,ref
3297,6,112,0.0,gen
3298,6,113,0.0,ref
3299,6,113,0.0,gen
3300,6,114,0.0,ref
3301,6,114,0.007633587786259542,gen
3302,6,115,0.0,ref
3303,6,115,0.0,gen
3304,6,116,0.0,ref
3305,6,116,0.0,gen
3306,6,117,0.0,ref
3307,6,117,0.0,gen
3308,6,118,0.0,ref
3309,6,118,0.0,gen
3310,6,119,0.0,ref
3311,6,119,0.0,gen
3312,6,120,0.0,ref
3313,6,120,0.0,gen
3314,6,121,0.00980392156862745,ref
3315,6,121,0.0,gen
3316,6,122,0.00980392156862745,ref
3317,6,122,0.0,gen
3318,6,123,0.0,ref
3319,6,123,0.0,gen
3320,6,124,0.0,ref
3321,6,124,0.0,gen
3322,6,125,0.0,ref
3323,6,125,0.0,gen
3324,6,126,0.00980392156862745,ref
3325,6,126,0.0,gen
3326,6,127,0.0,ref
3327,6,127,0.0,gen
3328,6,128,0.0,ref
3329,6,128,0.0,gen
3330,6,129,0.0,ref
3331,6,129,0.0,gen
3332,6,130,0.0,ref
3333,6,130,0.0,gen
3334,6,131,0.00980392156862745,ref
3335,6,131,0.0,gen
3336,6,132,0.0,ref
3337,6,132,0.0,gen
3338,6,133,0.00980392156862745,ref
3339,6,133,0.0,gen
3340,6,134,0.0,ref
3341,6,134,0.0,gen
3342,6,135,0.0,ref
3343,6,135,0.007633587786259542,gen
3344,6,136,0.0,ref
3345,6,136,0.0,gen
3346,6,137,0.0,ref
3347,6,137,0.0,gen
3348,6,138,0.00980392156862745,ref
3349,6,138,0.0,gen
3350,6,139,0.0,ref
3351,6,139,0.0,gen
3352,6,140,0.0,ref
3353,6,140,0.0,gen
3354,6,141,0.0,ref
3355,6,141,0.0,gen
3356,6,142,0.0,ref
3357,6,142,0.007633587786259542,gen
3358,6,143,0.0,ref
3359,6,143,0.0,gen
3360,6,144,0.0,ref
3361,6,144,0.007633587786259542,gen
3362,6,145,0.0,ref
3363,6,145,0.0,gen
3364,6,146,0.0,ref
3365,6,146,0.007633587786259542,gen
3366,6,147,0.0,ref
3367,6,147,0.0,gen
3368,6,148,0.0,ref
3369,6,148,0.0,gen
3370,6,149,0.0,ref
3371,6,149,0.0,gen
3372,6,150,0.00980392156862745,ref
3373,6,150,0.0,gen
3374,6,151,0.0,ref
3375,6,151,0.0,gen
3376,6,152,0.0,ref
3377,6,152,0.0,gen
3378,6,153,0.0,ref
3379,6,153,0.0,gen
3380,6,154,0.0,ref
3381,6,154,0.0,gen
3382,6,155,0.0,ref
3383,6,155,0.0,gen
3384,6,156,0.0,ref
3385,6,156,0.0,gen
3386,6,157,0.0,ref
3387,6,157,0.0,gen
3388,6,158,0.0,ref
3389,6,158,0.0,gen
3390,6,159,0.0,ref
3391,6,159,0.0,gen
3392,6,160,0.0,ref
3393,6,160,0.0,gen
3394,6,161,0.0,ref
3395,6,161,0.0,gen
3396,6,162,0.0,ref
3397,6,162,0.0,gen
3398,6,163,0.0,ref
3399,6,163,0.0,gen
3400,6,164,0.0,ref
3401,6,164,0.0,gen
3402,6,165,0.00980392156862745,ref
3403,6,165,0.0,gen
3404,6,166,0.0,ref
3405,6,166,0.0,gen
3406,6,167,0.00980392156862745,ref
3407,6,167,0.0,gen
3408,6,168,0.0,ref
3409,6,168,0.0,gen
3410,6,169,0.0,ref
3411,6,169,0.0,gen
3412,6,170,0.0,ref
3413,6,170,0.0,gen
3414,6,171,0.0,ref
3415,6,171,0.0,gen
3416,6,172,0.0,ref
3417,6,172,0.0,gen
3418,6,173,0.0,ref
3419,6,173,0.0,gen
3420,6,174,0.0,ref
3421,6,174,0.0,gen
3422,6,175,0.0,ref
3423,6,175,0.0,gen
3424,6,176,0.00980392156862745,ref
3425,6,176,0.0,gen
3426,6,177,0.0,ref
3427,6,177,0.0,gen
3428,6,178,0.0,ref
3429,6,178,0.0,gen
3430,6,179,0.0,ref
3431,6,179,0.0,gen
3432,6,180,0.0,ref
3433,6,180,0.007633587786259542,gen
3434,6,181,0.00980392156862745,ref
3435,6,181,0.0,gen
3436,6,182,0.0,ref
3437,6,182,0.0,gen
3438,6,183,0.0,ref
3439,6,183,0.0,gen
3440,6,184,0.0,ref
3441,6,184,0.0,gen
3442,6,185,0.0,ref
3443,6,185,0.0,gen
3444,6,186,0.0,ref
3445,6,186,0.0,gen
3446,6,187,0.0,ref
3447,6,187,0.0,gen
3448,6,188,0.0,ref
3449,6,188,0.0,gen
3450,6,189,0.0,ref
3451,6,189,0.0,gen
3452,6,190,0.0,ref
3453,6,190,0.0,gen
3454,6,191,0.0,ref
3455,6,191,0.0,gen
3456,6,192,0.0,ref
3457,6,192,0.0,gen
3458,6,193,0.0,ref
3459,6,193,0.007633587786259542,gen
3460,6,194,0.0,ref
3461,6,194,0.0,gen
3462,6,195,0.0,ref
3463,6,195,0.0,gen
3464,6,196,0.0,ref
3465,6,196,0.0,gen
3466,6,197,0.0,ref
3467,6,197,0.0,gen
3468,6,198,0.0,ref
3469,6,198,0.0,gen
3470,6,199,0.00980392156862745,ref
3471,6,199,0.0,gen
3472,6,200,0.0,ref
3473,6,200,0.0,gen
3474,6,201,0.0,ref
3475,6,201,0.0,gen
3476,6,202,0.0,ref
3477,6,202,0.0,gen
3478,6,203,0.0,ref
3479,6,203,0.0,gen
3480,6,204,0.0,ref
3481,6,204,0.0,gen
3482,6,205,0.0,ref
3483,6,205,0.0,gen
3484,6,206,0.0,ref
3485,6,206,0.0,gen
3486,6,207,0.0,ref
3487,6,207,0.0,gen
3488,6,208,0.0,ref
3489,6,208,0.0,gen
3490,6,209,0.0,ref
3491,6,209,0.0,gen
3492,6,210,0.0,ref
3493,6,210,0.0,gen
3494,6,211,0.0,ref
3495,6,211,0.0,gen
3496,6,212,0.0,ref
3497,6,212,0.0,gen
3498,6,213,0.0,ref
3499,6,213,0.0,gen
3500,6,214,0.0,ref
3501,6,214,0.007633587786259542,gen
3502,6,215,0.0,ref
3503,6,215,0.0,gen
3504,6,216,0.0,ref
3505,6,216,0.0,gen
3506,6,217,0.0,ref
3507,6,217,0.0,gen
3508,6,218,0.0,ref
3509,6,218,0.0,gen
3510,6,219,0.00980392156862745,ref
3511,6,219,0.0,gen
3512,6,220,0.0,ref
3513,6,220,0.0,gen
3514,6,221,0.0,ref
3515,6,221,0.0,gen
3516,6,222,0.0,ref
3517,6,222,0.007633587786259542,gen
3518,6,223,0.0,ref
3519,6,223,0.0,gen
3520,6,224,0.0,ref
3521,6,224,0.0,gen
3522,6,225,0.0,ref
3523,6,225,0.0,gen
3524,6,226,0.0,ref
3525,6,226,0.0,gen
3526,6,227,0.0,ref
3527,6,227,0.0,gen
3528,6,228,0.0,ref
3529,6,228,0.0,gen
3530,6,229,0.0,ref
3531,6,229,0.0,gen
3532,6,230,0.0,ref
3533,6,230,0.0,gen
3534,6,231,0.0,ref
3535,6,231,0.0,gen
3536,6,232,0.0,ref
3537,6,232,0.0,gen
3538,6,233,0.0,ref
3539,6,233,0.0,gen
3540,6,234,0.0,ref
3541,6,234,0.0,gen
3542,6,235,0.0,ref
3543,6,235,0.0,gen
3544,6,236,0.0,ref
3545,6,236,0.0,gen
3546,6,237,0.0,ref
3547,6,237,0.0,gen
3548,6,238,0.0,ref
3549,6,238,0.007633587786259542,gen
3550,6,239,0.0,ref
3551,6,239,0.0,gen
3552,6,240,0.0,ref
3553,6,240,0.0,gen
3554,6,241,0.0,ref
3555,6,241,0.0,gen
3556,6,242,0.0,ref
3557,6,242,0.0,gen
3558,6,243,0.0,ref
3559,6,243,0.0,gen
3560,6,244,0.0,ref
3561,6,244,0.0,gen
3562,6,245,0.0,ref
3563,6,245,0.0,gen
3564,6,246,0.0,ref
3565,6,246,0.0,gen
3566,6,247,0.0,ref
3567,6,247,0.007633587786259542,gen
3568,6,248,0.0,ref
3569,6,248,0.0,gen
3570,6,249,0.0,ref
3571,6,249,0.0,gen
3572,6,250,0.0,ref
3573,6,250,0.0,gen
3574,6,251,0.0,ref
3575,6,251,0.0,gen
3576,6,252,0.0,ref
3577,6,252,0.0,gen
3578,6,253,0.0,ref
3579,6,253,0.0,gen
3580,6,254,0.0,ref
3581,6,254,0.0,gen
3582,6,255,0.0,ref
3583,6,255,0.007633587786259542,gen
3584,7,0,0.0,ref
3585,7,0,0.0,gen
3586,7,1,0.0,ref
3587,7,1,0.0,gen
3588,7,2,0.0,ref
3589,7,2,0.0,gen
3590,7,3,0.0,ref
3591,7,3,0.0,gen
3592,7,4,0.0,ref
3593,7,4,0.0,gen
3594,7,5,0.0,ref
3595,7,5,0.0,gen
3596,7,6,0.0,ref
3597,7,6,0.0,gen
3598,7,7,0.0,ref
3599,7,7,0.0,gen
3600,7,8,0.0,ref
3601,7,8,0.0,gen
3602,7,9,0.0,ref
3603,7,9,0.0,gen
3604,7,10,0.0,ref
3605,7,10,0.0,gen
3606,7,11,0.0,ref
3607,7,11,0.0,gen
3608,7,12,0.0,ref
3609,7,12,0.0,gen
3610,7,13,0.0,ref
3611,7,13,0.0,gen
3612,7,14,0.0,ref
3613,7,14,0.0,gen
3614,7,15,0.0,ref
3615,7,15,0.0,gen
3616,7,16,0.0,ref
3617,7,16,0.0,gen
3618,7,17,0.0,ref
3619,7,17,0.0,gen
3620,7,18,0.0,ref
3621,7,18,0.0,gen
3622,7,19,0.0,ref
3623,7,19,0.0,gen
3624,7,20,0.0,ref
3625,7,20,0.0,gen
3626,7,21,0.0,ref
3627,7,21,0.0,gen
3628,7,22,0.0,ref
3629,7,22,0.0,gen
3630,7,23,0.0,ref
3631,7,23,0.0,gen
3632,7,24,0.022222222222222223,ref
3633,7,24,0.0,gen
3634,7,25,0.0,ref
3635,7,25,0.023809523809523808,gen
3636,7,26,0.0,ref
3637,7,26,0.0,gen
3638,7,27,0.0,ref
3639,7,27,0.023809523809523808,gen
3640,7,28,0.0,ref
3641,7,28,0.0,gen
3642,7,29,0.0,ref
3643,7,29,0.0,gen
3644,7,30,0.0,ref
3645,7,30,0.0,gen
3646,7,31,0.0,ref
3647,7,31,0.0,gen
3648,7,32,0.0,ref
3649,7,32,0.0,gen
3650,7,33,0.0,ref
3651,7,33,0.0,gen
3652,7,34,0.022222222222222223,ref
3653,7,34,0.0,gen
3654,7,35,0.0,ref
3655,7,35,0.0,gen
3656,7,36,0.0,ref
3657,7,36,0.0,gen
3658,7,37,0.0,ref
3659,7,37,0.0,gen
3660,7,38,0.022222222222222223,ref
3661,7,38,0.0,gen
3662,7,39,0.0,ref
3663,7,39,0.0,gen
3664,7,40,0.0,ref
3665,7,40,0.0,gen
3666,7,41,0.0,ref
3667,7,41,0.0,gen
3668,7,42,0.0,ref
3669,7,42,0.0,gen
3670,7,43,0.0,ref
3671,7,43,0.0,gen
3672,7,44,0.0,ref
3673,7,44,0.0,gen
3674,7,45,0.0,ref
3675,7,45,0.0,gen
3676,7,46,0.0,ref
3677,7,46,0.0,gen
3678,7,47,0.0,ref
3679,7,47,0.0,gen
3680,7,48,0.0,ref
3681,7,48,0.0,gen
3682,7,49,0.0,ref
3683,7,49,0.0,gen
3684,7,50,0.0,ref
3685,7,50,0.0,gen
3686,7,51,0.0,ref
3687,7,51,0.0,gen
3688,7,52,0.0,ref
3689,7,52,0.0,gen
3690,7,53,0.0,ref
3691,7,53,0.0,gen
3692,7,54,0.0,ref
3693,7,54,0.0,gen
3694,7,55,0.0,ref
3695,7,55,0.0,gen
3696,7,56,0.0,ref
3697,7,56,0.0,gen
3698,7,57,0.0,ref
3699,7,57,0.0,gen
3700,7,58,0.0,ref
3701,7,58,0.0,gen
3702,7,59,0.0,ref
3703,7,59,0.0,gen
3704,7,60,0.0,ref
3705,7,60,0.0,gen
3706,7,61,0.0,ref
3707,7,61,0.0,gen
3708,7,62,0.0,ref
3709,7,62,0.0,gen
3710,7,63,0.0,ref
3711,7,63,0.0,gen
3712,7,64,0.022222222222222223,ref
3713,7,64,0.0,gen
3714,7,65,0.0,ref
3715,7,65,0.0,gen
3716,7,66,0.0,ref
3717,7,66,0.0,gen
3718,7,67,0.0,ref
3719,7,67,0.0,gen
3720,7,68,0.0,ref
3721,7,68,0.0,gen
3722,7,69,0.0,ref
3723,7,69,0.0,gen
3724,7,70,0.0,ref
3725,7,70,0.0,gen
3726,7,71,0.0,ref
3727,7,71,0.0,gen
3728,7,72,0.0,ref
3729,7,72,0.0,gen
3730,7,73,0.0,ref
3731,7,73,0.0,gen
3732,7,74,0.0,ref
3733,7,74,0.0,gen
3734,7,75,0.0,ref
3735,7,75,0.0,gen
3736,7,76,0.0,ref
3737,7,76,0.0,gen
3738,7,77,0.0,ref
3739,7,77,0.0,gen
3740,7,78,0.0,ref
3741,7,78,0.0,gen
3742,7,79,0.0,ref
3743,7,79,0.0,gen
3744,7,80,0.0,ref
3745,7,80,0.0,gen
3746,7,81,0.0,ref
3747,7,81,0.0,gen
3748,7,82,0.0,ref
3749,7,82,0.0,gen
3750,7,83,0.0,ref
3751,7,83,0.0,gen
3752,7,84,0.0,ref
3753,7,84,0.0,gen
3754,7,85,0.0,ref
3755,7,85,0.0,gen
3756,7,86,0.0,ref
3757,7,86,0.0,gen
3758,7,87,0.0,ref
3759,7,87,0.0,gen
3760,7,88,0.0,ref
3761,7,88,0.0,gen
3762,7,89,0.0,ref
3763,7,89,0.0,gen
3764,7,90,0.0,ref
3765,7,90,0.0,gen
3766,7,91,0.0,ref
3767,7,91,0.0,gen
3768,7,92,0.0,ref
3769,7,92,0.0,gen
3770,7,93,0.0,ref
3771,7,93,0.0,gen
3772,7,94,0.0,ref
3773,7,94,0.0,gen
3774,7,95,0.0,ref
3775,7,95,0.0,gen
3776,7,96,0.0,ref
3777,7,96,0.0,gen
3778,7,97,0.0,ref
3779,7,97,0.0,gen
3780,7,98,0.0,ref
3781,7,98,0.0,gen
3782,7,99,0.0,ref
3783,7,99,0.0,gen
3784,7,100,0.0,ref
3785,7,100,0.0,gen
3786,7,101,0.0,ref
3787,7,101,0.0,gen
3788,7,102,0.022222222222222223,ref
3789,7,102,0.0,gen
3790,7,103,0.0,ref
3791,7,103,0.0,gen
3792,7,104,0.0,ref
3793,7,104,0.0,gen
3794,7,105,0.0,ref
3795,7,105,0.0,gen
3796,7,106,0.0,ref
3797,7,106,0.0,gen
3798,7,107,0.0,ref
3799,7,107,0.0,gen
3800,7,108,0.0,ref
3801,7,108,0.0,gen
3802,7,109,0.0,ref
3803,7,109,0.0,gen
3804,7,110,0.0,ref
3805,7,110,0.0,gen
3806,7,111,0.0,ref
3807,7,111,0.0,gen
3808,7,112,0.0,ref
3809,7,112,0.0,gen
3810,7,113,0.0,ref
3811,7,113,0.0,gen
3812,7,114,0.0,ref
3813,7,114,0.0,gen
3814,7,115,0.0,ref
3815,7,115,0.0,gen
3816,7,116,0.0,ref
3817,7,116,0.0,gen
3818,7,117,0.0,ref
3819,7,117,0.0,gen
3820,7,118,0.0,ref
3821,7,118,0.0,gen
3822,7,119,0.0,ref
3823,7,119,0.0,gen
3824,7,120,0.0,ref
3825,7,120,0.0,gen
3826,7,121,0.0,ref
3827,7,121,0.0,gen
3828,7,122,0.0,ref
3829,7,122,0.0,gen
3830,7,123,0.0,ref
3831,7,123,0.0,gen
3832,7,124,0.0,ref
3833,7,124,0.0,gen
3834,7,125,0.0,ref
3835,7,125,0.0,gen
3836,7,126,0.0,ref
3837,7,126,0.0,gen
3838,7,127,0.0,ref
3839,7,127,0.0,gen
3840,7,128,0.0,ref
3841,7,128,0.0,gen
3842,7,129,0.0,ref
3843,7,129,0.0,gen
3844,7,130,0.0,ref
3845,7,130,0.0,gen
3846,7,131,0.0,ref
3847,7,131,0.0,gen
3848,7,132,0.0,ref
3849,7,132,0.0,gen
3850,7,133,0.0,ref
3851,7,133,0.0,gen
3852,7,134,0.0,ref
3853,7,134,0.0,gen
3854,7,135,0.0,ref
3855,7,135,0.0,gen
3856,7,136,0.0,ref
3857,7,136,0.0,gen
3858,7,137,0.0,ref
3859,7,137,0.0,gen
3860,7,138,0.0,ref
3861,7,138,0.0,gen
3862,7,139,0.0,ref
3863,7,139,0.0,gen
3864,7,140,0.0,ref
3865,7,140,0.0,gen
3866,7,141,0.0,ref
3867,7,141,0.0,gen
3868,7,142,0.0,ref
3869,7,142,0.0,gen
3870,7,143,0.0,ref
3871,7,143,0.0,gen
3872,7,144,0.022222222222222223,ref
3873,7,144,0.0,gen
3874,7,145,0.0,ref
3875,7,145,0.0,gen
3876,7,146,0.0,ref
3877,7,146,0.0,gen
3878,7,147,0.0,ref
3879,7,147,0.0,gen
3880,7,148,0.0,ref
3881,7,148,0.0,gen
3882,7,149,0.0,ref
3883,7,149,0.0,gen
3884,7,150,0.0,ref
3885,7,150,0.0,gen
3886,7,151,0.0,ref
3887,7,151,0.0,gen
3888,7,152,0.0,ref
3889,7,152,0.0,gen
3890,7,153,0.0,ref
3891,7,153,0.0,gen
3892,7,154,0.0,ref
3893,7,154,0.0,gen
3894,7,155,0.0,ref
3895,7,155,0.0,gen
3896,7,156,0.0,ref
3897,7,156,0.0,gen
3898,7,157,0.0,ref
3899,7,157,0.0,gen
3900,7,158,0.0,ref
3901,7,158,0.0,gen
3902,7,159,0.0,ref
3903,7,159,0.0,gen
3904,7,160,0.0,ref
3905,7,160,0.0,gen
3906,7,161,0.0,ref
3907,7,161,0.0,gen
3908,7,162,0.0,ref
3909,7,162,0.0,gen
3910,7,163,0.0,ref
3911,7,163,0.0,gen
3912,7,164,0.022222222222222223,ref
3913,7,164,0.0,gen
3914,7,165,0.0,ref
3915,7,165,0.0,gen
3916,7,166,0.0,ref
3917,7,166,0.0,gen
3918,7,167,0.0,ref
3919,7,167,0.0,gen
3920,7,168,0.0,ref
3921,7,168,0.0,gen
3922,7,169,0.0,ref
3923,7,169,0.0,gen
3924,7,170,0.0,ref
3925,7,170,0.0,gen
3926,7,171,0.0,ref
3927,7,171,0.0,gen
3928,7,172,0.0,ref
3929,7,172,0.0,gen
3930,7,173,0.0,ref
3931,7,173,0.0,gen
3932,7,174,0.0,ref
3933,7,174,0.0,gen
3934,7,175,0.0,ref
3935,7,175,0.0,gen
3936,7,176,0.0,ref
3937,7,176,0.0,gen
3938,7,177,0.0,ref
3939,7,177,0.0,gen
3940,7,178,0.0,ref
3941,7,178,0.0,gen
3942,7,179,0.0,ref
3943,7,179,0.0,gen
3944,7,180,0.0,ref
3945,7,180,0.0,gen
3946,7,181,0.0,ref
3947,7,181,0.0,gen
3948,7,182,0.0,ref
3949,7,182,0.0,gen
3950,7,183,0.0,ref
3951,7,183,0.0,gen
3952,7,184,0.0,ref
3953,7,184,0.0,gen
3954,7,185,0.0,ref
3955,7,185,0.0,gen
3956,7,186,0.0,ref
3957,7,186,0.0,gen
3958,7,187,0.0,ref
3959,7,187,0.0,gen
3960,7,188,0.0,ref
3961,7,188,0.0,gen
3962,7,189,0.0,ref
3963,7,189,0.0,gen
3964,7,190,0.0,ref
3965,7,190,0.0,gen
3966,7,191,0.0,ref
3967,7,191,0.0,gen
3968,7,192,0.0,ref
3969,7,192,0.0,gen
3970,7,193,0.0,ref
3971,7,193,0.0,gen
3972,7,194,0.0,ref
3973,7,194,0.0,gen
3974,7,195,0.0,ref
3975,7,195,0.0,gen
3976,7,196,0.0,ref
3977,7,196,0.0,gen
3978,7,197,0.0,ref
3979,7,197,0.0,gen
3980,7,198,0.0,ref
3981,7,198,0.0,gen
3982,7,199,0.0,ref
3983,7,199,0.0,gen
3984,7,200,0.0,ref
3985,7,200,0.0,gen
3986,7,201,0.0,ref
3987,7,201,0.023809523809523808,gen
3988,7,202,0.0,ref
3989,7,202,0.0,gen
3990,7,203,0.0,ref
3991,7,203,0.0,gen
3992,7,204,0.0,ref
3993,7,204,0.0,gen
3994,7,205,0.0,ref
3995,7,205,0.0,gen
3996,7,206,0.0,ref
3997,7,206,0.0,gen
3998,7,207,0.0,ref
3999,7,207,0.0,gen
4000,7,208,0.0,ref
4001,7,208,0.0,gen
4002,7,209,0.0,ref
4003,7,209,0.0,gen
4004,7,210,0.0,ref
4005,7,210,0.0,gen
4006,7,211,0.0,ref
4007,7,211,0.0,gen
4008,7,212,0.0,ref
4009,7,212,0.0,gen
4010,7,213,0.0,ref
4011,7,213,0.0,gen
4012,7,214,0.0,ref
4013,7,214,0.0,gen
4014,7,215,0.0,ref
4015,7,215,0.0,gen
4016,7,216,0.0,ref
4017,7,216,0.0,gen
4018,7,217,0.0,ref
4019,7,217,0.0,gen
4020,7,218,0.0,ref
4021,7,218,0.0,gen
4022,7,219,0.0,ref
4023,7,219,0.0,gen
4024,7,220,0.0,ref
4025,7,220,0.0,gen
4026,7,221,0.0,ref
4027,7,221,0.0,gen
4028,7,222,0.0,ref
4029,7,222,0.0,gen
4030,7,223,0.0,ref
4031,7,223,0.0,gen
4032,7,224,0.0,ref
4033,7,224,0.0,gen
4034,7,225,0.0,ref
4035,7,225,0.0,gen
4036,7,226,0.0,ref
4037,7,226,0.0,gen
4038,7,227,0.0,ref
4039,7,227,0.0,gen
4040,7,228,0.0,ref
4041,7,228,0.0,gen
4042,7,229,0.0,ref
4043,7,229,0.0,gen
4044,7,230,0.0,ref
4045,7,230,0.0,gen
4046,7,231,0.0,ref
4047,7,231,0.0,gen
4048,7,232,0.0,ref
4049,7,232,0.0,gen
4050,7,233,0.0,ref
4051,7,233,0.0,gen
4052,7,234,0.0,ref
4053,7,234,0.0,gen
4054,7,235,0.0,ref
4055,7,235,0.0,gen
4056,7,236,0.0,ref
4057,7,236,0.0,gen
4058,7,237,0.0,ref
4059,7,237,0.0,gen
4060,7,238,0.0,ref
4061,7,238,0.0,gen
4062,7,239,0.0,ref
4063,7,239,0.0,gen
4064,7,240,0.0,ref
4065,7,240,0.0,gen
4066,7,241,0.0,ref
4067,7,241,0.0,gen
4068,7,242,0.0,ref
4069,7,242,0.0,gen
4070,7,243,0.0,ref
4071,7,243,0.0,gen
4072,7,244,0.0,ref
4073,7,244,0.0,gen
4074,7,245,0.0,ref
4075,7,245,0.0,gen
4076,7,246,0.0,ref
4077,7,246,0.0,gen
4078,7,247,0.0,ref
4079,7,247,0.0,gen
4080,7,248,0.0,ref
4081,7,248,0.0,gen
4082,7,249,0.0,ref
4083,7,249,0.0,gen
4084,7,250,0.0,ref
4085,7,250,0.0,gen
4086,7,251,0.0,ref
4087,7,251,0.0,gen
4088,7,252,0.0,ref
4089,7,252,0.0,gen
4090,7,253,0.0,ref
4091,7,253,0.0,gen
4092,7,254,0.0,ref
4093,7,254,0.0,gen
4094,7,255,0.0,ref
4095,7,255,0.0,gen
4096,8,0,0.0,ref
4097,8,0,0.0,gen
4098,8,1,0.0,ref
4099,8,1,0.0,gen
4100,8,2,0.0,ref
4101,8,2,0.0,gen
4102,8,3,0.0,ref
4103,8,3,0.0,gen
4104,8,4,0.0,ref
4105,8,4,0.0,gen
4106,8,5,0.0,ref
4107,8,5,0.0,gen
4108,8,6,0.0125,ref
4109,8,6,0.0,gen
4110,8,7,0.0,ref
4111,8,7,0.015151515151515152,gen
4112,8,8,0.0,ref
4113,8,8,0.015151515151515152,gen
4114,8,9,0.0,ref
4115,8,9,0.0,gen
4116,8,10,0.0,ref
4117,8,10,0.0,gen
4118,8,11,0.0,ref
4119,8,11,0.0,gen
4120,8,12,0.0,ref
4121,8,12,0.0,gen
4122,8,13,0.0,ref
4123,8,13,0.0,gen
4124,8,14,0.0,ref
4125,8,14,0.0,gen
4126,8,15,0.0,ref
4127,8,15,0.0,gen
4128,8,16,0.0,ref
4129,8,16,0.0,gen
4130,8,17,0.0,ref
4131,8,17,0.0,gen
4132,8,18,0.0,ref
4133,8,18,0.0,gen
4134,8,19,0.0,ref
4135,8,19,0.0,gen
4136,8,20,0.0,ref
4137,8,20,0.0,gen
4138,8,21,0.0,ref
4139,8,21,0.0,gen
4140,8,22,0.0,ref
4141,8,22,0.0,gen
4142,8,23,0.0,ref
4143,8,23,0.0,gen
4144,8,24,0.0,ref
4145,8,24,0.0,gen
4146,8,25,0.0,ref
4147,8,25,0.015151515151515152,gen
4148,8,26,0.0,ref
4149,8,26,0.0,gen
4150,8,27,0.0,ref
4151,8,27,0.0,gen
4152,8,28,0.0,ref
4153,8,28,0.0,gen
4154,8,29,0.0,ref
4155,8,29,0.0,gen
4156,8,30,0.0,ref
4157,8,30,0.015151515151515152,gen
4158,8,31,0.0,ref
4159,8,31,0.0,gen
4160,8,32,0.0,ref
4161,8,32,0.0,gen
4162,8,33,0.0,ref
4163,8,33,0.0,gen
4164,8,34,0.0,ref
4165,8,34,0.0,gen
4166,8,35,0.0,ref
4167,8,35,0.0,gen
4168,8,36,0.0,ref
4169,8,36,0.0,gen
4170,8,37,0.0,ref
4171,8,37,0.0,gen
4172,8,38,0.0,ref
4173,8,38,0.0,gen
4174,8,39,0.0,ref
4175,8,39,0.0,gen
4176,8,40,0.0,ref
4177,8,40,0.0,gen
4178,8,41,0.0,ref
4179,8,41,0.0,gen
4180,8,42,0.0125,ref
4181,8,42,0.0,gen
4182,8,43,0.0,ref
4183,8,43,0.0,gen
4184,8,44,0.0,ref
4185,8,44,0.0,gen
4186,8,45,0.0,ref
4187,8,45,0.0,gen
4188,8,46,0.0,ref
4189,8,46,0.0,gen
4190,8,47,0.0,ref
4191,8,47,0.0,gen
4192,8,48,0.0,ref
4193,8,48,0.0,gen
4194,8,49,0.0,ref
4195,8,49,0.0,gen
4196,8,50,0.0,ref
4197,8,50,0.015151515151515152,gen
4198,8,51,0.0,ref
4199,8,51,0.0,gen
4200,8,52,0.0,ref
4201,8,52,0.0,gen
4202,8,53,0.0,ref
4203,8,53,0.0,gen
4204,8,54,0.0,ref
4205,8,54,0.0,gen
4206,8,55,0.0,ref
4207,8,55,0.0,gen
4208,8,56,0.0,ref
4209,8,56,0.0,gen
4210,8,57,0.0,ref
4211,8,57,0.0,gen
4212,8,58,0.0,ref
4213,8,58,0.0,gen
4214,8,59,0.0,ref
4215,8,59,0.0,gen
4216,8,60,0.0,ref
4217,8,60,0.0,gen
4218,8,61,0.0,ref
4219,8,61,0.0,gen
4220,8,62,0.0,ref
4221,8,62,0.0,gen
4222,8,63,0.0,ref
4223,8,63,0.0,gen
4224,8,64,0.0,ref
4225,8,64,0.0,gen
4226,8,65,0.0,ref
4227,8,65,0.0,gen
4228,8,66,0.0,ref
4229,8,66,0.0,gen
4230,8,67,0.0,ref
4231,8,67,0.0,gen
4232,8,68,0.0,ref
4233,8,68,0.0,gen
4234,8,69,0.0,ref
4235,8,69,0.0,gen
4236,8,70,0.0,ref
4237,8,70,0.0,gen
4238,8,71,0.0,ref
4239,8,71,0.0,gen
4240,8,72,0.0,ref
4241,8,72,0.0,gen
4242,8,73,0.0,ref
4243,8,73,0.0,gen
4244,8,74,0.0,ref
4245,8,74,0.0,gen
4246,8,75,0.0,ref
4247,8,75,0.0,gen
4248,8,76,0.0,ref
4249,8,76,0.0,gen
4250,8,77,0.0,ref
4251,8,77,0.0,gen
4252,8,78,0.0,ref
4253,8,78,0.0,gen
4254,8,79,0.0,ref
4255,8,79,0.0,gen
4256,8,80,0.0,ref
4257,8,80,0.0,gen
4258,8,81,0.0,ref
4259,8,81,0.0,gen
4260,8,82,0.0,ref
4261,8,82,0.0,gen
4262,8,83,0.0,ref
4263,8,83,0.0,gen
4264,8,84,0.0,ref
4265,8,84,0.0,gen
4266,8,85,0.0,ref
4267,8,85,0.0,gen
4268,8,86,0.0,ref
4269,8,86,0.0,gen
4270,8,87,0.0,ref
4271,8,87,0.0,gen
4272,8,88,0.0,ref
4273,8,88,0.0,gen
4274,8,89,0.0,ref
4275,8,89,0.0,gen
4276,8,90,0.0,ref
4277,8,90,0.0,gen
4278,8,91,0.0,ref
4279,8,91,0.0,gen
4280,8,92,0.0,ref
4281,8,92,0.0,gen
4282,8,93,0.0,ref
4283,8,93,0.0,gen
4284,8,94,0.0,ref
4285,8,94,0.0,gen
4286,8,95,0.0,ref
4287,8,95,0.0,gen
4288,8,96,0.0,ref
4289,8,96,0.015151515151515152,gen
4290,8,97,0.0,ref
4291,8,97,0.0,gen
4292,8,98,0.0,ref
4293,8,98,0.0,gen
4294,8,99,0.0,ref
4295,8,99,0.0,gen
4296,8,100,0.0,ref
4297,8,100,0.0,gen
4298,8,101,0.0,ref
4299,8,101,0.0,gen
4300,8,102,0.0,ref
4301,8,102,0.0,gen
4302,8,103,0.0,ref
4303,8,103,0.0,gen
4304,8,104,0.0,ref
4305,8,104,0.0,gen
4306,8,105,0.0,ref
4307,8,105,0.015151515151515152,gen
4308,8,106,0.0,ref
4309,8,106,0.0,gen
4310,8,107,0.0,ref
4311,8,107,0.0,gen
4312,8,108,0.0,ref
4313,8,108,0.0,gen
4314,8,109,0.0,ref
4315,8,109,0.0,gen
4316,8,110,0.0,ref
4317,8,110,0.0,gen
4318,8,111,0.0,ref
4319,8,111,0.0,gen
4320,8,112,0.0,ref
4321,8,112,0.0,gen
4322,8,113,0.0,ref
4323,8,113,0.0,gen
4324,8,114,0.0,ref
4325,8,114,0.0,gen
4326,8,115,0.0,ref
4327,8,115,0.0,gen
4328,8,116,0.0,ref
4329,8,116,0.0,gen
4330,8,117,0.0,ref
4331,8,117,0.0,gen
4332,8,118,0.0,ref
4333,8,118,0.0,gen
4334,8,119,0.0,ref
4335,8,119,0.0,gen
4336,8,120,0.0,ref
4337,8,120,0.0,gen
4338,8,121,0.0,ref
4339,8,121,0.0,gen
4340,8,122,0.0,ref
4341,8,122,0.015151515151515152,gen
4342,8,123,0.0,ref
4343,8,123,0.0,gen
4344,8,124,0.0,ref
4345,8,124,0.0,gen
4346,8,125,0.0,ref
4347,8,125,0.0,gen
4348,8,126,0.0,ref
4349,8,126,0.0,gen
4350,8,127,0.0,ref
4351,8,127,0.0,gen
4352,8,128,0.0,ref
4353,8,128,0.0,gen
4354,8,129,0.0,ref
4355,8,129,0.0,gen
4356,8,130,0.0,ref
4357,8,130,0.0,gen
4358,8,131,0.0,ref
4359,8,131,0.0,gen
4360,8,132,0.0,ref
4361,8,132,0.0,gen
4362,8,133,0.0,ref
4363,8,133,0.0,gen
4364,8,134,0.0,ref
4365,8,134,0.0,gen
4366,8,135,0.0,ref
4367,8,135,0.0,gen
4368,8,136,0.0,ref
4369,8,136,0.0,gen
4370,8,137,0.0,ref
4371,8,137,0.0,gen
4372,8,138,0.0,ref
4373,8,138,0.015151515151515152,gen
4374,8,139,0.0,ref
4375,8,139,0.0,gen
4376,8,140,0.0,ref
4377,8,140,0.0,gen
4378,8,141,0.0,ref
4379,8,141,0.0,gen
4380,8,142,0.0,ref
4381,8,142,0.0,gen
4382,8,143,0.0,ref
4383,8,143,0.0,gen
4384,8,144,0.0,ref
4385,8,144,0.0,gen
4386,8,145,0.0,ref
4387,8,145,0.0,gen
4388,8,146,0.0,ref
4389,8,146,0.0,gen
4390,8,147,0.0,ref
4391,8,147,0.0,gen
4392,8,148,0.0,ref
4393,8,148,0.0,gen
4394,8,149,0.0,ref
4395,8,149,0.0,gen
4396,8,150,0.0,ref
4397,8,150,0.0,gen
4398,8,151,0.0,ref
4399,8,151,0.0,gen
4400,8,152,0.0,ref
4401,8,152,0.0,gen
4402,8,153,0.0,ref
4403,8,153,0.0,gen
4404,8,154,0.0,ref
4405,8,154,0.015151515151515152,gen
4406,8,155,0.0,ref
4407,8,155,0.0,gen
4408,8,156,0.0,ref
4409,8,156,0.0,gen
4410,8,157,0.0125,ref
4411,8,157,0.0,gen
4412,8,158,0.0,ref
4413,8,158,0.0,gen
4414,8,159,0.0,ref
4415,8,159,0.0,gen
4416,8,160,0.0,ref
4417,8,160,0.0,gen
4418,8,161,0.0,ref
4419,8,161,0.0,gen
4420,8,162,0.0,ref
4421,8,162,0.0,gen
4422,8,163,0.0,ref
4423,8,163,0.0,gen
4424,8,164,0.0,ref
4425,8,164,0.0,gen
4426,8,165,0.0,ref
4427,8,165,0.0,gen
4428,8,166,0.0,ref
4429,8,166,0.0,gen
4430,8,167,0.0,ref
4431,8,167,0.0,gen
4432,8,168,0.0,ref
4433,8,168,0.0,gen
4434,8,169,0.0,ref
4435,8,169,0.0,gen
4436,8,170,0.0,ref
4437,8,170,0.0,gen
4438,8,171,0.0,ref
4439,8,171,0.0,gen
4440,8,172,0.0,ref
4441,8,172,0.0,gen
4442,8,173,0.0,ref
4443,8,173,0.0,gen
4444,8,174,0.0,ref
4445,8,174,0.015151515151515152,gen
4446,8,175,0.0,ref
4447,8,175,0.0,gen
4448,8,176,0.0,ref
4449,8,176,0.0,gen
4450,8,177,0.0,ref
4451,8,177,0.0,gen
4452,8,178,0.0,ref
4453,8,178,0.0,gen
4454,8,179,0.0,ref
4455,8,179,0.0,gen
4456,8,180,0.0,ref
4457,8,180,0.0,gen
4458,8,181,0.0,ref
4459,8,181,0.0,gen
4460,8,182,0.0,ref
4461,8,182,0.0,gen
4462,8,183,0.0,ref
4463,8,183,0.0,gen
4464,8,184,0.0,ref
4465,8,184,0.0,gen
4466,8,185,0.0,ref
4467,8,185,0.0,gen
4468,8,186,0.0,ref
4469,8,186,0.0,gen
4470,8,187,0.0,ref
4471,8,187,0.0,gen
4472,8,188,0.0,ref
4473,8,188,0.0,gen
4474,8,189,0.0,ref
4475,8,189,0.0,gen
4476,8,190,0.0,ref
4477,8,190,0.0,gen
4478,8,191,0.0,ref
4479,8,191,0.015151515151515152,gen
4480,8,192,0.0,ref
4481,8,192,0.0,gen
4482,8,193,0.0,ref
4483,8,193,0.0,gen
4484,8,194,0.0,ref
4485,8,194,0.0,gen
4486,8,195,0.0,ref
4487,8,195,0.0,gen
4488,8,196,0.0,ref
4489,8,196,0.0,gen
4490,8,197,0.0,ref
4491,8,197,0.0,gen
4492,8,198,0.0,ref
4493,8,198,0.0,gen
4494,8,199,0.0,ref
4495,8,199,0.0,gen
4496,8,200,0.0,ref
4497,8,200,0.0,gen
4498,8,201,0.0,ref
4499,8,201,0.0,gen
4500,8,202,0.0,ref
4501,8,202,0.0,gen
4502,8,203,0.0,ref
4503,8,203,0.0,gen
4504,8,204,0.0,ref
4505,8,204,0.0,gen
4506,8,205,0.0,ref
4507,8,205,0.0,gen
4508,8,206,0.0,ref
4509,8,206,0.0,gen
4510,8,207,0.0,ref
4511,8,207,0.0,gen
4512,8,208,0.0,ref
4513,8,208,0.0,gen
4514,8,209,0.0,ref
4515,8,209,0.0,gen
4516,8,210,0.0,ref
4517,8,210,0.0,gen
4518,8,211,0.0,ref
4519,8,211,0.0,gen
4520,8,212,0.0,ref
4521,8,212,0.0,gen
4522,8,213,0.0,ref
4523,8,213,0.0,gen
4524,8,214,0.0,ref
4525,8,214,0.0,gen
4526,8,215,0.0,ref
4527,8,215,0.0,gen
4528,8,216,0.0,ref
4529,8,216,0.0,gen
4530,8,217,0.0,ref
4531,8,217,0.0,gen
4532,8,218,0.0,ref
4533,8,218,0.0,gen
4534,8,219,0.0,ref
4535,8,219,0.0,gen
4536,8,220,0.0,ref
4537,8,220,0.0,gen
4538,8,221,0.0,ref
4539,8,221,0.0,gen
4540,8,222,0.0,ref
4541,8,222,0.0,gen
4542,8,223,0.0,ref
4543,8,223,0.0,gen
4544,8,224,0.0,ref
4545,8,224,0.0,gen
4546,8,225,0.0,ref
4547,8,225,0.0,gen
4548,8,226,0.0,ref
4549,8,226,0.0,gen
4550,8,227,0.0,ref
4551,8,227,0.0,gen
4552,8,228,0.0,ref
4553,8,228,0.0,gen
4554,8,229,0.0,ref
4555,8,229,0.0,gen
4556,8,230,0.0,ref
4557,8,230,0.0,gen
4558,8,231,0.0,ref
4559,8,231,0.0,gen
4560,8,232,0.0,ref
4561,8,232,0.0,gen
4562,8,233,0.0,ref
4563,8,233,0.0,gen
4564,8,234,0.0,ref
4565,8,234,0.0,gen
4566,8,235,0.0,ref
4567,8,235,0.0,gen
4568,8,236,0.0,ref
4569,8,236,0.015151515151515152,gen
4570,8,237,0.0,ref
4571,8,237,0.0,gen
4572,8,238,0.0,ref
4573,8,238,0.0,gen
4574,8,239,0.0,ref
4575,8,239,0.0,gen
4576,8,240,0.0,ref
4577,8,240,0.0,gen
4578,8,241,0.0,ref
4579,8,241,0.0,gen
4580,8,242,0.0,ref
4581,8,242,0.0,gen
4582,8,243,0.0,ref
4583,8,243,0.0,gen
4584,8,244,0.0,ref
4585,8,244,0.0,gen
4586,8,245,0.0,ref
4587,8,245,0.0,gen
4588,8,246,0.0,ref
4589,8,246,0.0,gen
4590,8,247,0.0,ref
4591,8,247,0.0,gen
4592,8,248,0.0,ref
4593,8,248,0.0,gen
4594,8,249,0.0,ref
4595,8,249,0.0,gen
4596,8,250,0.0,ref
4597,8,250,0.0,gen
4598,8,251,0.0,ref
4599,8,251,0.0,gen
4600,8,252,0.0,ref
4601,8,252,0.0,gen
4602,8,253,0.0,ref
4603,8,253,0.0,gen
4604,8,254,0.0,ref
4605,8,254,0.0,gen
4606,8,255,0.0,ref
4607,8,255,0.0,gen
4608,9,0,0.0,ref
4609,9,0,0.0,gen
4610,9,1,0.0,ref
4611,9,1,0.0,gen
4612,9,2,0.0,ref
4613,9,2,0.0,gen
4614,9,3,0.0,ref
4615,9,3,0.0,gen
4616,9,4,0.00641025641025641,ref
4617,9,4,0.0,gen
4618,9,5,0.0,ref
4619,9,5,0.005714285714285714,gen
4620,9,6,0.0,ref
4621,9,6,0.0,gen
4622,9,7,0.0,ref
4623,9,7,0.0,gen
4624,9,8,0.0,ref
4625,9,8,0.0,gen
4626,9,9,0.0,ref
4627,9,9,0.0,gen
4628,9,10,0.0,ref
4629,9,10,0.0,gen
4630,9,11,0.0,ref
4631,9,11,0.0,gen
4632,9,12,0.0,ref
4633,9,12,0.0,gen
4634,9,13,0.0,ref
4635,9,13,0.005714285714285714,gen
4636,9,14,0.0,ref
4637,9,14,0.0,gen
4638,9,15,0.00641025641025641,ref
4639,9,15,0.0,gen
4640,9,16,0.0,ref
4641,9,16,0.0,gen
4642,9,17,0.0,ref
4643,9,17,0.0,gen
4644,9,18,0.0,ref
4645,9,18,0.0,gen
4646,9,19,0.0,ref
4647,9,19,0.0,gen
4648,9,20,0.00641025641025641,ref
4649,9,20,0.0,gen
4650,9,21,0.0,ref
4651,9,21,0.0,gen
4652,9,22,0.0,ref
4653,9,22,0.0,gen
4654,9,23,0.0,ref
4655,9,23,0.0,gen
4656,9,24,0.0,ref
4657,9,24,0.0,gen
4658,9,25,0.0,ref
4659,9,25,0.0,gen
4660,9,26,0.0,ref
4661,9,26,0.0,gen
4662,9,27,0.0,ref
4663,9,27,0.0,gen
4664,9,28,0.0,ref
4665,9,28,0.0,gen
4666,9,29,0.0,ref
4667,9,29,0.005714285714285714,gen
4668,9,30,0.0,ref
4669,9,30,0.0,gen
4670,9,31,0.0,ref
4671,9,31,0.0,gen
4672,9,32,0.0,ref
4673,9,32,0.005714285714285714,gen
4674,9,33,0.0,ref
4675,9,33,0.0,gen
4676,9,34,0.0,ref
4677,9,34,0.0,gen
4678,9,35,0.0,ref
4679,9,35,0.0,gen
4680,9,36,0.0,ref
4681,9,36,0.0,gen
4682,9,37,0.0,ref
4683,9,37,0.0,gen
4684,9,38,0.01282051282051282,ref
4685,9,38,0.0,gen
4686,9,39,0.0,ref
4687,9,39,0.005714285714285714,gen
4688,9,40,0.0,ref
4689,9,40,0.0,gen
4690,9,41,0.0,ref
4691,9,41,0.0,gen
4692,9,42,0.0,ref
4693,9,42,0.0,gen
4694,9,43,0.0,ref
4695,9,43,0.0,gen
4696,9,44,0.0,ref
4697,9,44,0.0,gen
4698,9,45,0.0,ref
4699,9,45,0.005714285714285714,gen
4700,9,46,0.0,ref
4701,9,46,0.0,gen
4702,9,47,0.0,ref
4703,9,47,0.0,gen
4704,9,48,0.0,ref
4705,9,48,0.0,gen
4706,9,49,0.0,ref
4707,9,49,0.0,gen
4708,9,50,0.0,ref
4709,9,50,0.0,gen
4710,9,51,0.0,ref
4711,9,51,0.005714285714285714,gen
4712,9,52,0.0,ref
4713,9,52,0.0,gen
4714,9,53,0.0,ref
4715,9,53,0.0,gen
4716,9,54,0.0,ref
4717,9,54,0.0,gen
4718,9,55,0.00641025641025641,ref
4719,9,55,0.0,gen
4720,9,56,0.0,ref
4721,9,56,0.0,gen
4722,9,57,0.0,ref
4723,9,57,0.0,gen
4724,9,58,0.0,ref
4725,9,58,0.005714285714285714,gen
4726,9,59,0.0,ref
4727,9,59,0.0,gen
4728,9,60,0.0,ref
4729,9,60,0.005714285714285714,gen
4730,9,61,0.0,ref
4731,9,61,0.0,gen
4732,9,62,0.0,ref
4733,9,62,0.0,gen
4734,9,63,0.0,ref
4735,9,63,0.005714285714285714,gen
4736,9,64,0.0,ref
4737,9,64,0.0,gen
4738,9,65,0.0,ref
4739,9,65,0.0,gen
4740,9,66,0.0,ref
4741,9,66,0.0,gen
4742,9,67,0.0,ref
4743,9,67,0.0,gen
4744,9,68,0.0,ref
4745,9,68,0.005714285714285714,gen
4746,9,69,0.0,ref
4747,9,69,0.0,gen
4748,9,70,0.00641025641025641,ref
4749,9,70,0.0,gen
4750,9,71,0.0,ref
4751,9,71,0.0,gen
4752,9,72,0.0,ref
4753,9,72,0.0,gen
4754,9,73,0.0,ref
4755,9,73,0.0,gen
4756,9,74,0.00641025641025641,ref
4757,9,74,0.0,gen
4758,9,75,0.0,ref
4759,9,75,0.0,gen
4760,9,76,0.0,ref
4761,9,76,0.0,gen
4762,9,77,0.0,ref
4763,9,77,0.0,gen
4764,9,78,0.00641025641025641,ref
4765,9,78,0.0,gen
4766,9,79,0.0,ref
4767,9,79,0.0,gen
4768,9,80,0.0,ref
4769,9,80,0.0,gen
4770,9,81,0.0,ref
4771,9,81,0.0,gen
4772,9,82,0.0,ref
4773,9,82,0.0,gen
4774,9,83,0.0,ref
4775,9,83,0.0,gen
4776,9,84,0.00641025641025641,ref
4777,9,84,0.0,gen
4778,9,85,0.0,ref
4779,9,85,0.0,gen
4780,9,86,0.0,ref
4781,9,86,0.0,gen
4782,9,87,0.0,ref
4783,9,87,0.0,gen
4784,9,88,0.0,ref
4785,9,88,0.0,gen
4786,9,89,0.0,ref
4787,9,89,0.0,gen
4788,9,90,0.0,ref
4789,9,90,0.0,gen
4790,9,91,0.0,ref
4791,9,91,0.0,gen
4792,9,92,0.0,ref
4793,9,92,0.0,gen
4794,9,93,0.0,ref
4795,9,93,0.0,gen
4796,9,94,0.01282051282051282,ref
4797,9,94,0.0,gen
4798,9,95,0.0,ref
4799,9,95,0.0,gen
4800,9,96,0.0,ref
4801,9,96,0.0,gen
4802,9,97,0.00641025641025641,ref
4803,9,97,0.0,gen
4804,9,98,0.0,ref
4805,9,98,0.0,gen
4806,9,99,0.00641025641025641,ref
4807,9,99,0.005714285714285714,gen
4808,9,100,0.0,ref
4809,9,100,0.0,gen
4810,9,101,0.0,ref
4811,9,101,0.0,gen
4812,9,102,0.0,ref
4813,9,102,0.0,gen
4814,9,103,0.0,ref
4815,9,103,0.0,gen
4816,9,104,0.0,ref
4817,9,104,0.0,gen
4818,9,105,0.0,ref
4819,9,105,0.0,gen
4820,9,106,0.0,ref
4821,9,106,0.0,gen
4822,9,107,0.0,ref
4823,9,107,0.0,gen
4824,9,108,0.0,ref
4825,9,108,0.0,gen
4826,9,109,0.00641025641025641,ref
4827,9,109,0.0,gen
4828,9,110,0.0,ref
4829,9,110,0.0,gen
4830,9,111,0.0,ref
4831,9,111,0.0,gen
4832,9,112,0.0,ref
4833,9,112,0.0,gen
4834,9,113,0.0,ref
4835,9,113,0.0,gen
4836,9,114,0.0,ref
4837,9,114,0.0,gen
4838,9,115,0.00641025641025641,ref
4839,9,115,0.0,gen
4840,9,116,0.0,ref
4841,9,116,0.0,gen
4842,9,117,0.0,ref
4843,9,117,0.0,gen
4844,9,118,0.0,ref
4845,9,118,0.0,gen
4846,9,119,0.01282051282051282,ref
4847,9,119,0.0,gen
4848,9,120,0.0,ref
4849,9,120,0.0,gen
4850,9,121,0.00641025641025641,ref
4851,9,121,0.0,gen
4852,9,122,0.0,ref
4853,9,122,0.0,gen
4854,9,123,0.0,ref
4855,9,123,0.0,gen
4856,9,124,0.0,ref
4857,9,124,0.0,gen
4858,9,125,0.0,ref
4859,9,125,0.005714285714285714,gen
4860,9,126,0.0,ref
4861,9,126,0.0,gen
4862,9,127,0.0,ref
4863,9,127,0.0,gen
4864,9,128,0.0,ref
4865,9,128,0.0,gen
4866,9,129,0.0,ref
4867,9,129,0.0,gen
4868,9,130,0.0,ref
4869,9,130,0.0,gen
4870,9,131,0.0,ref
4871,9,131,0.0,gen
4872,9,132,0.0,ref
4873,9,132,0.0,gen
4874,9,133,0.0,ref
4875,9,133,0.0,gen
4876,9,134,0.0,ref
4877,9,134,0.0,gen
4878,9,135,0.0,ref
4879,9,135,0.0,gen
4880,9,136,0.0,ref
4881,9,136,0.0,gen
4882,9,137,0.0,ref
4883,9,137,0.0,gen
4884,9,138,0.0,ref
4885,9,138,0.0,gen
4886,9,139,0.0,ref
4887,9,139,0.0,gen
4888,9,140,0.0,ref
4889,9,140,0.0,gen
4890,9,141,0.0,ref
4891,9,141,0.0,gen
4892,9,142,0.0,ref
4893,9,142,0.0,gen
4894,9,143,0.00641025641025641,ref
4895,9,143,0.0,gen
4896,9,144,0.0,ref
4897,9,144,0.0,gen
4898,9,145,0.0,ref
4899,9,145,0.0,gen
4900,9,146,0.00641025641025641,ref
4901,9,146,0.0,gen
4902,9,147,0.0,ref
4903,9,147,0.0,gen
4904,9,148,0.00641025641025641,ref
4905,9,148,0.0,gen
4906,9,149,0.0,ref
4907,9,149,0.0,gen
4908,9,150,0.00641025641025641,ref
4909,9,150,0.0,gen
4910,9,151,0.0,ref
4911,9,151,0.0,gen
4912,9,152,0.00641025641025641,ref
4913,9,152,0.0,gen
4914,9,153,0.0,ref
4915,9,153,0.0,gen
4916,9,154,0.00641025641025641,ref
4917,9,154,0.005714285714285714,gen
4918,9,155,0.0,ref
4919,9,155,0.0,gen
4920,9,156,0.0,ref
4921,9,156,0.0,gen
4922,9,157,0.0,ref
4923,9,157,0.005714285714285714,gen
4924,9,158,0.0,ref
4925,9,158,0.0,gen
4926,9,159,0.0,ref
4927,9,159,0.0,gen
4928,9,160,0.0,ref
4929,9,160,0.0,gen
4930,9,161,0.0,ref
4931,9,161,0.0,gen
4932,9,162,0.0,ref
4933,9,162,0.0,gen
4934,9,163,0.0,ref
4935,9,163,0.0,gen
4936,9,164,0.0,ref
4937,9,164,0.0,gen
4938,9,165,0.0,ref
4939,9,165,0.0,gen
4940,9,166,0.0,ref
4941,9,166,0.0,gen
4942,9,167,0.0,ref
4943,9,167,0.0,gen
4944,9,168,0.00641025641025641,ref
4945,9,168,0.0,gen
4946,9,169,0.0,ref
4947,9,169,0.005714285714285714,gen
4948,9,170,0.0,ref
4949,9,170,0.0,gen
4950,9,171,0.0,ref
4951,9,171,0.0,gen
4952,9,172,0.0,ref
4953,9,172,0.0,gen
4954,9,173,0.00641025641025641,ref
4955,9,173,0.0,gen
4956,9,174,0.0,ref
4957,9,174,0.0,gen
4958,9,175,0.00641025641025641,ref
4959,9,175,0.0,gen
4960,9,176,0.0,ref
4961,9,176,0.0,gen
4962,9,177,0.0,ref
4963,9,177,0.0,gen
4964,9,178,0.0,ref
4965,9,178,0.0,gen
4966,9,179,0.0,ref
4967,9,179,0.005714285714285714,gen
4968,9,180,0.0,ref
4969,9,180,0.0,gen
4970,9,181,0.0,ref
4971,9,181,0.0,gen
4972,9,182,0.0,ref
4973,9,182,0.0,gen
4974,9,183,0.0,ref
4975,9,183,0.0,gen
4976,9,184,0.0,ref
4977,9,184,0.0,gen
4978,9,185,0.0,ref
4979,9,185,0.0,gen
4980,9,186,0.0,ref
4981,9,186,0.0,gen
4982,9,187,0.0,ref
4983,9,187,0.0,gen
4984,9,188,0.0,ref
4985,9,188,0.0,gen
4986,9,189,0.0,ref
4987,9,189,0.0,gen
4988,9,190,0.0,ref
4989,9,190,0.0,gen
4990,9,191,0.0,ref
4991,9,191,0.0,gen
4992,9,192,0.0,ref
4993,9,192,0.0,gen
4994,9,193,0.0,ref
4995,9,193,0.0,gen
4996,9,194,0.0,ref
4997,9,194,0.0,gen
4998,9,195,0.0,ref
4999,9,195,0.0,gen
5000,9,196,0.0,ref
5001,9,196,0.0,gen
5002,9,197,0.0,ref
5003,9,197,0.0,gen
5004,9,198,0.0,ref
5005,9,198,0.0,gen
5006,9,199,0.0,ref
5007,9,199,0.0,gen
5008,9,200,0.0,ref
5009,9,200,0.0,gen
5010,9,201,0.0,ref
5011,9,201,0.0,gen
5012,9,202,0.0,ref
5013,9,202,0.0,gen
5014,9,203,0.0,ref
5015,9,203,0.0,gen
5016,9,204,0.0,ref
5017,9,204,0.0,gen
5018,9,205,0.0,ref
5019,9,205,0.0,gen
5020,9,206,0.0,ref
5021,9,206,0.0,gen
5022,9,207,0.0,ref
5023,9,207,0.0,gen
5024,9,208,0.0,ref
5025,9,208,0.0,gen
5026,9,209,0.0,ref
5027,9,209,0.0,gen
5028,9,210,0.0,ref
5029,9,210,0.0,gen
5030,9,211,0.0,ref
5031,9,211,0.0,gen
5032,9,212,0.0,ref
5033,9,212,0.0,gen
5034,9,213,0.0,ref
5035,9,213,0.0,gen
5036,9,214,0.0,ref
5037,9,214,0.0,gen
5038,9,215,0.00641025641025641,ref
5039,9,215,0.0,gen
5040,9,216,0.0,ref
5041,9,216,0.0,gen
5042,9,217,0.0,ref
5043,9,217,0.0,gen
5044,9,218,0.0,ref
5045,9,218,0.0,gen
5046,9,219,0.0,ref
5047,9,219,0.0,gen
5048,9,220,0.0,ref
5049,9,220,0.0,gen
5050,9,221,0.0,ref
5051,9,221,0.0,gen
5052,9,222,0.0,ref
5053,9,222,0.0,gen
5054,9,223,0.0,ref
5055,9,223,0.0,gen
5056,9,224,0.0,ref
5057,9,224,0.0,gen
5058,9,225,0.0,ref
5059,9,225,0.0,gen
5060,9,226,0.0,ref
5061,9,226,0.0,gen
5062,9,227,0.0,ref
5063,9,227,0.0,gen
5064,9,228,0.0,ref
5065,9,228,0.0,gen
5066,9,229,0.0,ref
5067,9,229,0.0,gen
5068,9,230,0.0,ref
5069,9,230,0.0,gen
5070,9,231,0.0,ref
5071,9,231,0.0,gen
5072,9,232,0.0,ref
5073,9,232,0.0,gen
5074,9,233,0.0,ref
5075,9,233,0.0,gen
5076,9,234,0.0,ref
5077,9,234,0.005714285714285714,gen
5078,9,235,0.0,ref
5079,9,235,0.0,gen
5080,9,236,0.0,ref
5081,9,236,0.0,gen
5082,9,237,0.00641025641025641,ref
5083,9,237,0.0,gen
5084,9,238,0.0,ref
5085,9,238,0.0,gen
5086,9,239,0.00641025641025641,ref
5087,9,239,0.0,gen
5088,9,240,0.0,ref
5089,9,240,0.0,gen
5090,9,241,0.01282051282051282,ref
5091,9,241,0.0,gen
5092,9,242,0.0,ref
5093,9,242,0.0,gen
5094,9,243,0.00641025641025641,ref
5095,9,243,0.0,gen
5096,9,244,0.0,ref
5097,9,244,0.0,gen
5098,9,245,0.00641025641025641,ref
5099,9,245,0.0,gen
5100,9,246,0.0,ref
5101,9,246,0.0,gen
5102,9,247,0.00641025641025641,ref
5103,9,247,0.0,gen
5104,9,248,0.0,ref
5105,9,248,0.0,gen
5106,9,249,0.00641025641025641,ref
5107,9,249,0.0,gen
5108,9,250,0.0,ref
5109,9,250,0.0,gen
5110,9,251,0.0,ref
5111,9,251,0.0,gen
5112,9,252,0.0,ref
5113,9,252,0.0,gen
5114,9,253,0.0,ref
5115,9,253,0.0,gen
5116,9,254,0.0,ref
5117,9,254,0.0,gen
5118,9,255,0.0,ref
5119,9,255,0.0,gen
5120,10,0,0.0,ref
5121,10,0,0.03571428571428571,gen
5122,10,1,0.0,ref
5123,10,1,0.0,gen
5124,10,2,0.0,ref
5125,10,2,0.0,gen
5126,10,3,0.0,ref
5127,10,3,0.0,gen
5128,10,4,0.0,ref
5129,10,4,0.0,gen
5130,10,5,0.0,ref
5131,10,5,0.0,gen
5132,10,6,0.0,ref
5133,10,6,0.0,gen
5134,10,7,0.0,ref
5135,10,7,0.0,gen
5136,10,8,0.0,ref
5137,10,8,0.0,gen
5138,10,9,0.0,ref
5139,10,9,0.0,gen
5140,10,10,0.0,ref
5141,10,10,0.0,gen
5142,10,11,0.0,ref
5143,10,11,0.0,gen
5144,10,12,0.0,ref
5145,10,12,0.0,gen
5146,10,13,0.0,ref
5147,10,13,0.0,gen
5148,10,14,0.0,ref
5149,10,14,0.0,gen
5150,10,15,0.0,ref
5151,10,15,0.0,gen
5152,10,16,0.0,ref
5153,10,16,0.0,gen
5154,10,17,0.0,ref
5155,10,17,0.0,gen
5156,10,18,0.0,ref
5157,10,18,0.0,gen
5158,10,19,0.0,ref
5159,10,19,0.0,gen
5160,10,20,0.0,ref
5161,10,20,0.0,gen
5162,10,21,0.0,ref
5163,10,21,0.0,gen
5164,10,22,0.0,ref
5165,10,22,0.0,gen
5166,10,23,0.0,ref
5167,10,23,0.0,gen
5168,10,24,0.0,ref
5169,10,24,0.0,gen
5170,10,25,0.0,ref
5171,10,25,0.0,gen
5172,10,26,0.0,ref
5173,10,26,0.0,gen
5174,10,27,0.0,ref
5175,10,27,0.0,gen
5176,10,28,0.0,ref
5177,10,28,0.0,gen
5178,10,29,0.0,ref
5179,10,29,0.0,gen
5180,10,30,0.0,ref
5181,10,30,0.03571428571428571,gen
5182,10,31,0.0,ref
5183,10,31,0.0,gen
5184,10,32,0.0,ref
5185,10,32,0.0,gen
5186,10,33,0.0,ref
5187,10,33,0.0,gen
5188,10,34,0.0,ref
5189,10,34,0.0,gen
5190,10,35,0.0,ref
5191,10,35,0.0,gen
5192,10,36,0.0,ref
5193,10,36,0.0,gen
5194,10,37,0.0,ref
5195,10,37,0.0,gen
5196,10,38,0.0,ref
5197,10,38,0.0,gen
5198,10,39,0.0,ref
5199,10,39,0.0,gen
5200,10,40,0.0,ref
5201,10,40,0.0,gen
5202,10,41,0.0,ref
5203,10,41,0.0,gen
5204,10,42,0.0,ref
5205,10,42,0.0,gen
5206,10,43,0.0,ref
5207,10,43,0.0,gen
5208,10,44,0.0,ref
5209,10,44,0.0,gen
5210,10,45,0.0,ref
5211,10,45,0.0,gen
5212,10,46,0.0,ref
5213,10,46,0.0,gen
5214,10,47,0.0,ref
5215,10,47,0.0,gen
5216,10,48,0.0,ref
5217,10,48,0.0,gen
5218,10,49,0.0,ref
5219,10,49,0.0,gen
5220,10,50,0.0,ref
5221,10,50,0.0,gen
5222,10,51,0.0,ref
5223,10,51,0.0,gen
5224,10,52,0.0,ref
5225,10,52,0.0,gen
5226,10,53,0.0,ref
5227,10,53,0.0,gen
5228,10,54,0.0,ref
5229,10,54,0.0,gen
5230,10,55,0.0,ref
5231,10,55,0.0,gen
5232,10,56,0.0,ref
5233,10,56,0.0,gen
5234,10,57,0.0,ref
5235,10,57,0.0,gen
5236,10,58,0.0,ref
5237,10,58,0.0,gen
5238,10,59,0.0,ref
5239,10,59,0.0,gen
5240,10,60,0.0,ref
5241,10,60,0.0,gen
5242,10,61,0.0,ref
5243,10,61,0.0,gen
5244,10,62,0.0,ref
5245,10,62,0.0,gen
5246,10,63,0.0,ref
5247,10,63,0.0,gen
5248,10,64,0.0,ref
5249,10,64,0.0,gen
5250,10,65,0.0,ref
5251,10,65,0.0,gen
5252,10,66,0.0,ref
5253,10,66,0.0,gen
5254,10,67,0.0,ref
5255,10,67,0.0,gen
5256,10,68,0.0,ref
5257,10,68,0.0,gen
5258,10,69,0.0,ref
5259,10,69,0.0,gen
5260,10,70,0.0,ref
5261,10,70,0.0,gen
5262,10,71,0.0,ref
5263,10,71,0.0,gen
5264,10,72,0.0,ref
5265,10,72,0.0,gen
5266,10,73,0.0,ref
5267,10,73,0.0,gen
5268,10,74,0.0,ref
5269,10,74,0.0,gen
5270,10,75,0.0,ref
5271,10,75,0.0,gen
5272,10,76,0.0,ref
5273,10,76,0.0,gen
5274,10,77,0.0,ref
5275,10,77,0.03571428571428571,gen
5276,10,78,0.0,ref
5277,10,78,0.0,gen
5278,10,79,0.0,ref
5279,10,79,0.0,gen
5280,10,80,0.0,ref
5281,10,80,0.0,gen
5282,10,81,0.0,ref
5283,10,81,0.0,gen
5284,10,82,0.0,ref
5285,10,82,0.0,gen
5286,10,83,0.0,ref
5287,10,83,0.0,gen
5288,10,84,0.0,ref
5289,10,84,0.0,gen
5290,10,85,0.0,ref
5291,10,85,0.0,gen
5292,10,86,0.0,ref
5293,10,86,0.0,gen
5294,10,87,0.0,ref
5295,10,87,0.0,gen
5296,10,88,0.0,ref
5297,10,88,0.0,gen
5298,10,89,0.0,ref
5299,10,89,0.0,gen
5300,10,90,0.0,ref
5301,10,90,0.0,gen
5302,10,91,0.0,ref
5303,10,91,0.0,gen
5304,10,92,0.0,ref
5305,10,92,0.0,gen
5306,10,93,0.0,ref
5307,10,93,0.0,gen
5308,10,94,0.0,ref
5309,10,94,0.0,gen
5310,10,95,0.0,ref
5311,10,95,0.0,gen
5312,10,96,0.0,ref
5313,10,96,0.0,gen
5314,10,97,0.0,ref
5315,10,97,0.0,gen
5316,10,98,0.0,ref
5317,10,98,0.0,gen
5318,10,99,0.0,ref
5319,10,99,0.0,gen
5320,10,100,0.0,ref
5321,10,100,0.0,gen
5322,10,101,0.0,ref
5323,10,101,0.0,gen
5324,10,102,0.0,ref
5325,10,102,0.0,gen
5326,10,103,0.0,ref
5327,10,103,0.0,gen
5328,10,104,0.0,ref
5329,10,104,0.0,gen
5330,10,105,0.0,ref
5331,10,105,0.0,gen
5332,10,106,0.0,ref
5333,10,106,0.0,gen
5334,10,107,0.0,ref
5335,10,107,0.0,gen
5336,10,108,0.0,ref
5337,10,108,0.0,gen
5338,10,109,0.0,ref
5339,10,109,0.0,gen
5340,10,110,0.0,ref
5341,10,110,0.0,gen
5342,10,111,0.0,ref
5343,10,111,0.0,gen
5344,10,112,0.0,ref
5345,10,112,0.0,gen
5346,10,113,0.0,ref
5347,10,113,0.0,gen
5348,10,114,0.0,ref
5349,10,114,0.0,gen
5350,10,115,0.0,ref
5351,10,115,0.0,gen
5352,10,116,0.0,ref
5353,10,116,0.0,gen
5354,10,117,0.0,ref
5355,10,117,0.0,gen
5356,10,118,0.0,ref
5357,10,118,0.0,gen
5358,10,119,0.0,ref
5359,10,119,0.0,gen
5360,10,120,0.0,ref
5361,10,120,0.0,gen
5362,10,121,0.0,ref
5363,10,121,0.0,gen
5364,10,122,0.0,ref
5365,10,122,0.0,gen
5366,10,123,0.0,ref
5367,10,123,0.0,gen
5368,10,124,0.0,ref
5369,10,124,0.0,gen
5370,10,125,0.0,ref
5371,10,125,0.0,gen
5372,10,126,0.0,ref
5373,10,126,0.0,gen
5374,10,127,0.0,ref
5375,10,127,0.0,gen
5376,10,128,0.0,ref
5377,10,128,0.0,gen
5378,10,129,0.0,ref
5379,10,129,0.0,gen
5380,10,130,0.0,ref
5381,10,130,0.0,gen
5382,10,131,0.0,ref
5383,10,131,0.0,gen
5384,10,132,0.0,ref
5385,10,132,0.0,gen
5386,10,133,0.0,ref
5387,10,133,0.0,gen
5388,10,134,0.0,ref
5389,10,134,0.0,gen
5390,10,135,0.0,ref
5391,10,135,0.0,gen
5392,10,136,0.0,ref
5393,10,136,0.0,gen
5394,10,137,0.0,ref
5395,10,137,0.0,gen
5396,10,138,0.0,ref
5397,10,138,0.0,gen
5398,10,139,0.0,ref
5399,10,139,0.0,gen
5400,10,140,0.0,ref
5401,10,140,0.0,gen
5402,10,141,0.0,ref
5403,10,141,0.0,gen
5404,10,142,0.0,ref
5405,10,142,0.0,gen
5406,10,143,0.0,ref
5407,10,143,0.0,gen
5408,10,144,0.0,ref
5409,10,144,0.0,gen
5410,10,145,0.0,ref
5411,10,145,0.0,gen
5412,10,146,0.0,ref
5413,10,146,0.0,gen
5414,10,147,0.0,ref
5415,10,147,0.0,gen
5416,10,148,0.0,ref
5417,10,148,0.0,gen
5418,10,149,0.0,ref
5419,10,149,0.0,gen
5420,10,150,0.0,ref
5421,10,150,0.0,gen
5422,10,151,0.0,ref
5423,10,151,0.0,gen
5424,10,152,0.0,ref
5425,10,152,0.0,gen
5426,10,153,0.0,ref
5427,10,153,0.0,gen
5428,10,154,0.0,ref
5429,10,154,0.0,gen
5430,10,155,0.0,ref
5431,10,155,0.0,gen
5432,10,156,0.0,ref
5433,10,156,0.0,gen
5434,10,157,0.0,ref
5435,10,157,0.0,gen
5436,10,158,0.0,ref
5437,10,158,0.0,gen
5438,10,159,0.0,ref
5439,10,159,0.0,gen
5440,10,160,0.0,ref
5441,10,160,0.0,gen
5442,10,161,0.0,ref
5443,10,161,0.0,gen
5444,10,162,0.0,ref
5445,10,162,0.0,gen
5446,10,163,0.0,ref
5447,10,163,0.0,gen
5448,10,164,0.0,ref
5449,10,164,0.0,gen
5450,10,165,0.0,ref
5451,10,165,0.0,gen
5452,10,166,0.0,ref
5453,10,166,0.0,gen
5454,10,167,0.0,ref
5455,10,167,0.0,gen
5456,10,168,0.0,ref
5457,10,168,0.0,gen
5458,10,169,0.0,ref
5459,10,169,0.0,gen
5460,10,170,0.0,ref
5461,10,170,0.0,gen
5462,10,171,0.0,ref
5463,10,171,0.0,gen
5464,10,172,0.0,ref
5465,10,172,0.0,gen
5466,10,173,0.0,ref
5467,10,173,0.0,gen
5468,10,174,0.0,ref
5469,10,174,0.0,gen
5470,10,175,0.0,ref
5471,10,175,0.0,gen
5472,10,176,0.0,ref
5473,10,176,0.0,gen
5474,10,177,0.0,ref
5475,10,177,0.0,gen
5476,10,178,0.0,ref
5477,10,178,0.0,gen
5478,10,179,0.0,ref
5479,10,179,0.0,gen
5480,10,180,0.0,ref
5481,10,180,0.0,gen
5482,10,181,0.0,ref
5483,10,181,0.0,gen
5484,10,182,0.0,ref
5485,10,182,0.0,gen
5486,10,183,0.0,ref
5487,10,183,0.0,gen
5488,10,184,0.0,ref
5489,10,184,0.0,gen
5490,10,185,0.0,ref
5491,10,185,0.0,gen
5492,10,186,0.0,ref
5493,10,186,0.0,gen
5494,10,187,0.0,ref
5495,10,187,0.0,gen
5496,10,188,0.0,ref
5497,10,188,0.0,gen
5498,10,189,0.0,ref
5499,10,189,0.0,gen
5500,10,190,0.0,ref
5501,10,190,0.0,gen
5502,10,191,0.0,ref
5503,10,191,0.0,gen
5504,10,192,0.0,ref
5505,10,192,0.0,gen
5506,10,193,0.0,ref
5507,10,193,0.0,gen
5508,10,194,0.0,ref
5509,10,194,0.0,gen
5510,10,195,0.0,ref
5511,10,195,0.0,gen
5512,10,196,0.0,ref
5513,10,196,0.0,gen
5514,10,197,0.0,ref
5515,10,197,0.0,gen
5516,10,198,0.0,ref
5517,10,198,0.0,gen
5518,10,199,0.0,ref
5519,10,199,0.0,gen
5520,10,200,0.0,ref
5521,10,200,0.0,gen
5522,10,201,0.0,ref
5523,10,201,0.0,gen
5524,10,202,0.0,ref
5525,10,202,0.0,gen
5526,10,203,0.0,ref
5527,10,203,0.0,gen
5528,10,204,0.0,ref
5529,10,204,0.0,gen
5530,10,205,0.0,ref
5531,10,205,0.0,gen
5532,10,206,0.0,ref
5533,10,206,0.0,gen
5534,10,207,0.0,ref
5535,10,207,0.0,gen
5536,10,208,0.0,ref
5537,10,208,0.0,gen
5538,10,209,0.0,ref
5539,10,209,0.0,gen
5540,10,210,0.0,ref
5541,10,210,0.0,gen
5542,10,211,0.0,ref
5543,10,211,0.0,gen
5544,10,212,0.0,ref
5545,10,212,0.0,gen
5546,10,213,0.0,ref
5547,10,213,0.0,gen
5548,10,214,0.0,ref
5549,10,214,0.0,gen
5550,10,215,0.0,ref
5551,10,215,0.0,gen
5552,10,216,0.0,ref
5553,10,216,0.0,gen
5554,10,217,0.0,ref
5555,10,217,0.0,gen
5556,10,218,0.0,ref
5557,10,218,0.0,gen
5558,10,219,0.0,ref
5559,10,219,0.0,gen
5560,10,220,0.0,ref
5561,10,220,0.0,gen
5562,10,221,0.0,ref
5563,10,221,0.0,gen
5564,10,222,0.0,ref
5565,10,222,0.0,gen
5566,10,223,0.0,ref
5567,10,223,0.0,gen
5568,10,224,0.0,ref
5569,10,224,0.0,gen
5570,10,225,0.0,ref
5571,10,225,0.0,gen
5572,10,226,0.0,ref
5573,10,226,0.0,gen
5574,10,227,0.0,ref
5575,10,227,0.0,gen
5576,10,228,0.0,ref
5577,10,228,0.0,gen
5578,10,229,0.0,ref
5579,10,229,0.0,gen
5580,10,230,0.0,ref
5581,10,230,0.0,gen
5582,10,231,0.0,ref
5583,10,231,0.0,gen
5584,10,232,0.0,ref
5585,10,232,0.0,gen
5586,10,233,0.0,ref
5587,10,233,0.0,gen
5588,10,234,0.0,ref
5589,10,234,0.0,gen
5590,10,235,0.0,ref
5591,10,235,0.0,gen
5592,10,236,0.0,ref
5593,10,236,0.0,gen
5594,10,237,0.0,ref
5595,10,237,0.0,gen
5596,10,238,0.0,ref
5597,10,238,0.0,gen
5598,10,239,0.0,ref
5599,10,239,0.0,gen
5600,10,240,0.0,ref
5601,10,240,0.0,gen
5602,10,241,0.0,ref
5603,10,241,0.0,gen
5604,10,242,0.0,ref
5605,10,242,0.0,gen
5606,10,243,0.0,ref
5607,10,243,0.0,gen
5608,10,244,0.0,ref
5609,10,244,0.0,gen
5610,10,245,0.0,ref
5611,10,245,0.0,gen
5612,10,246,0.0,ref
5613,10,246,0.0,gen
5614,10,247,0.0,ref
5615,10,247,0.0,gen
5616,10,248,0.0,ref
5617,10,248,0.0,gen
5618,10,249,0.0,ref
5619,10,249,0.0,gen
5620,10,250,0.0,ref
5621,10,250,0.0,gen
5622,10,251,0.0,ref
5623,10,251,0.0,gen
5624,10,252,0.0,ref
5625,10,252,0.0,gen
5626,10,253,0.0,ref
5627,10,253,0.0,gen
5628,10,254,0.0,ref
5629,10,254,0.0,gen
5630,10,255,0.0,ref
5631,10,255,0.0,gen
5632,11,0,0.0,ref
5633,11,0,0.0,gen
5634,11,1,0.0,ref
5635,11,1,0.0,gen
5636,11,2,0.0,ref
5637,11,2,0.0,gen
5638,11,3,0.0,ref
5639,11,3,0.0,gen
5640,11,4,0.0,ref
5641,11,4,0.0,gen
5642,11,5,0.0,ref
5643,11,5,0.0,gen
5644,11,6,0.0,ref
5645,11,6,0.0,gen
5646,11,7,0.0,ref
5647,11,7,0.0,gen
5648,11,8,0.0,ref
5649,11,8,0.0,gen
5650,11,9,0.0,ref
5651,11,9,0.0,gen
5652,11,10,0.0,ref
5653,11,10,0.0,gen
5654,11,11,0.0,ref
5655,11,11,0.0,gen
5656,11,12,0.0,ref
5657,11,12,0.0,gen
5658,11,13,0.0,ref
5659,11,13,0.0,gen
5660,11,14,0.0,ref
5661,11,14,0.0,gen
5662,11,15,0.0,ref
5663,11,15,0.0,gen
5664,11,16,0.0,ref
5665,11,16,0.0,gen
5666,11,17,0.0,ref
5667,11,17,0.0,gen
5668,11,18,0.0,ref
5669,11,18,0.0,gen
5670,11,19,0.0,ref
5671,11,19,0.0,gen
5672,11,20,0.0,ref
5673,11,20,0.0,gen
5674,11,21,0.0,ref
5675,11,21,0.0,gen
5676,11,22,0.0,ref
5677,11,22,0.0,gen
5678,11,23,0.0,ref
5679,11,23,0.0,gen
5680,11,24,0.0,ref
5681,11,24,0.0,gen
5682,11,25,0.0,ref
5683,11,25,0.0,gen
5684,11,26,0.0,ref
5685,11,26,0.0,gen
5686,11,27,0.0,ref
5687,11,27,0.0,gen
5688,11,28,0.0,ref
5689,11,28,0.0,gen
5690,11,29,0.0,ref
5691,11,29,0.0,gen
5692,11,30,0.0,ref
5693,11,30,0.0,gen
5694,11,31,0.0,ref
5695,11,31,0.0,gen
5696,11,32,0.0,ref
5697,11,32,0.0,gen
5698,11,33,0.0,ref
5699,11,33,0.0,gen
5700,11,34,0.0,ref
5701,11,34,0.0,gen
5702,11,35,0.0,ref
5703,11,35,0.0,gen
5704,11,36,0.0,ref
5705,11,36,0.0,gen
5706,11,37,0.0,ref
5707,11,37,0.0,gen
5708,11,38,0.0,ref
5709,11,38,0.0,gen
5710,11,39,0.0,ref
5711,11,39,0.0,gen
5712,11,40,0.0,ref
5713,11,40,0.0,gen
5714,11,41,0.0,ref
5715,11,41,0.0,gen
5716,11,42,0.0,ref
5717,11,42,0.0,gen
5718,11,43,0.0,ref
5719,11,43,0.0,gen
5720,11,44,0.0,ref
5721,11,44,0.0,gen
5722,11,45,0.0,ref
5723,11,45,0.0,gen
5724,11,46,0.0,ref
5725,11,46,0.0,gen
5726,11,47,0.0,ref
5727,11,47,0.0,gen
5728,11,48,0.0,ref
5729,11,48,0.0,gen
5730,11,49,0.0,ref
5731,11,49,0.0,gen
5732,11,50,0.0,ref
5733,11,50,0.0,gen
5734,11,51,0.0,ref
5735,11,51,0.0,gen
5736,11,52,0.0,ref
5737,11,52,0.0,gen
5738,11,53,0.0,ref
5739,11,53,0.0,gen
5740,11,54,0.0,ref
5741,11,54,0.0,gen
5742,11,55,0.0,ref
5743,11,55,0.0,gen
5744,11,56,0.0,ref
5745,11,56,0.0,gen
5746,11,57,0.0,ref
5747,11,57,0.0,gen
5748,11,58,0.0,ref
5749,11,58,0.0,gen
5750,11,59,0.0,ref
5751,11,59,0.0,gen
5752,11,60,0.0,ref
5753,11,60,0.0,gen
5754,11,61,0.0,ref
5755,11,61,0.0,gen
5756,11,62,0.0,ref
5757,11,62,0.0,gen
5758,11,63,0.0,ref
5759,11,63,0.0,gen
5760,11,64,0.0,ref
5761,11,64,0.0,gen
5762,11,65,0.0,ref
5763,11,65,0.0,gen
5764,11,66,0.0,ref
5765,11,66,0.0,gen
5766,11,67,0.0,ref
5767,11,67,0.0,gen
5768,11,68,0.0,ref
5769,11,68,0.0,gen
5770,11,69,0.0,ref
5771,11,69,0.0,gen
5772,11,70,0.0,ref
5773,11,70,0.0,gen
5774,11,71,0.0,ref
5775,11,71,0.0,gen
5776,11,72,0.0,ref
5777,11,72,0.0,gen
5778,11,73,0.0,ref
5779,11,73,0.0,gen
5780,11,74,0.0,ref
5781,11,74,0.0,gen
5782,11,75,0.0,ref
5783,11,75,0.0,gen
5784,11,76,0.0,ref
5785,11,76,0.0,gen
5786,11,77,0.0,ref
5787,11,77,0.0,gen
5788,11,78,0.0,ref
5789,11,78,0.0,gen
5790,11,79,0.0,ref
5791,11,79,0.0,gen
5792,11,80,0.0,ref
5793,11,80,0.0,gen
5794,11,81,0.0,ref
5795,11,81,0.0,gen
5796,11,82,0.0,ref
5797,11,82,0.0,gen
5798,11,83,0.0,ref
5799,11,83,0.0,gen
5800,11,84,0.0,ref
5801,11,84,0.0,gen
5802,11,85,0.0,ref
5803,11,85,0.0,gen
5804,11,86,0.0,ref
5805,11,86,0.0,gen
5806,11,87,0.0,ref
5807,11,87,0.0,gen
5808,11,88,0.0,ref
5809,11,88,0.0,gen
5810,11,89,0.0,ref
5811,11,89,0.0,gen
5812,11,90,0.0,ref
5813,11,90,0.0,gen
5814,11,91,0.0,ref
5815,11,91,0.0,gen
5816,11,92,0.0,ref
5817,11,92,0.0,gen
5818,11,93,0.0,ref
5819,11,93,0.0,gen
5820,11,94,0.0,ref
5821,11,94,0.0,gen
5822,11,95,0.0,ref
5823,11,95,0.0,gen
5824,11,96,0.0,ref
5825,11,96,0.02631578947368421,gen
5826,11,97,0.0,ref
5827,11,97,0.0,gen
5828,11,98,0.0,ref
5829,11,98,0.0,gen
5830,11,99,0.0,ref
5831,11,99,0.0,gen
5832,11,100,0.0,ref
5833,11,100,0.0,gen
5834,11,101,0.0,ref
5835,11,101,0.0,gen
5836,11,102,0.0,ref
5837,11,102,0.0,gen
5838,11,103,0.0,ref
5839,11,103,0.0,gen
5840,11,104,0.0,ref
5841,11,104,0.0,gen
5842,11,105,0.0,ref
5843,11,105,0.02631578947368421,gen
5844,11,106,0.0,ref
5845,11,106,0.0,gen
5846,11,107,0.0,ref
5847,11,107,0.0,gen
5848,11,108,0.0,ref
5849,11,108,0.0,gen
5850,11,109,0.0,ref
5851,11,109,0.0,gen
5852,11,110,0.0,ref
5853,11,110,0.0,gen
5854,11,111,0.0,ref
5855,11,111,0.0,gen
5856,11,112,0.0,ref
5857,11,112,0.0,gen
5858,11,113,0.0,ref
5859,11,113,0.0,gen
5860,11,114,0.0,ref
5861,11,114,0.0,gen
5862,11,115,0.0,ref
5863,11,115,0.0,gen
5864,11,116,0.0,ref
5865,11,116,0.0,gen
5866,11,117,0.0,ref
5867,11,117,0.0,gen
5868,11,118,0.0,ref
5869,11,118,0.0,gen
5870,11,119,0.0,ref
5871,11,119,0.0,gen
5872,11,120,0.0,ref
5873,11,120,0.0,gen
5874,11,121,0.0,ref
5875,11,121,0.0,gen
5876,11,122,0.0,ref
5877,11,122,0.0,gen
5878,11,123,0.0,ref
5879,11,123,0.0,gen
5880,11,124,0.0,ref
5881,11,124,0.0,gen
5882,11,125,0.0,ref
5883,11,125,0.0,gen
5884,11,126,0.0,ref
5885,11,126,0.0,gen
5886,11,127,0.0,ref
5887,11,127,0.0,gen
5888,11,128,0.0,ref
5889,11,128,0.0,gen
5890,11,129,0.0,ref
5891,11,129,0.0,gen
5892,11,130,0.0,ref
5893,11,130,0.0,gen
5894,11,131,0.0,ref
5895,11,131,0.0,gen
5896,11,132,0.0,ref
5897,11,132,0.0,gen
5898,11,133,0.0,ref
5899,11,133,0.0,gen
5900,11,134,0.0,ref
5901,11,134,0.0,gen
5902,11,135,0.0,ref
5903,11,135,0.0,gen
5904,11,136,0.0,ref
5905,11,136,0.0,gen
5906,11,137,0.0,ref
5907,11,137,0.0,gen
5908,11,138,0.0,ref
5909,11,138,0.0,gen
5910,11,139,0.0,ref
5911,11,139,0.0,gen
5912,11,140,0.0,ref
5913,11,140,0.0,gen
5914,11,141,0.0,ref
5915,11,141,0.0,gen
5916,11,142,0.0,ref
5917,11,142,0.0,gen
5918,11,143,0.0,ref
5919,11,143,0.0,gen
5920,11,144,0.0,ref
5921,11,144,0.0,gen
5922,11,145,0.0,ref
5923,11,145,0.0,gen
5924,11,146,0.0,ref
5925,11,146,0.0,gen
5926,11,147,0.0,ref
5927,11,147,0.0,gen
5928,11,148,0.0,ref
5929,11,148,0.0,gen
5930,11,149,0.0,ref
5931,11,149,0.0,gen
5932,11,150,0.0,ref
5933,11,150,0.0,gen
5934,11,151,0.0,ref
5935,11,151,0.0,gen
5936,11,152,0.0,ref
5937,11,152,0.0,gen
5938,11,153,0.0,ref
5939,11,153,0.0,gen
5940,11,154,0.0,ref
5941,11,154,0.0,gen
5942,11,155,0.0,ref
5943,11,155,0.02631578947368421,gen
5944,11,156,0.0,ref
5945,11,156,0.0,gen
5946,11,157,0.0,ref
5947,11,157,0.02631578947368421,gen
5948,11,158,0.0,ref
5949,11,158,0.0,gen
5950,11,159,0.0,ref
5951,11,159,0.0,gen
5952,11,160,0.0,ref
5953,11,160,0.0,gen
5954,11,161,0.0,ref
5955,11,161,0.0,gen
5956,11,162,0.0,ref
5957,11,162,0.0,gen
5958,11,163,0.0,ref
5959,11,163,0.0,gen
5960,11,164,0.0,ref
5961,11,164,0.0,gen
5962,11,165,0.0,ref
5963,11,165,0.0,gen
5964,11,166,0.0,ref
5965,11,166,0.0,gen
5966,11,167,0.0,ref
5967,11,167,0.0,gen
5968,11,168,0.0,ref
5969,11,168,0.0,gen
5970,11,169,0.0,ref
5971,11,169,0.0,gen
5972,11,170,0.0,ref
5973,11,170,0.0,gen
5974,11,171,0.0,ref
5975,11,171,0.0,gen
5976,11,172,0.0,ref
5977,11,172,0.0,gen
5978,11,173,0.0,ref
5979,11,173,0.0,gen
5980,11,174,0.0,ref
5981,11,174,0.0,gen
5982,11,175,0.0,ref
5983,11,175,0.0,gen
5984,11,176,0.0,ref
5985,11,176,0.0,gen
5986,11,177,0.0,ref
5987,11,177,0.0,gen
5988,11,178,0.0,ref
5989,11,178,0.0,gen
5990,11,179,0.0,ref
5991,11,179,0.0,gen
5992,11,180,0.0,ref
5993,11,180,0.0,gen
5994,11,181,0.0,ref
5995,11,181,0.0,gen
5996,11,182,0.0,ref
5997,11,182,0.0,gen
5998,11,183,0.0,ref
5999,11,183,0.0,gen
6000,11,184,0.0,ref
6001,11,184,0.0,gen
6002,11,185,0.0,ref
6003,11,185,0.0,gen
6004,11,186,0.0,ref
6005,11,186,0.0,gen
6006,11,187,0.0,ref
6007,11,187,0.0,gen
6008,11,188,0.0,ref
6009,11,188,0.0,gen
6010,11,189,0.0,ref
6011,11,189,0.0,gen
6012,11,190,0.0,ref
6013,11,190,0.0,gen
6014,11,191,0.0,ref
6015,11,191,0.0,gen
6016,11,192,0.0,ref
6017,11,192,0.0,gen
6018,11,193,0.0,ref
6019,11,193,0.0,gen
6020,11,194,0.0,ref
6021,11,194,0.0,gen
6022,11,195,0.0,ref
6023,11,195,0.0,gen
6024,11,196,0.0,ref
6025,11,196,0.0,gen
6026,11,197,0.0,ref
6027,11,197,0.0,gen
6028,11,198,0.0,ref
6029,11,198,0.0,gen
6030,11,199,0.0,ref
6031,11,199,0.0,gen
6032,11,200,0.0,ref
6033,11,200,0.0,gen
6034,11,201,0.0,ref
6035,11,201,0.0,gen
6036,11,202,0.0,ref
6037,11,202,0.0,gen
6038,11,203,0.0,ref
6039,11,203,0.0,gen
6040,11,204,0.0,ref
6041,11,204,0.0,gen
6042,11,205,0.0,ref
6043,11,205,0.0,gen
6044,11,206,0.0,ref
6045,11,206,0.0,gen
6046,11,207,0.0,ref
6047,11,207,0.0,gen
6048,11,208,0.0,ref
6049,11,208,0.0,gen
6050,11,209,0.0,ref
6051,11,209,0.0,gen
6052,11,210,0.0,ref
6053,11,210,0.0,gen
6054,11,211,0.0,ref
6055,11,211,0.0,gen
6056,11,212,0.0,ref
6057,11,212,0.0,gen
6058,11,213,0.0,ref
6059,11,213,0.0,gen
6060,11,214,0.0,ref
6061,11,214,0.0,gen
6062,11,215,0.0,ref
6063,11,215,0.0,gen
6064,11,216,0.0,ref
6065,11,216,0.0,gen
6066,11,217,0.0,ref
6067,11,217,0.0,gen
6068,11,218,0.0,ref
6069,11,218,0.0,gen
6070,11,219,0.0,ref
6071,11,219,0.0,gen
6072,11,220,0.0,ref
6073,11,220,0.0,gen
6074,11,221,0.0,ref
6075,11,221,0.0,gen
6076,11,222,0.0,ref
6077,11,222,0.0,gen
6078,11,223,0.0,ref
6079,11,223,0.0,gen
6080,11,224,0.0,ref
6081,11,224,0.0,gen
6082,11,225,0.0,ref
6083,11,225,0.0,gen
6084,11,226,0.0,ref
6085,11,226,0.0,gen
6086,11,227,0.0,ref
6087,11,227,0.0,gen
6088,11,228,0.0,ref
6089,11,228,0.0,gen
6090,11,229,0.0,ref
6091,11,229,0.0,gen
6092,11,230,0.0,ref
6093,11,230,0.0,gen
6094,11,231,0.0,ref
6095,11,231,0.0,gen
6096,11,232,0.0,ref
6097,11,232,0.0,gen
6098,11,233,0.0,ref
6099,11,233,0.0,gen
6100,11,234,0.0,ref
6101,11,234,0.0,gen
6102,11,235,0.0,ref
6103,11,235,0.0,gen
6104,11,236,0.0,ref
6105,11,236,0.0,gen
6106,11,237,0.0,ref
6107,11,237,0.0,gen
6108,11,238,0.0,ref
6109,11,238,0.0,gen
6110,11,239,0.0,ref
6111,11,239,0.0,gen
6112,11,240,0.0,ref
6113,11,240,0.0,gen
6114,11,241,0.0,ref
6115,11,241,0.0,gen
6116,11,242,0.0,ref
6117,11,242,0.0,gen
6118,11,243,0.0,ref
6119,11,243,0.0,gen
6120,11,244,0.0,ref
6121,11,244,0.0,gen
6122,11,245,0.0,ref
6123,11,245,0.0,gen
6124,11,246,0.0,ref
6125,11,246,0.0,gen
6126,11,247,0.0,ref
6127,11,247,0.0,gen
6128,11,248,0.0,ref
6129,11,248,0.0,gen
6130,11,249,0.0,ref
6131,11,249,0.0,gen
6132,11,250,0.0,ref
6133,11,250,0.0,gen
6134,11,251,0.0,ref
6135,11,251,0.0,gen
6136,11,252,0.0,ref
6137,11,252,0.0,gen
6138,11,253,0.0,ref
6139,11,253,0.0,gen
6140,11,254,0.0,ref
6141,11,254,0.0,gen
6142,11,255,0.0,ref
6143,11,255,0.0,gen
6144,12,0,0.0,ref
6145,12,0,0.0,gen
6146,12,1,0.0,ref
6147,12,1,0.0,gen
6148,12,2,0.0,ref
6149,12,2,0.0,gen
6150,12,3,0.0,ref
6151,12,3,0.0,gen
6152,12,4,0.0,ref
6153,12,4,0.0,gen
6154,12,5,0.0,ref
6155,12,5,0.0,gen
6156,12,6,0.0,ref
6157,12,6,0.0,gen
6158,12,7,0.0,ref
6159,12,7,0.0,gen
6160,12,8,0.0,ref
6161,12,8,0.0,gen
6162,12,9,0.0,ref
6163,12,9,0.0,gen
6164,12,10,0.0,ref
6165,12,10,0.0,gen
6166,12,11,0.0,ref
6167,12,11,0.0,gen
6168,12,12,0.0,ref
6169,12,12,0.0,gen
6170,12,13,0.0,ref
6171,12,13,0.0,gen
6172,12,14,0.0,ref
6173,12,14,0.0,gen
6174,12,15,0.0,ref
6175,12,15,0.0,gen
6176,12,16,0.047619047619047616,ref
6177,12,16,0.0,gen
6178,12,17,0.0,ref
6179,12,17,0.0,gen
6180,12,18,0.0,ref
6181,12,18,0.0,gen
6182,12,19,0.0,ref
6183,12,19,0.0,gen
6184,12,20,0.0,ref
6185,12,20,0.0,gen
6186,12,21,0.0,ref
6187,12,21,0.0,gen
6188,12,22,0.0,ref
6189,12,22,0.0,gen
6190,12,23,0.0,ref
6191,12,23,0.0,gen
6192,12,24,0.0,ref
6193,12,24,0.0,gen
6194,12,25,0.0,ref
6195,12,25,0.0,gen
6196,12,26,0.0,ref
6197,12,26,0.0,gen
6198,12,27,0.0,ref
6199,12,27,0.0,gen
6200,12,28,0.0,ref
6201,12,28,0.0,gen
6202,12,29,0.0,ref
6203,12,29,0.0,gen
6204,12,30,0.0,ref
6205,12,30,0.0,gen
6206,12,31,0.0,ref
6207,12,31,0.0,gen
6208,12,32,0.0,ref
6209,12,32,0.0,gen
6210,12,33,0.0,ref
6211,12,33,0.0,gen
6212,12,34,0.0,ref
6213,12,34,0.0,gen
6214,12,35,0.0,ref
6215,12,35,0.0,gen
6216,12,36,0.0,ref
6217,12,36,0.0,gen
6218,12,37,0.0,ref
6219,12,37,0.0,gen
6220,12,38,0.0,ref
6221,12,38,0.0,gen
6222,12,39,0.0,ref
6223,12,39,0.0,gen
6224,12,40,0.0,ref
6225,12,40,0.0,gen
6226,12,41,0.0,ref
6227,12,41,0.0,gen
6228,12,42,0.0,ref
6229,12,42,0.0,gen
6230,12,43,0.0,ref
6231,12,43,0.0,gen
6232,12,44,0.0,ref
6233,12,44,0.0,gen
6234,12,45,0.0,ref
6235,12,45,0.0,gen
6236,12,46,0.0,ref
6237,12,46,0.0,gen
6238,12,47,0.0,ref
6239,12,47,0.0,gen
6240,12,48,0.0,ref
6241,12,48,0.0,gen
6242,12,49,0.0,ref
6243,12,49,0.0,gen
6244,12,50,0.0,ref
6245,12,50,0.0,gen
6246,12,51,0.0,ref
6247,12,51,0.0,gen
6248,12,52,0.0,ref
6249,12,52,0.0,gen
6250,12,53,0.0,ref
6251,12,53,0.0,gen
6252,12,54,0.0,ref
6253,12,54,0.0,gen
6254,12,55,0.0,ref
6255,12,55,0.0,gen
6256,12,56,0.0,ref
6257,12,56,0.0,gen
6258,12,57,0.0,ref
6259,12,57,0.0,gen
6260,12,58,0.0,ref
6261,12,58,0.0,gen
6262,12,59,0.0,ref
6263,12,59,0.0,gen
6264,12,60,0.0,ref
6265,12,60,0.0,gen
6266,12,61,0.0,ref
6267,12,61,0.0,gen
6268,12,62,0.0,ref
6269,12,62,0.0,gen
6270,12,63,0.0,ref
6271,12,63,0.0,gen
6272,12,64,0.0,ref
6273,12,64,0.0,gen
6274,12,65,0.0,ref
6275,12,65,0.0,gen
6276,12,66,0.0,ref
6277,12,66,0.0,gen
6278,12,67,0.0,ref
6279,12,67,0.0,gen
6280,12,68,0.0,ref
6281,12,68,0.0,gen
6282,12,69,0.0,ref
6283,12,69,0.0,gen
6284,12,70,0.0,ref
6285,12,70,0.0,gen
6286,12,71,0.0,ref
6287,12,71,0.0,gen
6288,12,72,0.0,ref
6289,12,72,0.0,gen
6290,12,73,0.0,ref
6291,12,73,0.0,gen
6292,12,74,0.0,ref
6293,12,74,0.0,gen
6294,12,75,0.0,ref
6295,12,75,0.0,gen
6296,12,76,0.0,ref
6297,12,76,0.0,gen
6298,12,77,0.0,ref
6299,12,77,0.0,gen
6300,12,78,0.0,ref
6301,12,78,0.0,gen
6302,12,79,0.0,ref
6303,12,79,0.0,gen
6304,12,80,0.0,ref
6305,12,80,0.0,gen
6306,12,81,0.0,ref
6307,12,81,0.0,gen
6308,12,82,0.0,ref
6309,12,82,0.0,gen
6310,12,83,0.0,ref
6311,12,83,0.0,gen
6312,12,84,0.0,ref
6313,12,84,0.0,gen
6314,12,85,0.0,ref
6315,12,85,0.0,gen
6316,12,86,0.0,ref
6317,12,86,0.0,gen
6318,12,87,0.0,ref
6319,12,87,0.0,gen
6320,12,88,0.0,ref
6321,12,88,0.0,gen
6322,12,89,0.0,ref
6323,12,89,0.0,gen
6324,12,90,0.0,ref
6325,12,90,0.0,gen
6326,12,91,0.0,ref
6327,12,91,0.0,gen
6328,12,92,0.0,ref
6329,12,92,0.0,gen
6330,12,93,0.0,ref
6331,12,93,0.05555555555555555,gen
6332,12,94,0.0,ref
6333,12,94,0.05555555555555555,gen
6334,12,95,0.0,ref
6335,12,95,0.0,gen
6336,12,96,0.047619047619047616,ref
6337,12,96,0.0,gen
6338,12,97,0.0,ref
6339,12,97,0.0,gen
6340,12,98,0.0,ref
6341,12,98,0.0,gen
6342,12,99,0.0,ref
6343,12,99,0.0,gen
6344,12,100,0.0,ref
6345,12,100,0.0,gen
6346,12,101,0.0,ref
6347,12,101,0.0,gen
6348,12,102,0.0,ref
6349,12,102,0.0,gen
6350,12,103,0.0,ref
6351,12,103,0.0,gen
6352,12,104,0.0,ref
6353,12,104,0.0,gen
6354,12,105,0.0,ref
6355,12,105,0.0,gen
6356,12,106,0.0,ref
6357,12,106,0.0,gen
6358,12,107,0.0,ref
6359,12,107,0.0,gen
6360,12,108,0.0,ref
6361,12,108,0.0,gen
6362,12,109,0.0,ref
6363,12,109,0.0,gen
6364,12,110,0.0,ref
6365,12,110,0.0,gen
6366,12,111,0.0,ref
6367,12,111,0.0,gen
6368,12,112,0.0,ref
6369,12,112,0.0,gen
6370,12,113,0.0,ref
6371,12,113,0.0,gen
6372,12,114,0.0,ref
6373,12,114,0.0,gen
6374,12,115,0.0,ref
6375,12,115,0.0,gen
6376,12,116,0.0,ref
6377,12,116,0.0,gen
6378,12,117,0.0,ref
6379,12,117,0.0,gen
6380,12,118,0.0,ref
6381,12,118,0.0,gen
6382,12,119,0.0,ref
6383,12,119,0.0,gen
6384,12,120,0.0,ref
6385,12,120,0.0,gen
6386,12,121,0.0,ref
6387,12,121,0.0,gen
6388,12,122,0.0,ref
6389,12,122,0.0,gen
6390,12,123,0.0,ref
6391,12,123,0.0,gen
6392,12,124,0.0,ref
6393,12,124,0.0,gen
6394,12,125,0.0,ref
6395,12,125,0.0,gen
6396,12,126,0.0,ref
6397,12,126,0.0,gen
6398,12,127,0.0,ref
6399,12,127,0.0,gen
6400,12,128,0.0,ref
6401,12,128,0.0,gen
6402,12,129,0.0,ref
6403,12,129,0.0,gen
6404,12,130,0.0,ref
6405,12,130,0.0,gen
6406,12,131,0.0,ref
6407,12,131,0.0,gen
6408,12,132,0.0,ref
6409,12,132,0.0,gen
6410,12,133,0.0,ref
6411,12,133,0.0,gen
6412,12,134,0.0,ref
6413,12,134,0.0,gen
6414,12,135,0.0,ref
6415,12,135,0.0,gen
6416,12,136,0.0,ref
6417,12,136,0.0,gen
6418,12,137,0.0,ref
6419,12,137,0.0,gen
6420,12,138,0.0,ref
6421,12,138,0.0,gen
6422,12,139,0.0,ref
6423,12,139,0.0,gen
6424,12,140,0.0,ref
6425,12,140,0.0,gen
6426,12,141,0.0,ref
6427,12,141,0.0,gen
6428,12,142,0.0,ref
6429,12,142,0.0,gen
6430,12,143,0.0,ref
6431,12,143,0.0,gen
6432,12,144,0.0,ref
6433,12,144,0.0,gen
6434,12,145,0.0,ref
6435,12,145,0.0,gen
6436,12,146,0.0,ref
6437,12,146,0.0,gen
6438,12,147,0.0,ref
6439,12,147,0.0,gen
6440,12,148,0.0,ref
6441,12,148,0.0,gen
6442,12,149,0.0,ref
6443,12,149,0.0,gen
6444,12,150,0.0,ref
6445,12,150,0.0,gen
6446,12,151,0.0,ref
6447,12,151,0.0,gen
6448,12,152,0.0,ref
6449,12,152,0.0,gen
6450,12,153,0.0,ref
6451,12,153,0.0,gen
6452,12,154,0.0,ref
6453,12,154,0.0,gen
6454,12,155,0.0,ref
6455,12,155,0.0,gen
6456,12,156,0.0,ref
6457,12,156,0.0,gen
6458,12,157,0.0,ref
6459,12,157,0.0,gen
6460,12,158,0.0,ref
6461,12,158,0.0,gen
6462,12,159,0.0,ref
6463,12,159,0.0,gen
6464,12,160,0.0,ref
6465,12,160,0.0,gen
6466,12,161,0.0,ref
6467,12,161,0.0,gen
6468,12,162,0.0,ref
6469,12,162,0.0,gen
6470,12,163,0.0,ref
6471,12,163,0.0,gen
6472,12,164,0.0,ref
6473,12,164,0.0,gen
6474,12,165,0.0,ref
6475,12,165,0.0,gen
6476,12,166,0.0,ref
6477,12,166,0.0,gen
6478,12,167,0.0,ref
6479,12,167,0.0,gen
6480,12,168,0.0,ref
6481,12,168,0.0,gen
6482,12,169,0.0,ref
6483,12,169,0.0,gen
6484,12,170,0.0,ref
6485,12,170,0.0,gen
6486,12,171,0.0,ref
6487,12,171,0.0,gen
6488,12,172,0.0,ref
6489,12,172,0.0,gen
6490,12,173,0.0,ref
6491,12,173,0.0,gen
6492,12,174,0.047619047619047616,ref
6493,12,174,0.0,gen
6494,12,175,0.0,ref
6495,12,175,0.0,gen
6496,12,176,0.047619047619047616,ref
6497,12,176,0.0,gen
6498,12,177,0.0,ref
6499,12,177,0.0,gen
6500,12,178,0.0,ref
6501,12,178,0.0,gen
6502,12,179,0.0,ref
6503,12,179,0.0,gen
6504,12,180,0.0,ref
6505,12,180,0.0,gen
6506,12,181,0.0,ref
6507,12,181,0.0,gen
6508,12,182,0.0,ref
6509,12,182,0.0,gen
6510,12,183,0.0,ref
6511,12,183,0.0,gen
6512,12,184,0.0,ref
6513,12,184,0.0,gen
6514,12,185,0.0,ref
6515,12,185,0.0,gen
6516,12,186,0.0,ref
6517,12,186,0.0,gen
6518,12,187,0.0,ref
6519,12,187,0.0,gen
6520,12,188,0.0,ref
6521,12,188,0.0,gen
6522,12,189,0.0,ref
6523,12,189,0.0,gen
6524,12,190,0.0,ref
6525,12,190,0.0,gen
6526,12,191,0.0,ref
6527,12,191,0.0,gen
6528,12,192,0.0,ref
6529,12,192,0.0,gen
6530,12,193,0.0,ref
6531,12,193,0.0,gen
6532,12,194,0.0,ref
6533,12,194,0.0,gen
6534,12,195,0.0,ref
6535,12,195,0.0,gen
6536,12,196,0.0,ref
6537,12,196,0.0,gen
6538,12,197,0.0,ref
6539,12,197,0.0,gen
6540,12,198,0.0,ref
6541,12,198,0.0,gen
6542,12,199,0.0,ref
6543,12,199,0.0,gen
6544,12,200,0.0,ref
6545,12,200,0.05555555555555555,gen
6546,12,201,0.0,ref
6547,12,201,0.0,gen
6548,12,202,0.0,ref
6549,12,202,0.0,gen
6550,12,203,0.0,ref
6551,12,203,0.0,gen
6552,12,204,0.0,ref
6553,12,204,0.0,gen
6554,12,205,0.0,ref
6555,12,205,0.0,gen
6556,12,206,0.0,ref
6557,12,206,0.0,gen
6558,12,207,0.0,ref
6559,12,207,0.0,gen
6560,12,208,0.0,ref
6561,12,208,0.0,gen
6562,12,209,0.0,ref
6563,12,209,0.0,gen
6564,12,210,0.0,ref
6565,12,210,0.0,gen
6566,12,211,0.0,ref
6567,12,211,0.0,gen
6568,12,212,0.0,ref
6569,12,212,0.0,gen
6570,12,213,0.0,ref
6571,12,213,0.0,gen
6572,12,214,0.0,ref
6573,12,214,0.0,gen
6574,12,215,0.0,ref
6575,12,215,0.0,gen
6576,12,216,0.0,ref
6577,12,216,0.0,gen
6578,12,217,0.0,ref
6579,12,217,0.0,gen
6580,12,218,0.0,ref
6581,12,218,0.0,gen
6582,12,219,0.0,ref
6583,12,219,0.0,gen
6584,12,220,0.0,ref
6585,12,220,0.0,gen
6586,12,221,0.0,ref
6587,12,221,0.0,gen
6588,12,222,0.0,ref
6589,12,222,0.0,gen
6590,12,223,0.0,ref
6591,12,223,0.0,gen
6592,12,224,0.0,ref
6593,12,224,0.0,gen
6594,12,225,0.0,ref
6595,12,225,0.05555555555555555,gen
6596,12,226,0.0,ref
6597,12,226,0.0,gen
6598,12,227,0.0,ref
6599,12,227,0.0,gen
6600,12,228,0.0,ref
6601,12,228,0.0,gen
6602,12,229,0.0,ref
6603,12,229,0.0,gen
6604,12,230,0.0,ref
6605,12,230,0.0,gen
6606,12,231,0.0,ref
6607,12,231,0.0,gen
6608,12,232,0.0,ref
6609,12,232,0.0,gen
6610,12,233,0.0,ref
6611,12,233,0.0,gen
6612,12,234,0.0,ref
6613,12,234,0.0,gen
6614,12,235,0.0,ref
6615,12,235,0.0,gen
6616,12,236,0.0,ref
6617,12,236,0.0,gen
6618,12,237,0.0,ref
6619,12,237,0.0,gen
6620,12,238,0.0,ref
6621,12,238,0.0,gen
6622,12,239,0.0,ref
6623,12,239,0.0,gen
6624,12,240,0.0,ref
6625,12,240,0.0,gen
6626,12,241,0.0,ref
6627,12,241,0.0,gen
6628,12,242,0.0,ref
6629,12,242,0.0,gen
6630,12,243,0.0,ref
6631,12,243,0.0,gen
6632,12,244,0.0,ref
6633,12,244,0.0,gen
6634,12,245,0.0,ref
6635,12,245,0.0,gen
6636,12,246,0.0,ref
6637,12,246,0.0,gen
6638,12,247,0.0,ref
6639,12,247,0.0,gen
6640,12,248,0.0,ref
6641,12,248,0.0,gen
6642,12,249,0.0,ref
6643,12,249,0.0,gen
6644,12,250,0.0,ref
6645,12,250,0.0,gen
6646,12,251,0.0,ref
6647,12,251,0.0,gen
6648,12,252,0.0,ref
6649,12,252,0.0,gen
6650,12,253,0.0,ref
6651,12,253,0.0,gen
6652,12,254,0.0,ref
6653,12,254,0.0,gen
6654,12,255,0.0,ref
6655,12,255,0.0,gen
6656,13,0,0.016666666666666666,ref
6657,13,0,0.0,gen
6658,13,1,0.0,ref
6659,13,1,0.0,gen
6660,13,2,0.0,ref
6661,13,2,0.0,gen
6662,13,3,0.0,ref
6663,13,3,0.0,gen
6664,13,4,0.0,ref
6665,13,4,0.0,gen
6666,13,5,0.0,ref
6667,13,5,0.0,gen
6668,13,6,0.0,ref
6669,13,6,0.0,gen
6670,13,7,0.0,ref
6671,13,7,0.0,gen
6672,13,8,0.008333333333333333,ref
6673,13,8,0.0,gen
6674,13,9,0.0,ref
6675,13,9,0.0,gen
6676,13,10,0.0,ref
6677,13,10,0.008403361344537815,gen
6678,13,11,0.0,ref
6679,13,11,0.0,gen
6680,13,12,0.0,ref
6681,13,12,0.0,gen
6682,13,13,0.0,ref
6683,13,13,0.0,gen
6684,13,14,0.0,ref
6685,13,14,0.0,gen
6686,13,15,0.0,ref
6687,13,15,0.0,gen
6688,13,16,0.0,ref
6689,13,16,0.0,gen
6690,13,17,0.0,ref
6691,13,17,0.0,gen
6692,13,18,0.0,ref
6693,13,18,0.0,gen
6694,13,19,0.0,ref
6695,13,19,0.0,gen
6696,13,20,0.008333333333333333,ref
6697,13,20,0.0,gen
6698,13,21,0.0,ref
6699,13,21,0.0,gen
6700,13,22,0.0,ref
6701,13,22,0.008403361344537815,gen
6702,13,23,0.0,ref
6703,13,23,0.0,gen
6704,13,24,0.0,ref
6705,13,24,0.0,gen
6706,13,25,0.0,ref
6707,13,25,0.0,gen
6708,13,26,0.008333333333333333,ref
6709,13,26,0.0,gen
6710,13,27,0.0,ref
6711,13,27,0.0,gen
6712,13,28,0.0,ref
6713,13,28,0.0,gen
6714,13,29,0.0,ref
6715,13,29,0.0,gen
6716,13,30,0.0,ref
6717,13,30,0.0,gen
6718,13,31,0.0,ref
6719,13,31,0.0,gen
6720,13,32,0.0,ref
6721,13,32,0.0,gen
6722,13,33,0.0,ref
6723,13,33,0.0,gen
6724,13,34,0.0,ref
6725,13,34,0.0,gen
6726,13,35,0.0,ref
6727,13,35,0.0,gen
6728,13,36,0.0,ref
6729,13,36,0.0,gen
6730,13,37,0.0,ref
6731,13,37,0.0,gen
6732,13,38,0.0,ref
6733,13,38,0.0,gen
6734,13,39,0.0,ref
6735,13,39,0.0,gen
6736,13,40,0.0,ref
6737,13,40,0.008403361344537815,gen
6738,13,41,0.0,ref
6739,13,41,0.0,gen
6740,13,42,0.0,ref
6741,13,42,0.0,gen
6742,13,43,0.0,ref
6743,13,43,0.0,gen
6744,13,44,0.0,ref
6745,13,44,0.0,gen
6746,13,45,0.0,ref
6747,13,45,0.0,gen
6748,13,46,0.0,ref
6749,13,46,0.0,gen
6750,13,47,0.0,ref
6751,13,47,0.0,gen
6752,13,48,0.0,ref
6753,13,48,0.0,gen
6754,13,49,0.0,ref
6755,13,49,0.0,gen
6756,13,50,0.0,ref
6757,13,50,0.0,gen
6758,13,51,0.0,ref
6759,13,51,0.0,gen
6760,13,52,0.0,ref
6761,13,52,0.0,gen
6762,13,53,0.0,ref
6763,13,53,0.0,gen
6764,13,54,0.008333333333333333,ref
6765,13,54,0.0,gen
6766,13,55,0.0,ref
6767,13,55,0.0,gen
6768,13,56,0.0,ref
6769,13,56,0.0,gen
6770,13,57,0.0,ref
6771,13,57,0.008403361344537815,gen
6772,13,58,0.0,ref
6773,13,58,0.0,gen
6774,13,59,0.0,ref
6775,13,59,0.0,gen
6776,13,60,0.0,ref
6777,13,60,0.0,gen
6778,13,61,0.008333333333333333,ref
6779,13,61,0.0,gen
6780,13,62,0.0,ref
6781,13,62,0.0,gen
6782,13,63,0.0,ref
6783,13,63,0.0,gen
6784,13,64,0.0,ref
6785,13,64,0.0,gen
6786,13,65,0.0,ref
6787,13,65,0.0,gen
6788,13,66,0.0,ref
6789,13,66,0.0,gen
6790,13,67,0.008333333333333333,ref
6791,13,67,0.0,gen
6792,13,68,0.0,ref
6793,13,68,0.0,gen
6794,13,69,0.0,ref
6795,13,69,0.0,gen
6796,13,70,0.0,ref
6797,13,70,0.0,gen
6798,13,71,0.0,ref
6799,13,71,0.0,gen
6800,13,72,0.0,ref
6801,13,72,0.0,gen
6802,13,73,0.0,ref
6803,13,73,0.0,gen
6804,13,74,0.0,ref
6805,13,74,0.0,gen
6806,13,75,0.0,ref
6807,13,75,0.0,gen
6808,13,76,0.0,ref
6809,13,76,0.0,gen
6810,13,77,0.0,ref
6811,13,77,0.0,gen
6812,13,78,0.0,ref
6813,13,78,0.0,gen
6814,13,79,0.0,ref
6815,13,79,0.0,gen
6816,13,80,0.0,ref
6817,13,80,0.0,gen
6818,13,81,0.0,ref
6819,13,81,0.0,gen
6820,13,82,0.0,ref
6821,13,82,0.0,gen
6822,13,83,0.008333333333333333,ref
6823,13,83,0.0,gen
6824,13,84,0.0,ref
6825,13,84,0.0,gen
6826,13,85,0.0,ref
6827,13,85,0.0,gen
6828,13,86,0.0,ref
6829,13,86,0.0,gen
6830,13,87,0.0,ref
6831,13,87,0.0,gen
6832,13,88,0.0,ref
6833,13,88,0.0,gen
6834,13,89,0.0,ref
6835,13,89,0.0,gen
6836,13,90,0.0,ref
6837,13,90,0.0,gen
6838,13,91,0.0,ref
6839,13,91,0.0,gen
6840,13,92,0.0,ref
6841,13,92,0.0,gen
6842,13,93,0.0,ref
6843,13,93,0.0,gen
6844,13,94,0.0,ref
6845,13,94,0.0,gen
6846,13,95,0.0,ref
6847,13,95,0.008403361344537815,gen
6848,13,96,0.0,ref
6849,13,96,0.0,gen
6850,13,97,0.0,ref
6851,13,97,0.008403361344537815,gen
6852,13,98,0.0,ref
6853,13,98,0.008403361344537815,gen
6854,13,99,0.0,ref
6855,13,99,0.0,gen
6856,13,100,0.0,ref
6857,13,100,0.0,gen
6858,13,101,0.0,ref
6859,13,101,0.0,gen
6860,13,102,0.0,ref
6861,13,102,0.0,gen
6862,13,103,0.0,ref
6863,13,103,0.0,gen
6864,13,104,0.0,ref
6865,13,104,0.0,gen
6866,13,105,0.0,ref
6867,13,105,0.0,gen
6868,13,106,0.0,ref
6869,13,106,0.0,gen
6870,13,107,0.0,ref
6871,13,107,0.008403361344537815,gen
6872,13,108,0.0,ref
6873,13,108,0.0,gen
6874,13,109,0.0,ref
6875,13,109,0.008403361344537815,gen
6876,13,110,0.0,ref
6877,13,110,0.0,gen
6878,13,111,0.0,ref
6879,13,111,0.01680672268907563,gen
6880,13,112,0.0,ref
6881,13,112,0.0,gen
6882,13,113,0.008333333333333333,ref
6883,13,113,0.0,gen
6884,13,114,0.0,ref
6885,13,114,0.008403361344537815,gen
6886,13,115,0.008333333333333333,ref
6887,13,115,0.0,gen
6888,13,116,0.0,ref
6889,13,116,0.0,gen
6890,13,117,0.0,ref
6891,13,117,0.0,gen
6892,13,118,0.0,ref
6893,13,118,0.0,gen
6894,13,119,0.0,ref
6895,13,119,0.0,gen
6896,13,120,0.0,ref
6897,13,120,0.0,gen
6898,13,121,0.0,ref
6899,13,121,0.0,gen
6900,13,122,0.0,ref
6901,13,122,0.0,gen
6902,13,123,0.0,ref
6903,13,123,0.0,gen
6904,13,124,0.0,ref
6905,13,124,0.0,gen
6906,13,125,0.0,ref
6907,13,125,0.0,gen
6908,13,126,0.0,ref
6909,13,126,0.0,gen
6910,13,127,0.0,ref
6911,13,127,0.0,gen
6912,13,128,0.0,ref
6913,13,128,0.0,gen
6914,13,129,0.0,ref
6915,13,129,0.0,gen
6916,13,130,0.0,ref
6917,13,130,0.0,gen
6918,13,131,0.0,ref
6919,13,131,0.0,gen
6920,13,132,0.0,ref
6921,13,132,0.0,gen
6922,13,133,0.0,ref
6923,13,133,0.0,gen
6924,13,134,0.0,ref
6925,13,134,0.0,gen
6926,13,135,0.008333333333333333,ref
6927,13,135,0.008403361344537815,gen
6928,13,136,0.0,ref
6929,13,136,0.0,gen
6930,13,137,0.0,ref
6931,13,137,0.0,gen
6932,13,138,0.0,ref
6933,13,138,0.008403361344537815,gen
6934,13,139,0.0,ref
6935,13,139,0.0,gen
6936,13,140,0.0,ref
6937,13,140,0.0,gen
6938,13,141,0.0,ref
6939,13,141,0.0,gen
6940,13,142,0.0,ref
6941,13,142,0.0,gen
6942,13,143,0.0,ref
6943,13,143,0.0,gen
6944,13,144,0.0,ref
6945,13,144,0.0,gen
6946,13,145,0.0,ref
6947,13,145,0.0,gen
6948,13,146,0.0,ref
6949,13,146,0.0,gen
6950,13,147,0.0,ref
6951,13,147,0.0,gen
6952,13,148,0.0,ref
6953,13,148,0.0,gen
6954,13,149,0.0,ref
6955,13,149,0.008403361344537815,gen
6956,13,150,0.0,ref
6957,13,150,0.0,gen
6958,13,151,0.0,ref
6959,13,151,0.0,gen
6960,13,152,0.0,ref
6961,13,152,0.0,gen
6962,13,153,0.0,ref
6963,13,153,0.0,gen
6964,13,154,0.0,ref
6965,13,154,0.0,gen
6966,13,155,0.0,ref
6967,13,155,0.0,gen
6968,13,156,0.0,ref
6969,13,156,0.0,gen
6970,13,157,0.0,ref
6971,13,157,0.0,gen
6972,13,158,0.0,ref
6973,13,158,0.0,gen
6974,13,159,0.0,ref
6975,13,159,0.0,gen
6976,13,160,0.0,ref
6977,13,160,0.0,gen
6978,13,161,0.0,ref
6979,13,161,0.0,gen
6980,13,162,0.0,ref
6981,13,162,0.0,gen
6982,13,163,0.0,ref
6983,13,163,0.0,gen
6984,13,164,0.0,ref
6985,13,164,0.0,gen
6986,13,165,0.0,ref
6987,13,165,0.0,gen
6988,13,166,0.0,ref
6989,13,166,0.0,gen
6990,13,167,0.0,ref
6991,13,167,0.0,gen
6992,13,168,0.0,ref
6993,13,168,0.0,gen
6994,13,169,0.0,ref
6995,13,169,0.0,gen
6996,13,170,0.0,ref
6997,13,170,0.0,gen
6998,13,171,0.0,ref
6999,13,171,0.0,gen
7000,13,172,0.0,ref
7001,13,172,0.0,gen
7002,13,173,0.0,ref
7003,13,173,0.0,gen
7004,13,174,0.0,ref
7005,13,174,0.0,gen
7006,13,175,0.0,ref
7007,13,175,0.0,gen
7008,13,176,0.0,ref
7009,13,176,0.0,gen
7010,13,177,0.0,ref
7011,13,177,0.0,gen
7012,13,178,0.0,ref
7013,13,178,0.0,gen
7014,13,179,0.0,ref
7015,13,179,0.0,gen
7016,13,180,0.008333333333333333,ref
7017,13,180,0.0,gen
7018,13,181,0.0,ref
7019,13,181,0.0,gen
7020,13,182,0.0,ref
7021,13,182,0.0,gen
7022,13,183,0.0,ref
7023,13,183,0.0,gen
7024,13,184,0.0,ref
7025,13,184,0.0,gen
7026,13,185,0.0,ref
7027,13,185,0.0,gen
7028,13,186,0.0,ref
7029,13,186,0.0,gen
7030,13,187,0.0,ref
7031,13,187,0.0,gen
7032,13,188,0.0,ref
7033,13,188,0.0,gen
7034,13,189,0.0,ref
7035,13,189,0.0,gen
7036,13,190,0.0,ref
7037,13,190,0.0,gen
7038,13,191,0.0,ref
7039,13,191,0.0,gen
7040,13,192,0.0,ref
7041,13,192,0.0,gen
7042,13,193,0.0,ref
7043,13,193,0.0,gen
7044,13,194,0.0,ref
7045,13,194,0.0,gen
7046,13,195,0.0,ref
7047,13,195,0.0,gen
7048,13,196,0.0,ref
7049,13,196,0.0,gen
7050,13,197,0.0,ref
7051,13,197,0.0,gen
7052,13,198,0.0,ref
7053,13,198,0.0,gen
7054,13,199,0.0,ref
7055,13,199,0.0,gen
7056,13,200,0.0,ref
7057,13,200,0.0,gen
7058,13,201,0.0,ref
7059,13,201,0.0,gen
7060,13,202,0.0,ref
7061,13,202,0.0,gen
7062,13,203,0.0,ref
7063,13,203,0.0,gen
7064,13,204,0.0,ref
7065,13,204,0.0,gen
7066,13,205,0.0,ref
7067,13,205,0.0,gen
7068,13,206,0.0,ref
7069,13,206,0.0,gen
7070,13,207,0.0,ref
7071,13,207,0.0,gen
7072,13,208,0.0,ref
7073,13,208,0.0,gen
7074,13,209,0.0,ref
7075,13,209,0.008403361344537815,gen
7076,13,210,0.0,ref
7077,13,210,0.0,gen
7078,13,211,0.0,ref
7079,13,211,0.0,gen
7080,13,212,0.0,ref
7081,13,212,0.0,gen
7082,13,213,0.0,ref
7083,13,213,0.0,gen
7084,13,214,0.0,ref
7085,13,214,0.0,gen
7086,13,215,0.0,ref
7087,13,215,0.0,gen
7088,13,216,0.0,ref
7089,13,216,0.0,gen
7090,13,217,0.0,ref
7091,13,217,0.0,gen
7092,13,218,0.0,ref
7093,13,218,0.0,gen
7094,13,219,0.0,ref
7095,13,219,0.0,gen
7096,13,220,0.0,ref
7097,13,220,0.0,gen
7098,13,221,0.0,ref
7099,13,221,0.0,gen
7100,13,222,0.0,ref
7101,13,222,0.0,gen
7102,13,223,0.0,ref
7103,13,223,0.0,gen
7104,13,224,0.0,ref
7105,13,224,0.0,gen
7106,13,225,0.0,ref
7107,13,225,0.0,gen
7108,13,226,0.0,ref
7109,13,226,0.0,gen
7110,13,227,0.0,ref
7111,13,227,0.0,gen
7112,13,228,0.0,ref
7113,13,228,0.0,gen
7114,13,229,0.0,ref
7115,13,229,0.0,gen
7116,13,230,0.0,ref
7117,13,230,0.0,gen
7118,13,231,0.0,ref
7119,13,231,0.0,gen
7120,13,232,0.0,ref
7121,13,232,0.0,gen
7122,13,233,0.0,ref
7123,13,233,0.0,gen
7124,13,234,0.0,ref
7125,13,234,0.0,gen
7126,13,235,0.0,ref
7127,13,235,0.0,gen
7128,13,236,0.0,ref
7129,13,236,0.0,gen
7130,13,237,0.0,ref
7131,13,237,0.008403361344537815,gen
7132,13,238,0.0,ref
7133,13,238,0.0,gen
7134,13,239,0.0,ref
7135,13,239,0.0,gen
7136,13,240,0.0,ref
7137,13,240,0.0,gen
7138,13,241,0.0,ref
7139,13,241,0.0,gen
7140,13,242,0.0,ref
7141,13,242,0.0,gen
7142,13,243,0.0,ref
7143,13,243,0.0,gen
7144,13,244,0.0,ref
7145,13,244,0.0,gen
7146,13,245,0.0,ref
7147,13,245,0.0,gen
7148,13,246,0.0,ref
7149,13,246,0.0,gen
7150,13,247,0.0,ref
7151,13,247,0.0,gen
7152,13,248,0.0,ref
7153,13,248,0.0,gen
7154,13,249,0.0,ref
7155,13,249,0.0,gen
7156,13,250,0.0,ref
7157,13,250,0.0,gen
7158,13,251,0.0,ref
7159,13,251,0.0,gen
7160,13,252,0.0,ref
7161,13,252,0.0,gen
7162,13,253,0.0,ref
7163,13,253,0.0,gen
7164,13,254,0.0,ref
7165,13,254,0.0,gen
7166,13,255,0.0,ref
7167,13,255,0.008403361344537815,gen
7168,14,0,0.0,ref
7169,14,0,0.0,gen
7170,14,1,0.0,ref
7171,14,1,0.0,gen
7172,14,2,0.0,ref
7173,14,2,0.0,gen
7174,14,3,0.0,ref
7175,14,3,0.0,gen
7176,14,4,0.0,ref
7177,14,4,0.0,gen
7178,14,5,0.0,ref
7179,14,5,0.0,gen
7180,14,6,0.0,ref
7181,14,6,0.0,gen
7182,14,7,0.0,ref
7183,14,7,0.0,gen
7184,14,8,0.0,ref
7185,14,8,0.0,gen
7186,14,9,0.0,ref
7187,14,9,0.0,gen
7188,14,10,0.0,ref
7189,14,10,0.0,gen
7190,14,11,0.0,ref
7191,14,11,0.0,gen
7192,14,12,0.0,ref
7193,14,12,0.0,gen
7194,14,13,0.0,ref
7195,14,13,0.0,gen
7196,14,14,0.0,ref
7197,14,14,0.0,gen
7198,14,15,0.0,ref
7199,14,15,0.0,gen
7200,14,16,0.0,ref
7201,14,16,0.0,gen
7202,14,17,0.0,ref
7203,14,17,0.0,gen
7204,14,18,0.0,ref
7205,14,18,0.0,gen
7206,14,19,0.0,ref
7207,14,19,0.0,gen
7208,14,20,0.0,ref
7209,14,20,0.0,gen
7210,14,21,0.0,ref
7211,14,21,0.0,gen
7212,14,22,0.0,ref
7213,14,22,0.0,gen
7214,14,23,0.0,ref
7215,14,23,0.0,gen
7216,14,24,0.0,ref
7217,14,24,0.0,gen
7218,14,25,0.0,ref
7219,14,25,0.0,gen
7220,14,26,0.0,ref
7221,14,26,0.0,gen
7222,14,27,0.0,ref
7223,14,27,0.0,gen
7224,14,28,0.0,ref
7225,14,28,0.0,gen
7226,14,29,0.0,ref
7227,14,29,0.0,gen
7228,14,30,0.0,ref
7229,14,30,0.0,gen
7230,14,31,0.0,ref
7231,14,31,0.0,gen
7232,14,32,0.0,ref
7233,14,32,0.0,gen
7234,14,33,0.0,ref
7235,14,33,0.0,gen
7236,14,34,0.0,ref
7237,14,34,0.0,gen
7238,14,35,0.0,ref
7239,14,35,0.0,gen
7240,14,36,0.0,ref
7241,14,36,0.0,gen
7242,14,37,0.0,ref
7243,14,37,0.0,gen
7244,14,38,0.0,ref
7245,14,38,0.0,gen
7246,14,39,0.0,ref
7247,14,39,0.0,gen
7248,14,40,0.0,ref
7249,14,40,0.0,gen
7250,14,41,0.0,ref
7251,14,41,0.0,gen
7252,14,42,0.0,ref
7253,14,42,0.0,gen
7254,14,43,0.0,ref
7255,14,43,0.0,gen
7256,14,44,0.0,ref
7257,14,44,0.0,gen
7258,14,45,0.0,ref
7259,14,45,0.0,gen
7260,14,46,0.0,ref
7261,14,46,0.0,gen
7262,14,47,0.0,ref
7263,14,47,0.0,gen
7264,14,48,0.0,ref
7265,14,48,0.023809523809523808,gen
7266,14,49,0.0,ref
7267,14,49,0.0,gen
7268,14,50,0.0,ref
7269,14,50,0.0,gen
7270,14,51,0.0,ref
7271,14,51,0.0,gen
7272,14,52,0.0,ref
7273,14,52,0.0,gen
7274,14,53,0.0,ref
7275,14,53,0.0,gen
7276,14,54,0.0,ref
7277,14,54,0.0,gen
7278,14,55,0.0,ref
7279,14,55,0.0,gen
7280,14,56,0.0,ref
7281,14,56,0.0,gen
7282,14,57,0.0,ref
7283,14,57,0.0,gen
7284,14,58,0.0,ref
7285,14,58,0.0,gen
7286,14,59,0.0,ref
7287,14,59,0.0,gen
7288,14,60,0.0,ref
7289,14,60,0.0,gen
7290,14,61,0.0,ref
7291,14,61,0.0,gen
7292,14,62,0.0,ref
7293,14,62,0.0,gen
7294,14,63,0.0,ref
7295,14,63,0.0,gen
7296,14,64,0.0,ref
7297,14,64,0.0,gen
7298,14,65,0.0,ref
7299,14,65,0.0,gen
7300,14,66,0.0,ref
7301,14,66,0.0,gen
7302,14,67,0.0,ref
7303,14,67,0.0,gen
7304,14,68,0.0,ref
7305,14,68,0.0,gen
7306,14,69,0.0,ref
7307,14,69,0.0,gen
7308,14,70,0.0,ref
7309,14,70,0.0,gen
7310,14,71,0.0,ref
7311,14,71,0.0,gen
7312,14,72,0.0,ref
7313,14,72,0.0,gen
7314,14,73,0.0,ref
7315,14,73,0.0,gen
7316,14,74,0.0,ref
7317,14,74,0.0,gen
7318,14,75,0.0,ref
7319,14,75,0.0,gen
7320,14,76,0.0,ref
7321,14,76,0.0,gen
7322,14,77,0.0,ref
7323,14,77,0.0,gen
7324,14,78,0.0,ref
7325,14,78,0.0,gen
7326,14,79,0.0,ref
7327,14,79,0.0,gen
7328,14,80,0.0,ref
7329,14,80,0.023809523809523808,gen
7330,14,81,0.0,ref
7331,14,81,0.0,gen
7332,14,82,0.0,ref
7333,14,82,0.0,gen
7334,14,83,0.0,ref
7335,14,83,0.0,gen
7336,14,84,0.0,ref
7337,14,84,0.0,gen
7338,14,85,0.0,ref
7339,14,85,0.0,gen
7340,14,86,0.0,ref
7341,14,86,0.0,gen
7342,14,87,0.0,ref
7343,14,87,0.0,gen
7344,14,88,0.0,ref
7345,14,88,0.0,gen
7346,14,89,0.0,ref
7347,14,89,0.0,gen
7348,14,90,0.0,ref
7349,14,90,0.0,gen
7350,14,91,0.0,ref
7351,14,91,0.0,gen
7352,14,92,0.0,ref
7353,14,92,0.0,gen
7354,14,93,0.0,ref
7355,14,93,0.0,gen
7356,14,94,0.0,ref
7357,14,94,0.0,gen
7358,14,95,0.0,ref
7359,14,95,0.0,gen
7360,14,96,0.0,ref
7361,14,96,0.0,gen
7362,14,97,0.0,ref
7363,14,97,0.0,gen
7364,14,98,0.0,ref
7365,14,98,0.0,gen
7366,14,99,0.0,ref
7367,14,99,0.0,gen
7368,14,100,0.0,ref
7369,14,100,0.0,gen
7370,14,101,0.0,ref
7371,14,101,0.0,gen
7372,14,102,0.0,ref
7373,14,102,0.0,gen
7374,14,103,0.0,ref
7375,14,103,0.0,gen
7376,14,104,0.0,ref
7377,14,104,0.0,gen
7378,14,105,0.0,ref
7379,14,105,0.0,gen
7380,14,106,0.0,ref
7381,14,106,0.0,gen
7382,14,107,0.0,ref
7383,14,107,0.0,gen
7384,14,108,0.0,ref
7385,14,108,0.0,gen
7386,14,109,0.0,ref
7387,14,109,0.0,gen
7388,14,110,0.0,ref
7389,14,110,0.0,gen
7390,14,111,0.0,ref
7391,14,111,0.0,gen
7392,14,112,0.017543859649122806,ref
7393,14,112,0.0,gen
7394,14,113,0.0,ref
7395,14,113,0.0,gen
7396,14,114,0.0,ref
7397,14,114,0.0,gen
7398,14,115,0.0,ref
7399,14,115,0.0,gen
7400,14,116,0.0,ref
7401,14,116,0.0,gen
7402,14,117,0.0,ref
7403,14,117,0.0,gen
7404,14,118,0.0,ref
7405,14,118,0.0,gen
7406,14,119,0.0,ref
7407,14,119,0.0,gen
7408,14,120,0.0,ref
7409,14,120,0.0,gen
7410,14,121,0.0,ref
7411,14,121,0.0,gen
7412,14,122,0.0,ref
7413,14,122,0.0,gen
7414,14,123,0.0,ref
7415,14,123,0.0,gen
7416,14,124,0.0,ref
7417,14,124,0.023809523809523808,gen
7418,14,125,0.0,ref
7419,14,125,0.0,gen
7420,14,126,0.0,ref
7421,14,126,0.0,gen
7422,14,127,0.0,ref
7423,14,127,0.0,gen
7424,14,128,0.0,ref
7425,14,128,0.0,gen
7426,14,129,0.0,ref
7427,14,129,0.0,gen
7428,14,130,0.0,ref
7429,14,130,0.0,gen
7430,14,131,0.0,ref
7431,14,131,0.0,gen
7432,14,132,0.0,ref
7433,14,132,0.0,gen
7434,14,133,0.0,ref
7435,14,133,0.0,gen
7436,14,134,0.0,ref
7437,14,134,0.0,gen
7438,14,135,0.0,ref
7439,14,135,0.0,gen
7440,14,136,0.0,ref
7441,14,136,0.0,gen
7442,14,137,0.0,ref
7443,14,137,0.0,gen
7444,14,138,0.0,ref
7445,14,138,0.0,gen
7446,14,139,0.0,ref
7447,14,139,0.0,gen
7448,14,140,0.0,ref
7449,14,140,0.0,gen
7450,14,141,0.0,ref
7451,14,141,0.0,gen
7452,14,142,0.0,ref
7453,14,142,0.0,gen
7454,14,143,0.0,ref
7455,14,143,0.0,gen
7456,14,144,0.0,ref
7457,14,144,0.0,gen
7458,14,145,0.0,ref
7459,14,145,0.0,gen
7460,14,146,0.0,ref
7461,14,146,0.0,gen
7462,14,147,0.0,ref
7463,14,147,0.0,gen
7464,14,148,0.0,ref
7465,14,148,0.0,gen
7466,14,149,0.0,ref
7467,14,149,0.0,gen
7468,14,150,0.0,ref
7469,14,150,0.0,gen
7470,14,151,0.0,ref
7471,14,151,0.0,gen
7472,14,152,0.017543859649122806,ref
7473,14,152,0.0,gen
7474,14,153,0.0,ref
7475,14,153,0.0,gen
7476,14,154,0.0,ref
7477,14,154,0.0,gen
7478,14,155,0.0,ref
7479,14,155,0.0,gen
7480,14,156,0.0,ref
7481,14,156,0.0,gen
7482,14,157,0.0,ref
7483,14,157,0.0,gen
7484,14,158,0.0,ref
7485,14,158,0.0,gen
7486,14,159,0.0,ref
7487,14,159,0.0,gen
7488,14,160,0.0,ref
7489,14,160,0.0,gen
7490,14,161,0.0,ref
7491,14,161,0.0,gen
7492,14,162,0.0,ref
7493,14,162,0.0,gen
7494,14,163,0.0,ref
7495,14,163,0.0,gen
7496,14,164,0.0,ref
7497,14,164,0.0,gen
7498,14,165,0.0,ref
7499,14,165,0.0,gen
7500,14,166,0.0,ref
7501,14,166,0.0,gen
7502,14,167,0.0,ref
7503,14,167,0.0,gen
7504,14,168,0.0,ref
7505,14,168,0.0,gen
7506,14,169,0.0,ref
7507,14,169,0.0,gen
7508,14,170,0.0,ref
7509,14,170,0.0,gen
7510,14,171,0.0,ref
7511,14,171,0.0,gen
7512,14,172,0.0,ref
7513,14,172,0.0,gen
7514,14,173,0.0,ref
7515,14,173,0.0,gen
7516,14,174,0.0,ref
7517,14,174,0.0,gen
7518,14,175,0.0,ref
7519,14,175,0.0,gen
7520,14,176,0.0,ref
7521,14,176,0.0,gen
7522,14,177,0.0,ref
7523,14,177,0.0,gen
7524,14,178,0.0,ref
7525,14,178,0.0,gen
7526,14,179,0.0,ref
7527,14,179,0.0,gen
7528,14,180,0.0,ref
7529,14,180,0.0,gen
7530,14,181,0.0,ref
7531,14,181,0.0,gen
7532,14,182,0.0,ref
7533,14,182,0.0,gen
7534,14,183,0.0,ref
7535,14,183,0.0,gen
7536,14,184,0.0,ref
7537,14,184,0.0,gen
7538,14,185,0.0,ref
7539,14,185,0.0,gen
7540,14,186,0.0,ref
7541,14,186,0.0,gen
7542,14,187,0.0,ref
7543,14,187,0.0,gen
7544,14,188,0.0,ref
7545,14,188,0.0,gen
7546,14,189,0.0,ref
7547,14,189,0.0,gen
7548,14,190,0.0,ref
7549,14,190,0.0,gen
7550,14,191,0.0,ref
7551,14,191,0.0,gen
7552,14,192,0.0,ref
7553,14,192,0.0,gen
7554,14,193,0.0,ref
7555,14,193,0.0,gen
7556,14,194,0.0,ref
7557,14,194,0.0,gen
7558,14,195,0.0,ref
7559,14,195,0.0,gen
7560,14,196,0.0,ref
7561,14,196,0.0,gen
7562,14,197,0.0,ref
7563,14,197,0.0,gen
7564,14,198,0.0,ref
7565,14,198,0.0,gen
7566,14,199,0.0,ref
7567,14,199,0.0,gen
7568,14,200,0.0,ref
7569,14,200,0.0,gen
7570,14,201,0.0,ref
7571,14,201,0.0,gen
7572,14,202,0.0,ref
7573,14,202,0.0,gen
7574,14,203,0.0,ref
7575,14,203,0.0,gen
7576,14,204,0.0,ref
7577,14,204,0.0,gen
7578,14,205,0.0,ref
7579,14,205,0.0,gen
7580,14,206,0.0,ref
7581,14,206,0.0,gen
7582,14,207,0.0,ref
7583,14,207,0.0,gen
7584,14,208,0.0,ref
7585,14,208,0.0,gen
7586,14,209,0.0,ref
7587,14,209,0.0,gen
7588,14,210,0.0,ref
7589,14,210,0.0,gen
7590,14,211,0.0,ref
7591,14,211,0.0,gen
7592,14,212,0.0,ref
7593,14,212,0.023809523809523808,gen
7594,14,213,0.0,ref
7595,14,213,0.0,gen
7596,14,214,0.0,ref
7597,14,214,0.0,gen
7598,14,215,0.0,ref
7599,14,215,0.0,gen
7600,14,216,0.0,ref
7601,14,216,0.0,gen
7602,14,217,0.0,ref
7603,14,217,0.0,gen
7604,14,218,0.0,ref
7605,14,218,0.0,gen
7606,14,219,0.0,ref
7607,14,219,0.0,gen
7608,14,220,0.0,ref
7609,14,220,0.0,gen
7610,14,221,0.0,ref
7611,14,221,0.0,gen
7612,14,222,0.0,ref
7613,14,222,0.0,gen
7614,14,223,0.0,ref
7615,14,223,0.0,gen
7616,14,224,0.0,ref
7617,14,224,0.0,gen
7618,14,225,0.0,ref
7619,14,225,0.0,gen
7620,14,226,0.0,ref
7621,14,226,0.0,gen
7622,14,227,0.0,ref
7623,14,227,0.0,gen
7624,14,228,0.0,ref
7625,14,228,0.0,gen
7626,14,229,0.0,ref
7627,14,229,0.0,gen
7628,14,230,0.0,ref
7629,14,230,0.0,gen
7630,14,231,0.0,ref
7631,14,231,0.0,gen
7632,14,232,0.0,ref
7633,14,232,0.0,gen
7634,14,233,0.0,ref
7635,14,233,0.0,gen
7636,14,234,0.0,ref
7637,14,234,0.0,gen
7638,14,235,0.0,ref
7639,14,235,0.0,gen
7640,14,236,0.0,ref
7641,14,236,0.0,gen
7642,14,237,0.0,ref
7643,14,237,0.0,gen
7644,14,238,0.0,ref
7645,14,238,0.0,gen
7646,14,239,0.0,ref
7647,14,239,0.0,gen
7648,14,240,0.0,ref
7649,14,240,0.0,gen
7650,14,241,0.0,ref
7651,14,241,0.0,gen
7652,14,242,0.0,ref
7653,14,242,0.0,gen
7654,14,243,0.0,ref
7655,14,243,0.0,gen
7656,14,244,0.0,ref
7657,14,244,0.0,gen
7658,14,245,0.0,ref
7659,14,245,0.0,gen
7660,14,246,0.0,ref
7661,14,246,0.0,gen
7662,14,247,0.0,ref
7663,14,247,0.0,gen
7664,14,248,0.0,ref
7665,14,248,0.0,gen
7666,14,249,0.0,ref
7667,14,249,0.0,gen
7668,14,250,0.0,ref
7669,14,250,0.0,gen
7670,14,251,0.0,ref
7671,14,251,0.0,gen
7672,14,252,0.0,ref
7673,14,252,0.0,gen
7674,14,253,0.0,ref
7675,14,253,0.0,gen
7676,14,254,0.0,ref
7677,14,254,0.0,gen
7678,14,255,0.0,ref
7679,14,255,0.0,gen
7680,15,0,0.0,ref
7681,15,0,0.0,gen
7682,15,1,0.0,ref
7683,15,1,0.0,gen
7684,15,2,0.0,ref
7685,15,2,0.0,gen
7686,15,3,0.0,ref
7687,15,3,0.0,gen
7688,15,4,0.0,ref
7689,15,4,0.0,gen
7690,15,5,0.0,ref
7691,15,5,0.0,gen
7692,15,6,0.0,ref
7693,15,6,0.0,gen
7694,15,7,0.0,ref
7695,15,7,0.0,gen
7696,15,8,0.0,ref
7697,15,8,0.0,gen
7698,15,9,0.0,ref
7699,15,9,0.0,gen
7700,15,10,0.0,ref
7701,15,10,0.0,gen
7702,15,11,0.0,ref
7703,15,11,0.0,gen
7704,15,12,0.0,ref
7705,15,12,0.0,gen
7706,15,13,0.0,ref
7707,15,13,0.0,gen
7708,15,14,0.0,ref
7709,15,14,0.0,gen
7710,15,15,0.0,ref
7711,15,15,0.0,gen
7712,15,16,0.0,ref
7713,15,16,0.0,gen
7714,15,17,0.0,ref
7715,15,17,0.0,gen
7716,15,18,0.0,ref
7717,15,18,0.0,gen
7718,15,19,0.0,ref
7719,15,19,0.0,gen
7720,15,20,0.0,ref
7721,15,20,0.0,gen
7722,15,21,0.0,ref
7723,15,21,0.0,gen
7724,15,22,0.0,ref
7725,15,22,0.0,gen
7726,15,23,0.0,ref
7727,15,23,0.0,gen
7728,15,24,0.0,ref
7729,15,24,0.0,gen
7730,15,25,0.0,ref
7731,15,25,0.0,gen
7732,15,26,0.0,ref
7733,15,26,0.0,gen
7734,15,27,0.0,ref
7735,15,27,0.0,gen
7736,15,28,0.0,ref
7737,15,28,0.0,gen
7738,15,29,0.0,ref
7739,15,29,0.0,gen
7740,15,30,0.0,ref
7741,15,30,0.0,gen
7742,15,31,0.0,ref
7743,15,31,0.0,gen
7744,15,32,0.0,ref
7745,15,32,0.0,gen
7746,15,33,0.0,ref
7747,15,33,0.0,gen
7748,15,34,0.0,ref
7749,15,34,0.0,gen
7750,15,35,0.0,ref
7751,15,35,0.0,gen
7752,15,36,0.0,ref
7753,15,36,0.0,gen
7754,15,37,0.0,ref
7755,15,37,0.0,gen
7756,15,38,0.0,ref
7757,15,38,0.0,gen
7758,15,39,0.0,ref
7759,15,39,0.0,gen
7760,15,40,0.0,ref
7761,15,40,0.0,gen
7762,15,41,0.0,ref
7763,15,41,0.0,gen
7764,15,42,0.0,ref
7765,15,42,0.0,gen
7766,15,43,0.0,ref
7767,15,43,0.0,gen
7768,15,44,0.0,ref
7769,15,44,0.0,gen
7770,15,45,0.0,ref
7771,15,45,0.0,gen
7772,15,46,0.0,ref
7773,15,46,0.0,gen
7774,15,47,0.0,ref
7775,15,47,0.0,gen
7776,15,48,0.0,ref
7777,15,48,0.0,gen
7778,15,49,0.0,ref
7779,15,49,0.0,gen
7780,15,50,0.0,ref
7781,15,50,0.0,gen
7782,15,51,0.0,ref
7783,15,51,0.0,gen
7784,15,52,0.0,ref
7785,15,52,0.0,gen
7786,15,53,0.0,ref
7787,15,53,0.0,gen
7788,15,54,0.0,ref
7789,15,54,0.0,gen
7790,15,55,0.0,ref
7791,15,55,0.0,gen
7792,15,56,0.0,ref
7793,15,56,0.0,gen
7794,15,57,0.0,ref
7795,15,57,0.0,gen
7796,15,58,0.0,ref
7797,15,58,0.0,gen
7798,15,59,0.0,ref
7799,15,59,0.0,gen
7800,15,60,0.0,ref
7801,15,60,0.0,gen
7802,15,61,0.0,ref
7803,15,61,0.0,gen
7804,15,62,0.0,ref
7805,15,62,0.0,gen
7806,15,63,0.0,ref
7807,15,63,0.0,gen
7808,15,64,0.0,ref
7809,15,64,0.0,gen
7810,15,65,0.0,ref
7811,15,65,0.0,gen
7812,15,66,0.0,ref
7813,15,66,0.0,gen
7814,15,67,0.0,ref
7815,15,67,0.0,gen
7816,15,68,0.0,ref
7817,15,68,0.0,gen
7818,15,69,0.0,ref
7819,15,69,0.0,gen
7820,15,70,0.0,ref
7821,15,70,0.0,gen
7822,15,71,0.0,ref
7823,15,71,0.0,gen
7824,15,72,0.0,ref
7825,15,72,0.0,gen
7826,15,73,0.0,ref
7827,15,73,0.0,gen
7828,15,74,0.0,ref
7829,15,74,0.0,gen
7830,15,75,0.0,ref
7831,15,75,0.0,gen
7832,15,76,0.0,ref
7833,15,76,0.0,gen
7834,15,77,0.0,ref
7835,15,77,0.0,gen
7836,15,78,0.0,ref
7837,15,78,0.0,gen
7838,15,79,0.0,ref
7839,15,79,0.0,gen
7840,15,80,0.0,ref
7841,15,80,0.0,gen
7842,15,81,0.0,ref
7843,15,81,0.0,gen
7844,15,82,0.0,ref
7845,15,82,0.0,gen
7846,15,83,0.0,ref
7847,15,83,0.0,gen
7848,15,84,0.0,ref
7849,15,84,0.0,gen
7850,15,85,0.0,ref
7851,15,85,0.0,gen
7852,15,86,0.0,ref
7853,15,86,0.0,gen
7854,15,87,0.0,ref
7855,15,87,0.0,gen
7856,15,88,0.0,ref
7857,15,88,0.0,gen
7858,15,89,0.0,ref
7859,15,89,0.0,gen
7860,15,90,0.0,ref
7861,15,90,0.0,gen
7862,15,91,0.0,ref
7863,15,91,0.0,gen
7864,15,92,0.0,ref
7865,15,92,0.0,gen
7866,15,93,0.0,ref
7867,15,93,0.0,gen
7868,15,94,0.0,ref
7869,15,94,0.0,gen
7870,15,95,0.0,ref
7871,15,95,0.0,gen
7872,15,96,0.0,ref
7873,15,96,0.0,gen
7874,15,97,0.0,ref
7875,15,97,0.0,gen
7876,15,98,0.0,ref
7877,15,98,0.0,gen
7878,15,99,0.0,ref
7879,15,99,0.0,gen
7880,15,100,0.0,ref
7881,15,100,0.0,gen
7882,15,101,0.0,ref
7883,15,101,0.0,gen
7884,15,102,0.0,ref
7885,15,102,0.0,gen
7886,15,103,0.0,ref
7887,15,103,0.0,gen
7888,15,104,0.0,ref
7889,15,104,0.0,gen
7890,15,105,0.0,ref
7891,15,105,0.0,gen
7892,15,106,0.0,ref
7893,15,106,0.0,gen
7894,15,107,0.0,ref
7895,15,107,0.0,gen
7896,15,108,0.0,ref
7897,15,108,0.0,gen
7898,15,109,0.0,ref
7899,15,109,0.0,gen
7900,15,110,0.0,ref
7901,15,110,0.0,gen
7902,15,111,0.0,ref
7903,15,111,0.0,gen
7904,15,112,0.0,ref
7905,15,112,0.0,gen
7906,15,113,0.0,ref
7907,15,113,0.0,gen
7908,15,114,0.0,ref
7909,15,114,0.0,gen
7910,15,115,0.0,ref
7911,15,115,0.0,gen
7912,15,116,0.0,ref
7913,15,116,0.0,gen
7914,15,117,0.0,ref
7915,15,117,0.0,gen
7916,15,118,0.0,ref
7917,15,118,0.0,gen
7918,15,119,0.0,ref
7919,15,119,0.0,gen
7920,15,120,0.0,ref
7921,15,120,0.0,gen
7922,15,121,0.0,ref
7923,15,121,0.0,gen
7924,15,122,0.0,ref
7925,15,122,0.0,gen
7926,15,123,0.0,ref
7927,15,123,0.0,gen
7928,15,124,0.0,ref
7929,15,124,0.0,gen
7930,15,125,0.0,ref
7931,15,125,0.0,gen
7932,15,126,0.0,ref
7933,15,126,0.0,gen
7934,15,127,0.0,ref
7935,15,127,0.0,gen
7936,15,128,0.0,ref
7937,15,128,0.0,gen
7938,15,129,0.0,ref
7939,15,129,0.0,gen
7940,15,130,0.0,ref
7941,15,130,0.0,gen
7942,15,131,0.0,ref
7943,15,131,0.0,gen
7944,15,132,0.0,ref
7945,15,132,0.0,gen
7946,15,133,0.0,ref
7947,15,133,0.0,gen
7948,15,134,0.0,ref
7949,15,134,0.0,gen
7950,15,135,0.0,ref
7951,15,135,0.0,gen
7952,15,136,0.0,ref
7953,15,136,0.0,gen
7954,15,137,0.0,ref
7955,15,137,0.0,gen
7956,15,138,0.0,ref
7957,15,138,0.0,gen
7958,15,139,0.0,ref
7959,15,139,0.0,gen
7960,15,140,0.0,ref
7961,15,140,0.0,gen
7962,15,141,0.0,ref
7963,15,141,0.0,gen
7964,15,142,0.0,ref
7965,15,142,0.0,gen
7966,15,143,0.0,ref
7967,15,143,0.0,gen
7968,15,144,0.0,ref
7969,15,144,0.0,gen
7970,15,145,0.0,ref
7971,15,145,0.0,gen
7972,15,146,0.0,ref
7973,15,146,0.0,gen
7974,15,147,0.0,ref
7975,15,147,0.0,gen
7976,15,148,0.0,ref
7977,15,148,0.0,gen
7978,15,149,0.0,ref
7979,15,149,0.0,gen
7980,15,150,0.0,ref
7981,15,150,0.0,gen
7982,15,151,0.0,ref
7983,15,151,0.0,gen
7984,15,152,0.0,ref
7985,15,152,0.0,gen
7986,15,153,0.0,ref
7987,15,153,0.0,gen
7988,15,154,0.0,ref
7989,15,154,0.0,gen
7990,15,155,0.0,ref
7991,15,155,0.0,gen
7992,15,156,0.0,ref
7993,15,156,0.0,gen
7994,15,157,0.0,ref
7995,15,157,0.0,gen
7996,15,158,0.0,ref
7997,15,158,0.0,gen
7998,15,159,0.0,ref
7999,15,159,0.0,gen
8000,15,160,0.0,ref
8001,15,160,0.0,gen
8002,15,161,0.0,ref
8003,15,161,0.0,gen
8004,15,162,0.0,ref
8005,15,162,0.0,gen
8006,15,163,0.0,ref
8007,15,163,0.0,gen
8008,15,164,0.0,ref
8009,15,164,0.0,gen
8010,15,165,0.0,ref
8011,15,165,0.0,gen
8012,15,166,0.0,ref
8013,15,166,0.0,gen
8014,15,167,0.0,ref
8015,15,167,0.0,gen
8016,15,168,0.0,ref
8017,15,168,0.0,gen
8018,15,169,0.0,ref
8019,15,169,0.0,gen
8020,15,170,0.0,ref
8021,15,170,0.0,gen
8022,15,171,0.0,ref
8023,15,171,0.0,gen
8024,15,172,0.0,ref
8025,15,172,0.0,gen
8026,15,173,0.0,ref
8027,15,173,0.0,gen
8028,15,174,0.0,ref
8029,15,174,0.0,gen
8030,15,175,0.0,ref
8031,15,175,0.0,gen
8032,15,176,0.0,ref
8033,15,176,0.0,gen
8034,15,177,0.0,ref
8035,15,177,0.0,gen
8036,15,178,0.0,ref
8037,15,178,0.0,gen
8038,15,179,0.0,ref
8039,15,179,0.0,gen
8040,15,180,0.0,ref
8041,15,180,0.0,gen
8042,15,181,0.0,ref
8043,15,181,0.0,gen
8044,15,182,0.0,ref
8045,15,182,0.0,gen
8046,15,183,0.0,ref
8047,15,183,0.0,gen
8048,15,184,0.0,ref
8049,15,184,0.0,gen
8050,15,185,0.0,ref
8051,15,185,0.0,gen
8052,15,186,0.0,ref
8053,15,186,0.0,gen
8054,15,187,0.0,ref
8055,15,187,0.0,gen
8056,15,188,0.0,ref
8057,15,188,0.0,gen
8058,15,189,0.0,ref
8059,15,189,0.0,gen
8060,15,190,0.0,ref
8061,15,190,0.0,gen
8062,15,191,0.0,ref
8063,15,191,0.0,gen
8064,15,192,0.0,ref
8065,15,192,0.0,gen
8066,15,193,0.0,ref
8067,15,193,0.0,gen
8068,15,194,0.0,ref
8069,15,194,0.0,gen
8070,15,195,0.0,ref
8071,15,195,0.0,gen
8072,15,196,0.0,ref
8073,15,196,0.0,gen
8074,15,197,0.0,ref
8075,15,197,0.0,gen
8076,15,198,0.0,ref
8077,15,198,0.0,gen
8078,15,199,0.0,ref
8079,15,199,0.0,gen
8080,15,200,0.0,ref
8081,15,200,0.0,gen
8082,15,201,0.0,ref
8083,15,201,0.0,gen
8084,15,202,0.0,ref
8085,15,202,0.0,gen
8086,15,203,0.0,ref
8087,15,203,0.0,gen
8088,15,204,0.0,ref
8089,15,204,0.0,gen
8090,15,205,0.0,ref
8091,15,205,0.0,gen
8092,15,206,0.0,ref
8093,15,206,0.0,gen
8094,15,207,0.0,ref
8095,15,207,0.0,gen
8096,15,208,0.0,ref
8097,15,208,0.0,gen
8098,15,209,0.0,ref
8099,15,209,0.0,gen
8100,15,210,0.0,ref
8101,15,210,0.0,gen
8102,15,211,0.0,ref
8103,15,211,0.0,gen
8104,15,212,0.0,ref
8105,15,212,0.0,gen
8106,15,213,0.0,ref
8107,15,213,0.0,gen
8108,15,214,0.0,ref
8109,15,214,0.0,gen
8110,15,215,0.0,ref
8111,15,215,0.0,gen
8112,15,216,0.0,ref
8113,15,216,0.0,gen
8114,15,217,0.0,ref
8115,15,217,0.0,gen
8116,15,218,0.0,ref
8117,15,218,0.0,gen
8118,15,219,0.0,ref
8119,15,219,0.0,gen
8120,15,220,0.0,ref
8121,15,220,0.0,gen
8122,15,221,0.0,ref
8123,15,221,0.0,gen
8124,15,222,0.0,ref
8125,15,222,0.0,gen
8126,15,223,0.0,ref
8127,15,223,0.0,gen
8128,15,224,0.0,ref
8129,15,224,0.0,gen
8130,15,225,0.0,ref
8131,15,225,0.0,gen
8132,15,226,0.0,ref
8133,15,226,0.0,gen
8134,15,227,0.0,ref
8135,15,227,0.0,gen
8136,15,228,0.0,ref
8137,15,228,0.0,gen
8138,15,229,0.0,ref
8139,15,229,0.0,gen
8140,15,230,0.0,ref
8141,15,230,0.0,gen
8142,15,231,0.0,ref
8143,15,231,0.0,gen
8144,15,232,0.0,ref
8145,15,232,0.0,gen
8146,15,233,0.0,ref
8147,15,233,0.0,gen
8148,15,234,0.0,ref
8149,15,234,0.0,gen
8150,15,235,0.0,ref
8151,15,235,0.0,gen
8152,15,236,0.0,ref
8153,15,236,0.0,gen
8154,15,237,0.0,ref
8155,15,237,0.0,gen
8156,15,238,0.0,ref
8157,15,238,0.0,gen
8158,15,239,0.0,ref
8159,15,239,0.0,gen
8160,15,240,0.0,ref
8161,15,240,0.0,gen
8162,15,241,0.0,ref
8163,15,241,0.0,gen
8164,15,242,0.0,ref
8165,15,242,0.0,gen
8166,15,243,0.0,ref
8167,15,243,0.0,gen
8168,15,244,0.0,ref
8169,15,244,0.0,gen
8170,15,245,0.0,ref
8171,15,245,0.0,gen
8172,15,246,0.0,ref
8173,15,246,0.0,gen
8174,15,247,0.0,ref
8175,15,247,0.0,gen
8176,15,248,0.0,ref
8177,15,248,0.0,gen
8178,15,249,0.0,ref
8179,15,249,0.0,gen
8180,15,250,0.0,ref
8181,15,250,0.0,gen
8182,15,251,0.0,ref
8183,15,251,0.0,gen
8184,15,252,0.0,ref
8185,15,252,0.0,gen
8186,15,253,0.0,ref
8187,15,253,0.0,gen
8188,15,254,0.0,ref
8189,15,254,0.0,gen
8190,15,255,0.0,ref
8191,15,255,0.0,gen
