,label,position,freq,dataset
0,0,0,0.0006924541729981343,ref
1,0,1,0.00065398449672046,ref
2,0,2,0.0008655677162476678,ref
3,0,3,0.0008270980399699936,ref
4,0,4,0.0007309238492758084,ref
5,0,5,0.0008848025543865049,ref
6,0,6,0.0008848025543865049,ref
7,0,7,0.0007309238492758084,ref
8,0,8,0.0007116890111369713,ref
9,0,9,0.0009617419069418531,ref
10,0,10,0.0007116890111369713,ref
11,0,11,0.0005962799823039489,ref
12,0,12,0.0005385754678874377,ref
13,0,13,0.0008655677162476678,ref
14,0,14,0.0006732193348592972,ref
15,0,15,0.0007886283636923195,ref
16,0,16,0.00065398449672046,ref
17,0,17,0.0005385754678874377,ref
18,0,18,0.0007309238492758084,ref
19,0,19,0.0005385754678874377,ref
20,0,20,0.0007693935255534825,ref
21,0,21,0.0005578103060262748,ref
22,0,22,0.0008848025543865049,ref
23,0,23,0.0005001057916097636,ref
24,0,24,0.0006155148204427859,ref
25,0,25,0.0006155148204427859,ref
26,0,26,0.000634749658581623,ref
27,0,27,0.0008270980399699936,ref
28,0,28,0.0007886283636923195,ref
29,0,29,0.0006732193348592972,ref
30,0,30,0.0007501586874146454,ref
31,0,31,0.000634749658581623,ref
32,0,32,0.0007116890111369713,ref
33,0,33,0.0008463328781088308,ref
34,0,34,0.0007501586874146454,ref
35,0,35,0.0007116890111369713,ref
36,0,36,0.0007693935255534825,ref
37,0,37,0.0005770451441651118,ref
38,0,38,0.0008078632018311566,ref
39,0,39,0.0007116890111369713,ref
40,0,40,0.0006924541729981343,ref
41,0,41,0.0007309238492758084,ref
42,0,42,0.0006155148204427859,ref
43,0,43,0.0007501586874146454,ref
44,0,44,0.0007116890111369713,ref
45,0,45,0.000634749658581623,ref
46,0,46,0.0005962799823039489,ref
47,0,47,0.0005770451441651118,ref
48,0,48,0.0005385754678874377,ref
49,0,49,0.0005578103060262748,ref
50,0,50,0.0005770451441651118,ref
51,0,51,0.000634749658581623,ref
52,0,52,0.0005962799823039489,ref
53,0,53,0.0005770451441651118,ref
54,0,54,0.0006924541729981343,ref
55,0,55,0.0005770451441651118,ref
56,0,56,0.0005962799823039489,ref
57,0,57,0.00065398449672046,ref
58,0,58,0.0004231664390544154,ref
59,0,59,0.0005578103060262748,ref
60,0,60,0.0005962799823039489,ref
61,0,61,0.0005385754678874377,ref
62,0,62,0.0005578103060262748,ref
63,0,63,0.0005770451441651118,ref
64,0,64,0.00044240127719325244,ref
65,0,65,0.0006924541729981343,ref
66,0,66,0.0005385754678874377,ref
67,0,67,0.0007116890111369713,ref
68,0,68,0.0004616361153320895,ref
69,0,69,0.0005001057916097636,ref
70,0,70,0.0005001057916097636,ref
71,0,71,0.00048087095347092656,ref
72,0,72,0.00032699224836023,ref
73,0,73,0.0005193406297486007,ref
74,0,74,0.00048087095347092656,ref
75,0,75,0.0006732193348592972,ref
76,0,76,0.0006155148204427859,ref
77,0,77,0.0005385754678874377,ref
78,0,78,0.0006732193348592972,ref
79,0,79,0.0004616361153320895,ref
80,0,80,0.0005770451441651118,ref
81,0,81,0.0005193406297486007,ref
82,0,82,0.0005001057916097636,ref
83,0,83,0.00065398449672046,ref
84,0,84,0.0005385754678874377,ref
85,0,85,0.0005193406297486007,ref
86,0,86,0.0004231664390544154,ref
87,0,87,0.0004616361153320895,ref
88,0,88,0.0004231664390544154,ref
89,0,89,0.0003654619246379042,ref
90,0,90,0.0005770451441651118,ref
91,0,91,0.00044240127719325244,ref
92,0,92,0.00034622708649906714,ref
93,0,93,0.0004231664390544154,ref
94,0,94,0.00044240127719325244,ref
95,0,95,0.00034622708649906714,ref
96,0,96,0.00048087095347092656,ref
97,0,97,0.00030775741022139296,ref
98,0,98,0.0005193406297486007,ref
99,0,99,0.0005001057916097636,ref
100,0,100,0.0004231664390544154,ref
101,0,101,0.0005385754678874377,ref
102,0,102,0.00044240127719325244,ref
103,0,103,0.0005770451441651118,ref
104,0,104,0.0006155148204427859,ref
105,0,105,0.0005193406297486007,ref
106,0,106,0.0005770451441651118,ref
107,0,107,0.0005962799823039489,ref
108,0,108,0.0005385754678874377,ref
109,0,109,0.00065398449672046,ref
110,0,110,0.0007501586874146454,ref
111,0,111,0.0005770451441651118,ref
112,0,112,0.0004039316009155783,ref
113,0,113,0.0005193406297486007,ref
114,0,114,0.0005770451441651118,ref
115,0,115,0.0004616361153320895,ref
116,0,116,0.0005385754678874377,ref
117,0,117,0.0005770451441651118,ref
118,0,118,0.0006732193348592972,ref
119,0,119,0.0006924541729981343,ref
120,0,120,0.0004616361153320895,ref
121,0,121,0.00038469676277674126,ref
122,0,122,0.000634749658581623,ref
123,0,123,0.0003654619246379042,ref
124,0,124,0.0005962799823039489,ref
125,0,125,0.0006924541729981343,ref
126,0,126,0.0005385754678874377,ref
127,0,127,0.00065398449672046,ref
128,0,128,0.0004616361153320895,ref
129,0,129,0.0005962799823039489,ref
130,0,130,0.0005001057916097636,ref
131,0,131,0.00044240127719325244,ref
132,0,132,0.000634749658581623,ref
133,0,133,0.0005578103060262748,ref
134,0,134,0.0004039316009155783,ref
135,0,135,0.00034622708649906714,ref
136,0,136,0.0003654619246379042,ref
137,0,137,0.0006732193348592972,ref
138,0,138,0.00044240127719325244,ref
139,0,139,0.0004039316009155783,ref
140,0,140,0.0005770451441651118,ref
141,0,141,0.0005385754678874377,ref
142,0,142,0.0005770451441651118,ref
143,0,143,0.0007116890111369713,ref
144,0,144,0.00048087095347092656,ref
145,0,145,0.0006155148204427859,ref
146,0,146,0.0004616361153320895,ref
147,0,147,0.0005193406297486007,ref
148,0,148,0.0003654619246379042,ref
149,0,149,0.0004039316009155783,ref
150,0,150,0.0005770451441651118,ref
151,0,151,0.0005962799823039489,ref
152,0,152,0.0004231664390544154,ref
153,0,153,0.00044240127719325244,ref
154,0,154,0.0004039316009155783,ref
155,0,155,0.0004231664390544154,ref
156,0,156,0.0004616361153320895,ref
157,0,157,0.0005962799823039489,ref
158,0,158,0.00044240127719325244,ref
159,0,159,0.00038469676277674126,ref
160,0,160,0.0004039316009155783,ref
161,0,161,0.00044240127719325244,ref
162,0,162,0.00044240127719325244,ref
163,0,163,0.0005193406297486007,ref
164,0,164,0.00030775741022139296,ref
165,0,165,0.00048087095347092656,ref
166,0,166,0.00038469676277674126,ref
167,0,167,0.00034622708649906714,ref
168,0,168,0.0004231664390544154,ref
169,0,169,0.0004039316009155783,ref
170,0,170,0.00048087095347092656,ref
171,0,171,0.0004231664390544154,ref
172,0,172,0.00044240127719325244,ref
173,0,173,0.0003654619246379042,ref
174,0,174,0.0004039316009155783,ref
175,0,175,0.0005001057916097636,ref
176,0,176,0.00026928773394371884,ref
177,0,177,0.0003654619246379042,ref
178,0,178,0.00044240127719325244,ref
179,0,179,0.0003654619246379042,ref
180,0,180,0.00026928773394371884,ref
181,0,181,0.0002885225720825559,ref
182,0,182,0.00030775741022139296,ref
183,0,183,0.0005578103060262748,ref
184,0,184,0.00026928773394371884,ref
185,0,185,0.0003654619246379042,ref
186,0,186,0.0003654619246379042,ref
187,0,187,0.00019234838138837063,ref
188,0,188,0.00026928773394371884,ref
189,0,189,0.00038469676277674126,ref
190,0,190,0.0003654619246379042,ref
191,0,191,0.00030775741022139296,ref
192,0,192,0.00032699224836023,ref
193,0,193,0.00034622708649906714,ref
194,0,194,0.00013464386697185942,ref
195,0,195,0.0002115832195272077,ref
196,0,196,0.00015387870511069648,ref
197,0,197,0.00019234838138837063,ref
198,0,198,0.0002500528958048818,ref
199,0,199,0.0002500528958048818,ref
200,0,200,0.0002885225720825559,ref
201,0,201,0.0002115832195272077,ref
202,0,202,0.00032699224836023,ref
203,0,203,0.0002885225720825559,ref
204,0,204,9.617419069418531e-05,ref
205,0,205,0.00030775741022139296,ref
206,0,206,0.00013464386697185942,ref
207,0,207,0.00023081805766604475,ref
208,0,208,9.617419069418531e-05,ref
209,0,209,0.0002885225720825559,ref
210,0,210,0.0002500528958048818,ref
211,0,211,0.00019234838138837063,ref
212,0,212,0.00026928773394371884,ref
213,0,213,0.0002115832195272077,ref
214,0,214,0.00015387870511069648,ref
215,0,215,5.770451441651119e-05,ref
216,0,216,0.00013464386697185942,ref
217,0,217,0.00013464386697185942,ref
218,0,218,7.693935255534824e-05,ref
219,0,219,0.00013464386697185942,ref
220,0,220,0.00011540902883302237,ref
221,0,221,0.00013464386697185942,ref
222,0,222,9.617419069418531e-05,ref
223,0,223,9.617419069418531e-05,ref
224,0,224,0.00011540902883302237,ref
225,0,225,0.00015387870511069648,ref
226,0,226,7.693935255534824e-05,ref
227,0,227,0.00017311354324953357,ref
228,0,228,7.693935255534824e-05,ref
229,0,229,0.00013464386697185942,ref
230,0,230,0.00015387870511069648,ref
231,0,231,9.617419069418531e-05,ref
232,0,232,5.770451441651119e-05,ref
233,0,233,9.617419069418531e-05,ref
234,0,234,0.0,ref
235,0,235,7.693935255534824e-05,ref
236,0,236,5.770451441651119e-05,ref
237,0,237,0.00013464386697185942,ref
238,0,238,7.693935255534824e-05,ref
239,0,239,0.00011540902883302237,ref
240,0,240,0.00011540902883302237,ref
241,0,241,7.693935255534824e-05,ref
242,0,242,1.923483813883706e-05,ref
243,0,243,9.617419069418531e-05,ref
244,0,244,9.617419069418531e-05,ref
245,0,245,5.770451441651119e-05,ref
246,0,246,7.693935255534824e-05,ref
247,0,247,5.770451441651119e-05,ref
248,0,248,7.693935255534824e-05,ref
249,0,249,7.693935255534824e-05,ref
250,0,250,3.846967627767412e-05,ref
251,0,251,5.770451441651119e-05,ref
252,0,252,1.923483813883706e-05,ref
253,0,253,1.923483813883706e-05,ref
254,0,254,7.693935255534824e-05,ref
255,0,255,7.693935255534824e-05,ref
256,0,0,0.0006114454953663896,gen
257,0,1,0.0008598452278589854,gen
258,0,2,0.0007834145409381867,gen
259,0,3,0.000649660838826789,gen
260,0,4,0.0008407375561287857,gen
261,0,5,0.000821629884398586,gen
262,0,6,0.0006114454953663896,gen
263,0,7,0.000649660838826789,gen
264,0,8,0.0006687685105569886,gen
265,0,9,0.0006305531670965892,gen
266,0,10,0.0005923378236361899,gen
267,0,11,0.000649660838826789,gen
268,0,12,0.000649660838826789,gen
269,0,13,0.0005350148084455909,gen
270,0,14,0.0006114454953663896,gen
271,0,15,0.0006687685105569886,gen
272,0,16,0.0006305531670965892,gen
273,0,17,0.0007451991974777874,gen
274,0,18,0.000649660838826789,gen
275,0,19,0.0005923378236361899,gen
276,0,20,0.0008598452278589854,gen
277,0,21,0.0006878761822871883,gen
278,0,22,0.0006305531670965892,gen
279,0,23,0.0005923378236361899,gen
280,0,24,0.0006687685105569886,gen
281,0,25,0.0004585841215247922,gen
282,0,26,0.0006687685105569886,gen
283,0,27,0.0006687685105569886,gen
284,0,28,0.0009362759147797841,gen
285,0,29,0.0006687685105569886,gen
286,0,30,0.0006878761822871883,gen
287,0,31,0.0006687685105569886,gen
288,0,32,0.000649660838826789,gen
289,0,33,0.0005732301519059903,gen
290,0,34,0.0007260915257475876,gen
291,0,35,0.0007451991974777874,gen
292,0,36,0.0006878761822871883,gen
293,0,37,0.0007451991974777874,gen
294,0,38,0.000649660838826789,gen
295,0,39,0.0005732301519059903,gen
296,0,40,0.0006305531670965892,gen
297,0,41,0.0005350148084455909,gen
298,0,42,0.0006878761822871883,gen
299,0,43,0.000649660838826789,gen
300,0,44,0.0005350148084455909,gen
301,0,45,0.0005159071367153912,gen
302,0,46,0.0005732301519059903,gen
303,0,47,0.0005923378236361899,gen
304,0,48,0.00034393809114359415,gen
305,0,49,0.0006878761822871883,gen
306,0,50,0.000706983854017388,gen
307,0,51,0.0006687685105569886,gen
308,0,52,0.000649660838826789,gen
309,0,53,0.0005732301519059903,gen
310,0,54,0.0007834145409381867,gen
311,0,55,0.0005923378236361899,gen
312,0,56,0.0005350148084455909,gen
313,0,57,0.0008025222126683863,gen
314,0,58,0.0005350148084455909,gen
315,0,59,0.0007834145409381867,gen
316,0,60,0.0008025222126683863,gen
317,0,61,0.0005159071367153912,gen
318,0,62,0.0005732301519059903,gen
319,0,63,0.0005923378236361899,gen
320,0,64,0.000649660838826789,gen
321,0,65,0.0005159071367153912,gen
322,0,66,0.0006305531670965892,gen
323,0,67,0.0006878761822871883,gen
324,0,68,0.0004585841215247922,gen
325,0,69,0.0006305531670965892,gen
326,0,70,0.0004776917932549919,gen
327,0,71,0.0004967994649851915,gen
328,0,72,0.0006114454953663896,gen
329,0,73,0.00043947644979459253,gen
330,0,74,0.000706983854017388,gen
331,0,75,0.0004203687780643929,gen
332,0,76,0.0005159071367153912,gen
333,0,77,0.0005923378236361899,gen
334,0,78,0.0006687685105569886,gen
335,0,79,0.0007260915257475876,gen
336,0,80,0.0006687685105569886,gen
337,0,81,0.0006114454953663896,gen
338,0,82,0.000764306869207987,gen
339,0,83,0.0005350148084455909,gen
340,0,84,0.0004967994649851915,gen
341,0,85,0.000706983854017388,gen
342,0,86,0.0005732301519059903,gen
343,0,87,0.0004203687780643929,gen
344,0,88,0.0004967994649851915,gen
345,0,89,0.0004585841215247922,gen
346,0,90,0.00043947644979459253,gen
347,0,91,0.0004585841215247922,gen
348,0,92,0.0004203687780643929,gen
349,0,93,0.0004585841215247922,gen
350,0,94,0.0006114454953663896,gen
351,0,95,0.0005350148084455909,gen
352,0,96,0.0004776917932549919,gen
353,0,97,0.000649660838826789,gen
354,0,98,0.0005159071367153912,gen
355,0,99,0.0005923378236361899,gen
356,0,100,0.0006305531670965892,gen
357,0,101,0.0007260915257475876,gen
358,0,102,0.0004776917932549919,gen
359,0,103,0.0006687685105569886,gen
360,0,104,0.0006305531670965892,gen
361,0,105,0.0005923378236361899,gen
362,0,106,0.0004967994649851915,gen
363,0,107,0.0004585841215247922,gen
364,0,108,0.0004776917932549919,gen
365,0,109,0.0004776917932549919,gen
366,0,110,0.0006878761822871883,gen
367,0,111,0.00034393809114359415,gen
368,0,112,0.0004585841215247922,gen
369,0,113,0.0005159071367153912,gen
370,0,114,0.0004967994649851915,gen
371,0,115,0.0005923378236361899,gen
372,0,116,0.0008789528995891851,gen
373,0,117,0.0006114454953663896,gen
374,0,118,0.0005159071367153912,gen
375,0,119,0.0006687685105569886,gen
376,0,120,0.0005541224801757906,gen
377,0,121,0.0004776917932549919,gen
378,0,122,0.0003248304194133945,gen
379,0,123,0.0004967994649851915,gen
380,0,124,0.00034393809114359415,gen
381,0,125,0.0005350148084455909,gen
382,0,126,0.0003821534346039935,gen
383,0,127,0.0004776917932549919,gen
384,0,128,0.0006305531670965892,gen
385,0,129,0.0004585841215247922,gen
386,0,130,0.0005923378236361899,gen
387,0,131,0.0004585841215247922,gen
388,0,132,0.0004203687780643929,gen
389,0,133,0.0004585841215247922,gen
390,0,134,0.0006114454953663896,gen
391,0,135,0.00043947644979459253,gen
392,0,136,0.0004967994649851915,gen
393,0,137,0.0004585841215247922,gen
394,0,138,0.0005923378236361899,gen
395,0,139,0.0004967994649851915,gen
396,0,140,0.0004585841215247922,gen
397,0,141,0.0005159071367153912,gen
398,0,142,0.0003057227476831948,gen
399,0,143,0.0004585841215247922,gen
400,0,144,0.0004967994649851915,gen
401,0,145,0.0005350148084455909,gen
402,0,146,0.00043947644979459253,gen
403,0,147,0.0004967994649851915,gen
404,0,148,0.0003057227476831948,gen
405,0,149,0.0006687685105569886,gen
406,0,150,0.0004967994649851915,gen
407,0,151,0.0004967994649851915,gen
408,0,152,0.0004203687780643929,gen
409,0,153,0.0004585841215247922,gen
410,0,154,0.0004967994649851915,gen
411,0,155,0.0006305531670965892,gen
412,0,156,0.0005541224801757906,gen
413,0,157,0.00043947644979459253,gen
414,0,158,0.0006114454953663896,gen
415,0,159,0.0004967994649851915,gen
416,0,160,0.0005350148084455909,gen
417,0,161,0.0004203687780643929,gen
418,0,162,0.0003248304194133945,gen
419,0,163,0.0006114454953663896,gen
420,0,164,0.0005732301519059903,gen
421,0,165,0.0006114454953663896,gen
422,0,166,0.0004776917932549919,gen
423,0,167,0.0006305531670965892,gen
424,0,168,0.0005541224801757906,gen
425,0,169,0.0005541224801757906,gen
426,0,170,0.00040126110633419317,gen
427,0,171,0.0006114454953663896,gen
428,0,172,0.0006878761822871883,gen
429,0,173,0.00034393809114359415,gen
430,0,174,0.0004967994649851915,gen
431,0,175,0.0003057227476831948,gen
432,0,176,0.0004203687780643929,gen
433,0,177,0.00043947644979459253,gen
434,0,178,0.00040126110633419317,gen
435,0,179,0.00040126110633419317,gen
436,0,180,0.0005159071367153912,gen
437,0,181,0.0003630457628737938,gen
438,0,182,0.0002675074042227954,gen
439,0,183,0.0005541224801757906,gen
440,0,184,0.0004203687780643929,gen
441,0,185,0.0004203687780643929,gen
442,0,186,0.0006114454953663896,gen
443,0,187,0.00040126110633419317,gen
444,0,188,0.00043947644979459253,gen
445,0,189,0.0005923378236361899,gen
446,0,190,0.00043947644979459253,gen
447,0,191,0.00034393809114359415,gen
448,0,192,0.0004776917932549919,gen
449,0,193,0.0002675074042227954,gen
450,0,194,0.0003057227476831948,gen
451,0,195,0.00028661507595299513,gen
452,0,196,0.0004585841215247922,gen
453,0,197,0.0003821534346039935,gen
454,0,198,0.0004203687780643929,gen
455,0,199,0.0003821534346039935,gen
456,0,200,0.00043947644979459253,gen
457,0,201,0.0005923378236361899,gen
458,0,202,0.00024839973249259577,gen
459,0,203,0.0003248304194133945,gen
460,0,204,0.0005350148084455909,gen
461,0,205,0.0003057227476831948,gen
462,0,206,0.00024839973249259577,gen
463,0,207,0.00043947644979459253,gen
464,0,208,0.0003057227476831948,gen
465,0,209,0.00019107671730199676,gen
466,0,210,0.0005732301519059903,gen
467,0,211,0.00043947644979459253,gen
468,0,212,0.0004776917932549919,gen
469,0,213,0.00040126110633419317,gen
470,0,214,0.00043947644979459253,gen
471,0,215,0.00034393809114359415,gen
472,0,216,0.0003821534346039935,gen
473,0,217,0.0004585841215247922,gen
474,0,218,0.00040126110633419317,gen
475,0,219,0.0005541224801757906,gen
476,0,220,0.0005350148084455909,gen
477,0,221,0.0003248304194133945,gen
478,0,222,0.00028661507595299513,gen
479,0,223,0.00034393809114359415,gen
480,0,224,0.00040126110633419317,gen
481,0,225,0.0003248304194133945,gen
482,0,226,0.00043947644979459253,gen
483,0,227,0.0003057227476831948,gen
484,0,228,0.00043947644979459253,gen
485,0,229,0.0002675074042227954,gen
486,0,230,0.0003821534346039935,gen
487,0,231,0.0002292920607623961,gen
488,0,232,0.0004203687780643929,gen
489,0,233,0.00028661507595299513,gen
490,0,234,0.0003248304194133945,gen
491,0,235,0.00024839973249259577,gen
492,0,236,0.0004203687780643929,gen
493,0,237,0.00024839973249259577,gen
494,0,238,0.00021018438903219644,gen
495,0,239,0.0002292920607623961,gen
496,0,240,0.00040126110633419317,gen
497,0,241,0.0002292920607623961,gen
498,0,242,0.0003057227476831948,gen
499,0,243,0.00034393809114359415,gen
500,0,244,0.0002292920607623961,gen
501,0,245,0.00028661507595299513,gen
502,0,246,0.00034393809114359415,gen
503,0,247,0.00034393809114359415,gen
504,0,248,0.0003248304194133945,gen
505,0,249,0.00034393809114359415,gen
506,0,250,0.00021018438903219644,gen
507,0,251,0.00034393809114359415,gen
508,0,252,0.0003248304194133945,gen
509,0,253,0.00043947644979459253,gen
510,0,254,0.00024839973249259577,gen
511,0,255,0.0005350148084455909,gen
512,1,0,0.0010298349235196122,ref
513,1,1,0.0009692563986066939,ref
514,1,2,0.0009692563986066939,ref
515,1,3,0.0009389671361502347,ref
516,1,4,0.0006966530364985612,ref
517,1,5,0.001302438285627745,ref
518,1,6,0.0005452067242162653,ref
519,1,7,0.0011812812358019081,ref
520,1,8,0.0008480993487808572,ref
521,1,9,0.0010904134484325306,ref
522,1,10,0.0010601241859760715,ref
523,1,11,0.000817810086324398,ref
524,1,12,0.0006966530364985612,ref
525,1,13,0.0009692563986066939,ref
526,1,14,0.0009389671361502347,ref
527,1,15,0.0009692563986066939,ref
528,1,16,0.0009389671361502347,ref
529,1,17,0.001150991973345449,ref
530,1,18,0.0009995456610631531,ref
531,1,19,0.00112070271088899,ref
532,1,20,0.0007875208238679388,ref
533,1,21,0.0010298349235196122,ref
534,1,22,0.0007269422989550204,ref
535,1,23,0.0012721490231712858,ref
536,1,24,0.0009086778736937755,ref
537,1,25,0.001150991973345449,ref
538,1,26,0.0012418597607148265,ref
539,1,27,0.0009086778736937755,ref
540,1,28,0.000817810086324398,ref
541,1,29,0.0008480993487808572,ref
542,1,30,0.0005452067242162653,ref
543,1,31,0.0009389671361502347,ref
544,1,32,0.0007269422989550204,ref
545,1,33,0.0006966530364985612,ref
546,1,34,0.0007875208238679388,ref
547,1,35,0.0009692563986066939,ref
548,1,36,0.0007269422989550204,ref
549,1,37,0.001150991973345449,ref
550,1,38,0.0009995456610631531,ref
551,1,39,0.0009086778736937755,ref
552,1,40,0.0009692563986066939,ref
553,1,41,0.0009086778736937755,ref
554,1,42,0.0009086778736937755,ref
555,1,43,0.0006057852491291837,ref
556,1,44,0.0008783886112373164,ref
557,1,45,0.0009086778736937755,ref
558,1,46,0.0005754959866727245,ref
559,1,47,0.000817810086324398,ref
560,1,48,0.000817810086324398,ref
561,1,49,0.0008783886112373164,ref
562,1,50,0.0007875208238679388,ref
563,1,51,0.0006966530364985612,ref
564,1,52,0.0009389671361502347,ref
565,1,53,0.0007572315614114796,ref
566,1,54,0.0008480993487808572,ref
567,1,55,0.0007572315614114796,ref
568,1,56,0.0007875208238679388,ref
569,1,57,0.0008480993487808572,ref
570,1,58,0.0006966530364985612,ref
571,1,59,0.0008783886112373164,ref
572,1,60,0.0010298349235196122,ref
573,1,61,0.0009692563986066939,ref
574,1,62,0.0008783886112373164,ref
575,1,63,0.000817810086324398,ref
576,1,64,0.0009389671361502347,ref
577,1,65,0.0009086778736937755,ref
578,1,66,0.0006966530364985612,ref
579,1,67,0.0006360745115856429,ref
580,1,68,0.0006966530364985612,ref
581,1,69,0.0007572315614114796,ref
582,1,70,0.0007572315614114796,ref
583,1,71,0.0006360745115856429,ref
584,1,72,0.0008783886112373164,ref
585,1,73,0.00045433893684688776,ref
586,1,74,0.0005452067242162653,ref
587,1,75,0.0006360745115856429,ref
588,1,76,0.0004240496743904286,ref
589,1,77,0.0009086778736937755,ref
590,1,78,0.0007572315614114796,ref
591,1,79,0.0007269422989550204,ref
592,1,80,0.0009692563986066939,ref
593,1,81,0.0008480993487808572,ref
594,1,82,0.0006663637740421021,ref
595,1,83,0.0008480993487808572,ref
596,1,84,0.000817810086324398,ref
597,1,85,0.0006057852491291837,ref
598,1,86,0.0009389671361502347,ref
599,1,87,0.0006360745115856429,ref
600,1,88,0.0009692563986066939,ref
601,1,89,0.0005452067242162653,ref
602,1,90,0.0007875208238679388,ref
603,1,91,0.0004240496743904286,ref
604,1,92,0.0006360745115856429,ref
605,1,93,0.0003937604119339694,ref
606,1,94,0.0006966530364985612,ref
607,1,95,0.0005452067242162653,ref
608,1,96,0.0006663637740421021,ref
609,1,97,0.0006663637740421021,ref
610,1,98,0.0006057852491291837,ref
611,1,99,0.0009692563986066939,ref
612,1,100,0.00033318188702105106,ref
613,1,101,0.0009389671361502347,ref
614,1,102,0.00048462819930334696,ref
615,1,103,0.0007572315614114796,ref
616,1,104,0.0006663637740421021,ref
617,1,105,0.000817810086324398,ref
618,1,106,0.0009692563986066939,ref
619,1,107,0.0007875208238679388,ref
620,1,108,0.00048462819930334696,ref
621,1,109,0.00112070271088899,ref
622,1,110,0.0008480993487808572,ref
623,1,111,0.0005149174617598061,ref
624,1,112,0.0009995456610631531,ref
625,1,113,0.00033318188702105106,ref
626,1,114,0.0007875208238679388,ref
627,1,115,0.0007572315614114796,ref
628,1,116,0.0008480993487808572,ref
629,1,117,0.0006360745115856429,ref
630,1,118,0.0007572315614114796,ref
631,1,119,0.0007572315614114796,ref
632,1,120,0.0007875208238679388,ref
633,1,121,0.0006966530364985612,ref
634,1,122,0.0007572315614114796,ref
635,1,123,0.0006966530364985612,ref
636,1,124,0.00045433893684688776,ref
637,1,125,0.0007875208238679388,ref
638,1,126,0.0005149174617598061,ref
639,1,127,0.0006360745115856429,ref
640,1,128,0.0009995456610631531,ref
641,1,129,0.00048462819930334696,ref
642,1,130,0.0005754959866727245,ref
643,1,131,0.0006057852491291837,ref
644,1,132,0.0005149174617598061,ref
645,1,133,0.000817810086324398,ref
646,1,134,0.0004240496743904286,ref
647,1,135,0.0007572315614114796,ref
648,1,136,0.0005452067242162653,ref
649,1,137,0.0009692563986066939,ref
650,1,138,0.0006966530364985612,ref
651,1,139,0.0009086778736937755,ref
652,1,140,0.0006663637740421021,ref
653,1,141,0.0009086778736937755,ref
654,1,142,0.00045433893684688776,ref
655,1,143,0.0007572315614114796,ref
656,1,144,0.0008783886112373164,ref
657,1,145,0.0006663637740421021,ref
658,1,146,0.0006663637740421021,ref
659,1,147,0.0006057852491291837,ref
660,1,148,0.0007572315614114796,ref
661,1,149,0.0007572315614114796,ref
662,1,150,0.0005754959866727245,ref
663,1,151,0.0006966530364985612,ref
664,1,152,0.0005754959866727245,ref
665,1,153,0.0009995456610631531,ref
666,1,154,0.0008783886112373164,ref
667,1,155,0.000817810086324398,ref
668,1,156,0.0005754959866727245,ref
669,1,157,0.0008480993487808572,ref
670,1,158,0.0006057852491291837,ref
671,1,159,0.0006663637740421021,ref
672,1,160,0.0007572315614114796,ref
673,1,161,0.0006966530364985612,ref
674,1,162,0.0006663637740421021,ref
675,1,163,0.0006360745115856429,ref
676,1,164,0.0006966530364985612,ref
677,1,165,0.0009086778736937755,ref
678,1,166,0.0005149174617598061,ref
679,1,167,0.0006057852491291837,ref
680,1,168,0.0005452067242162653,ref
681,1,169,0.0005149174617598061,ref
682,1,170,0.0006057852491291837,ref
683,1,171,0.00048462819930334696,ref
684,1,172,0.0006057852491291837,ref
685,1,173,0.00048462819930334696,ref
686,1,174,0.0006360745115856429,ref
687,1,175,0.0004240496743904286,ref
688,1,176,0.0004240496743904286,ref
689,1,177,0.0006360745115856429,ref
690,1,178,0.0006057852491291837,ref
691,1,179,0.0005754959866727245,ref
692,1,180,0.00045433893684688776,ref
693,1,181,0.0005149174617598061,ref
694,1,182,0.0005149174617598061,ref
695,1,183,0.0006966530364985612,ref
696,1,184,0.0003634711494775102,ref
697,1,185,0.0003634711494775102,ref
698,1,186,0.0005149174617598061,ref
699,1,187,0.00045433893684688776,ref
700,1,188,0.0005754959866727245,ref
701,1,189,0.0003634711494775102,ref
702,1,190,0.0004240496743904286,ref
703,1,191,0.0004240496743904286,ref
704,1,192,0.00048462819930334696,ref
705,1,193,0.0005149174617598061,ref
706,1,194,0.0004240496743904286,ref
707,1,195,0.0003937604119339694,ref
708,1,196,0.00048462819930334696,ref
709,1,197,0.0003937604119339694,ref
710,1,198,0.0004240496743904286,ref
711,1,199,0.0003634711494775102,ref
712,1,200,0.0005452067242162653,ref
713,1,201,0.0003937604119339694,ref
714,1,202,0.00033318188702105106,ref
715,1,203,0.0004240496743904286,ref
716,1,204,0.00033318188702105106,ref
717,1,205,0.00030289262456459186,ref
718,1,206,0.00024231409965167348,ref
719,1,207,0.00030289262456459186,ref
720,1,208,0.0001817355747387551,ref
721,1,209,0.00033318188702105106,ref
722,1,210,0.0004240496743904286,ref
723,1,211,0.00033318188702105106,ref
724,1,212,0.00024231409965167348,ref
725,1,213,0.0002120248371952143,ref
726,1,214,0.00015144631228229593,ref
727,1,215,0.00033318188702105106,ref
728,1,216,0.00030289262456459186,ref
729,1,217,0.00033318188702105106,ref
730,1,218,0.00024231409965167348,ref
731,1,219,0.00027260336210813266,ref
732,1,220,0.0003937604119339694,ref
733,1,221,0.00015144631228229593,ref
734,1,222,0.00024231409965167348,ref
735,1,223,0.00024231409965167348,ref
736,1,224,0.0003937604119339694,ref
737,1,225,0.0002120248371952143,ref
738,1,226,0.00024231409965167348,ref
739,1,227,0.00027260336210813266,ref
740,1,228,0.0003634711494775102,ref
741,1,229,0.00030289262456459186,ref
742,1,230,0.00015144631228229593,ref
743,1,231,0.00033318188702105106,ref
744,1,232,0.00024231409965167348,ref
745,1,233,0.00030289262456459186,ref
746,1,234,0.00015144631228229593,ref
747,1,235,0.00033318188702105106,ref
748,1,236,0.00015144631228229593,ref
749,1,237,0.0001817355747387551,ref
750,1,238,0.0002120248371952143,ref
751,1,239,0.00045433893684688776,ref
752,1,240,0.0001817355747387551,ref
753,1,241,0.00024231409965167348,ref
754,1,242,0.00015144631228229593,ref
755,1,243,0.00015144631228229593,ref
756,1,244,0.0001817355747387551,ref
757,1,245,0.00027260336210813266,ref
758,1,246,0.00027260336210813266,ref
759,1,247,0.0002120248371952143,ref
760,1,248,0.0001817355747387551,ref
761,1,249,9.086778736937755e-05,ref
762,1,250,3.0289262456459185e-05,ref
763,1,251,9.086778736937755e-05,ref
764,1,252,3.0289262456459185e-05,ref
765,1,253,0.00012115704982583674,ref
766,1,254,9.086778736937755e-05,ref
767,1,255,0.0,ref
768,1,0,0.0008794274623968948,gen
769,1,1,0.0007884522076661815,gen
770,1,2,0.000727802037845706,gen
771,1,3,0.0009704027171276079,gen
772,1,4,0.0009400776322173702,gen
773,1,5,0.0008187772925764192,gen
774,1,6,0.0007581271227559437,gen
775,1,7,0.000849102377486657,gen
776,1,8,0.000849102377486657,gen
777,1,9,0.0006671518680252305,gen
778,1,10,0.0007581271227559437,gen
779,1,11,0.0006671518680252305,gen
780,1,12,0.0008187772925764192,gen
781,1,13,0.0009704027171276079,gen
782,1,14,0.0006974769529354682,gen
783,1,15,0.0009704027171276079,gen
784,1,16,0.0005458515283842794,gen
785,1,17,0.0007581271227559437,gen
786,1,18,0.0005155264434740418,gen
787,1,19,0.0006974769529354682,gen
788,1,20,0.0008187772925764192,gen
789,1,21,0.001061377971858321,gen
790,1,22,0.0009097525473071324,gen
791,1,23,0.00048520135856380397,gen
792,1,24,0.0008187772925764192,gen
793,1,25,0.0007884522076661815,gen
794,1,26,0.0006974769529354682,gen
795,1,27,0.0005458515283842794,gen
796,1,28,0.0006065016982047549,gen
797,1,29,0.0004548762736535662,gen
798,1,30,0.0006974769529354682,gen
799,1,31,0.00033357593401261526,gen
800,1,32,0.000727802037845706,gen
801,1,33,0.0006368267831149927,gen
802,1,34,0.0006671518680252305,gen
803,1,35,0.0004548762736535662,gen
804,1,36,0.0005458515283842794,gen
805,1,37,0.0007581271227559437,gen
806,1,38,0.00048520135856380397,gen
807,1,39,0.0007581271227559437,gen
808,1,40,0.0006065016982047549,gen
809,1,41,0.0008187772925764192,gen
810,1,42,0.000849102377486657,gen
811,1,43,0.0005761766132945172,gen
812,1,44,0.0006368267831149927,gen
813,1,45,0.0004245511887433285,gen
814,1,46,0.0004548762736535662,gen
815,1,47,0.0004245511887433285,gen
816,1,48,0.0005155264434740418,gen
817,1,49,0.00048520135856380397,gen
818,1,50,0.000727802037845706,gen
819,1,51,0.0007884522076661815,gen
820,1,52,0.0006974769529354682,gen
821,1,53,0.00048520135856380397,gen
822,1,54,0.0005155264434740418,gen
823,1,55,0.0006974769529354682,gen
824,1,56,0.0006671518680252305,gen
825,1,57,0.0006671518680252305,gen
826,1,58,0.000727802037845706,gen
827,1,59,0.00039422610383309074,gen
828,1,60,0.0007581271227559437,gen
829,1,61,0.0006671518680252305,gen
830,1,62,0.000849102377486657,gen
831,1,63,0.0006671518680252305,gen
832,1,64,0.00048520135856380397,gen
833,1,65,0.0005458515283842794,gen
834,1,66,0.0006065016982047549,gen
835,1,67,0.0005761766132945172,gen
836,1,68,0.0006065016982047549,gen
837,1,69,0.0006974769529354682,gen
838,1,70,0.0005761766132945172,gen
839,1,71,0.0006368267831149927,gen
840,1,72,0.0006671518680252305,gen
841,1,73,0.00039422610383309074,gen
842,1,74,0.0005458515283842794,gen
843,1,75,0.0006974769529354682,gen
844,1,76,0.0005155264434740418,gen
845,1,77,0.000727802037845706,gen
846,1,78,0.0006368267831149927,gen
847,1,79,0.0004548762736535662,gen
848,1,80,0.0006671518680252305,gen
849,1,81,0.0004548762736535662,gen
850,1,82,0.0006671518680252305,gen
851,1,83,0.0006671518680252305,gen
852,1,84,0.0006368267831149927,gen
853,1,85,0.00048520135856380397,gen
854,1,86,0.0006065016982047549,gen
855,1,87,0.0006974769529354682,gen
856,1,88,0.0005761766132945172,gen
857,1,89,0.0005155264434740418,gen
858,1,90,0.0005155264434740418,gen
859,1,91,0.0006974769529354682,gen
860,1,92,0.0004548762736535662,gen
861,1,93,0.0006368267831149927,gen
862,1,94,0.000363901018922853,gen
863,1,95,0.00039422610383309074,gen
864,1,96,0.0004245511887433285,gen
865,1,97,0.0004245511887433285,gen
866,1,98,0.00030325084910237746,gen
867,1,99,0.0006368267831149927,gen
868,1,100,0.0006065016982047549,gen
869,1,101,0.0007884522076661815,gen
870,1,102,0.00048520135856380397,gen
871,1,103,0.0005761766132945172,gen
872,1,104,0.0005761766132945172,gen
873,1,105,0.0008187772925764192,gen
874,1,106,0.00039422610383309074,gen
875,1,107,0.0005458515283842794,gen
876,1,108,0.0005155264434740418,gen
877,1,109,0.000727802037845706,gen
878,1,110,0.0006671518680252305,gen
879,1,111,0.0006974769529354682,gen
880,1,112,0.00039422610383309074,gen
881,1,113,0.0005458515283842794,gen
882,1,114,0.0004245511887433285,gen
883,1,115,0.00048520135856380397,gen
884,1,116,0.0006671518680252305,gen
885,1,117,0.0006065016982047549,gen
886,1,118,0.0006065016982047549,gen
887,1,119,0.0005761766132945172,gen
888,1,120,0.0006974769529354682,gen
889,1,121,0.0004548762736535662,gen
890,1,122,0.0006368267831149927,gen
891,1,123,0.0005155264434740418,gen
892,1,124,0.00048520135856380397,gen
893,1,125,0.00039422610383309074,gen
894,1,126,0.0005761766132945172,gen
895,1,127,0.0005458515283842794,gen
896,1,128,0.0004245511887433285,gen
897,1,129,0.00048520135856380397,gen
898,1,130,0.0005155264434740418,gen
899,1,131,0.0005155264434740418,gen
900,1,132,0.0006065016982047549,gen
901,1,133,0.0007884522076661815,gen
902,1,134,0.00048520135856380397,gen
903,1,135,0.000363901018922853,gen
904,1,136,0.00039422610383309074,gen
905,1,137,0.00048520135856380397,gen
906,1,138,0.00039422610383309074,gen
907,1,139,0.0004548762736535662,gen
908,1,140,0.0006671518680252305,gen
909,1,141,0.00048520135856380397,gen
910,1,142,0.0006065016982047549,gen
911,1,143,0.0004548762736535662,gen
912,1,144,0.0005458515283842794,gen
913,1,145,0.0005761766132945172,gen
914,1,146,0.000363901018922853,gen
915,1,147,0.00048520135856380397,gen
916,1,148,0.0004245511887433285,gen
917,1,149,0.0005155264434740418,gen
918,1,150,0.0005761766132945172,gen
919,1,151,0.0005761766132945172,gen
920,1,152,0.0004245511887433285,gen
921,1,153,0.00030325084910237746,gen
922,1,154,0.0004548762736535662,gen
923,1,155,0.0004245511887433285,gen
924,1,156,0.00039422610383309074,gen
925,1,157,0.0005761766132945172,gen
926,1,158,0.0005458515283842794,gen
927,1,159,0.0005155264434740418,gen
928,1,160,0.0005155264434740418,gen
929,1,161,0.0004548762736535662,gen
930,1,162,0.0006368267831149927,gen
931,1,163,0.0006065016982047549,gen
932,1,164,0.000363901018922853,gen
933,1,165,0.00048520135856380397,gen
934,1,166,0.00039422610383309074,gen
935,1,167,0.0005458515283842794,gen
936,1,168,0.00039422610383309074,gen
937,1,169,0.00039422610383309074,gen
938,1,170,0.00033357593401261526,gen
939,1,171,0.0005458515283842794,gen
940,1,172,0.0005155264434740418,gen
941,1,173,0.000363901018922853,gen
942,1,174,0.0005155264434740418,gen
943,1,175,0.0004245511887433285,gen
944,1,176,0.0004245511887433285,gen
945,1,177,0.0006065016982047549,gen
946,1,178,0.0005458515283842794,gen
947,1,179,0.00048520135856380397,gen
948,1,180,0.0005458515283842794,gen
949,1,181,0.0005155264434740418,gen
950,1,182,0.00030325084910237746,gen
951,1,183,0.00024260067928190198,gen
952,1,184,0.0004548762736535662,gen
953,1,185,0.00039422610383309074,gen
954,1,186,0.00039422610383309074,gen
955,1,187,0.000363901018922853,gen
956,1,188,0.000363901018922853,gen
957,1,189,0.00048520135856380397,gen
958,1,190,0.0004548762736535662,gen
959,1,191,0.0005155264434740418,gen
960,1,192,0.0005155264434740418,gen
961,1,193,0.0004548762736535662,gen
962,1,194,0.0006065016982047549,gen
963,1,195,0.0004548762736535662,gen
964,1,196,0.0005761766132945172,gen
965,1,197,0.000363901018922853,gen
966,1,198,0.0002729257641921397,gen
967,1,199,0.0001819505094614265,gen
968,1,200,0.0004245511887433285,gen
969,1,201,0.00030325084910237746,gen
970,1,202,0.0005458515283842794,gen
971,1,203,0.0005155264434740418,gen
972,1,204,0.00030325084910237746,gen
973,1,205,0.00033357593401261526,gen
974,1,206,0.00039422610383309074,gen
975,1,207,0.00048520135856380397,gen
976,1,208,0.00015162542455118873,gen
977,1,209,0.0004548762736535662,gen
978,1,210,0.0005458515283842794,gen
979,1,211,0.00039422610383309074,gen
980,1,212,0.00048520135856380397,gen
981,1,213,0.00030325084910237746,gen
982,1,214,0.00039422610383309074,gen
983,1,215,0.000363901018922853,gen
984,1,216,0.00030325084910237746,gen
985,1,217,0.0005458515283842794,gen
986,1,218,0.00030325084910237746,gen
987,1,219,0.00033357593401261526,gen
988,1,220,0.00033357593401261526,gen
989,1,221,0.0005155264434740418,gen
990,1,222,0.00039422610383309074,gen
991,1,223,0.00039422610383309074,gen
992,1,224,0.00048520135856380397,gen
993,1,225,0.00012130033964095099,gen
994,1,226,0.00039422610383309074,gen
995,1,227,0.00030325084910237746,gen
996,1,228,0.000363901018922853,gen
997,1,229,0.0004245511887433285,gen
998,1,230,0.00021227559437166424,gen
999,1,231,0.000363901018922853,gen
1000,1,232,0.0002729257641921397,gen
1001,1,233,0.0004245511887433285,gen
1002,1,234,0.0004548762736535662,gen
1003,1,235,0.00033357593401261526,gen
1004,1,236,0.0002729257641921397,gen
1005,1,237,0.00033357593401261526,gen
1006,1,238,0.00015162542455118873,gen
1007,1,239,0.00024260067928190198,gen
1008,1,240,0.000363901018922853,gen
1009,1,241,0.0002729257641921397,gen
1010,1,242,0.00024260067928190198,gen
1011,1,243,0.0002729257641921397,gen
1012,1,244,0.000363901018922853,gen
1013,1,245,0.00021227559437166424,gen
1014,1,246,0.0005761766132945172,gen
1015,1,247,0.00033357593401261526,gen
1016,1,248,0.0004548762736535662,gen
1017,1,249,0.0002729257641921397,gen
1018,1,250,0.00024260067928190198,gen
1019,1,251,0.0002729257641921397,gen
1020,1,252,0.00039422610383309074,gen
1021,1,253,0.00021227559437166424,gen
1022,1,254,0.0004245511887433285,gen
1023,1,255,0.0005155264434740418,gen
1024,2,0,0.0006953930212343227,ref
1025,2,1,0.0006208866261020738,ref
1026,2,2,0.0009685831367192351,ref
1027,2,3,0.0007947348814106544,ref
1028,2,4,0.0009685831367192351,ref
1029,2,5,0.0007450639513224885,ref
1030,2,6,0.0009437476716751521,ref
1031,2,7,0.0008444058114988203,ref
1032,2,8,0.0007947348814106544,ref
1033,2,9,0.0007202284862784055,ref
1034,2,10,0.0009189122066310692,ref
1035,2,11,0.0007947348814106544,ref
1036,2,12,0.0005712156960139079,ref
1037,2,13,0.0010679249968955668,ref
1038,2,14,0.0009189122066310692,ref
1039,2,15,0.0007947348814106544,ref
1040,2,16,0.000521544765925742,ref
1041,2,17,0.0011175959269837327,ref
1042,2,18,0.0007947348814106544,ref
1043,2,19,0.0007698994163665714,ref
1044,2,20,0.0008444058114988203,ref
1045,2,21,0.0008692412765429032,ref
1046,2,22,0.0006208866261020738,ref
1047,2,23,0.0007947348814106544,ref
1048,2,24,0.0010182540668074009,ref
1049,2,25,0.0006953930212343227,ref
1050,2,26,0.0005960511610579908,ref
1051,2,27,0.0006705575561902397,ref
1052,2,28,0.000496709300881659,ref
1053,2,29,0.0005960511610579908,ref
1054,2,30,0.0007450639513224885,ref
1055,2,31,0.0006208866261020738,ref
1056,2,32,0.0008692412765429032,ref
1057,2,33,0.0006953930212343227,ref
1058,2,34,0.0005960511610579908,ref
1059,2,35,0.0007947348814106544,ref
1060,2,36,0.0009189122066310692,ref
1061,2,37,0.0008692412765429032,ref
1062,2,38,0.0008444058114988203,ref
1063,2,39,0.0005712156960139079,ref
1064,2,40,0.0007450639513224885,ref
1065,2,41,0.0007947348814106544,ref
1066,2,42,0.0006208866261020738,ref
1067,2,43,0.0007450639513224885,ref
1068,2,44,0.0007698994163665714,ref
1069,2,45,0.0006457220911461568,ref
1070,2,46,0.0006457220911461568,ref
1071,2,47,0.00037253197566124423,ref
1072,2,48,0.0009189122066310692,ref
1073,2,49,0.0005712156960139079,ref
1074,2,50,0.0007450639513224885,ref
1075,2,51,0.0006457220911461568,ref
1076,2,52,0.00047187383583757606,ref
1077,2,53,0.000496709300881659,ref
1078,2,54,0.0007450639513224885,ref
1079,2,55,0.0005712156960139079,ref
1080,2,56,0.0007202284862784055,ref
1081,2,57,0.0007202284862784055,ref
1082,2,58,0.0006457220911461568,ref
1083,2,59,0.0007202284862784055,ref
1084,2,60,0.0005463802309698249,ref
1085,2,61,0.000521544765925742,ref
1086,2,62,0.0007202284862784055,ref
1087,2,63,0.0007698994163665714,ref
1088,2,64,0.0005712156960139079,ref
1089,2,65,0.000521544765925742,ref
1090,2,66,0.0007698994163665714,ref
1091,2,67,0.0006705575561902397,ref
1092,2,68,0.000521544765925742,ref
1093,2,69,0.0007947348814106544,ref
1094,2,70,0.00037253197566124423,ref
1095,2,71,0.000521544765925742,ref
1096,2,72,0.0005712156960139079,ref
1097,2,73,0.00047187383583757606,ref
1098,2,74,0.0007202284862784055,ref
1099,2,75,0.000496709300881659,ref
1100,2,76,0.000496709300881659,ref
1101,2,77,0.0006457220911461568,ref
1102,2,78,0.0006208866261020738,ref
1103,2,79,0.0006208866261020738,ref
1104,2,80,0.0006208866261020738,ref
1105,2,81,0.0007202284862784055,ref
1106,2,82,0.00047187383583757606,ref
1107,2,83,0.0007202284862784055,ref
1108,2,84,0.0005712156960139079,ref
1109,2,85,0.0006953930212343227,ref
1110,2,86,0.000496709300881659,ref
1111,2,87,0.0006705575561902397,ref
1112,2,88,0.00037253197566124423,ref
1113,2,89,0.000521544765925742,ref
1114,2,90,0.0007202284862784055,ref
1115,2,91,0.000521544765925742,ref
1116,2,92,0.000496709300881659,ref
1117,2,93,0.00037253197566124423,ref
1118,2,94,0.00034769651061716133,ref
1119,2,95,0.0004470383707934931,ref
1120,2,96,0.00047187383583757606,ref
1121,2,97,0.00047187383583757606,ref
1122,2,98,0.0005960511610579908,ref
1123,2,99,0.0008940767415869862,ref
1124,2,100,0.0006208866261020738,ref
1125,2,101,0.0005960511610579908,ref
1126,2,102,0.000521544765925742,ref
1127,2,103,0.0006208866261020738,ref
1128,2,104,0.0005712156960139079,ref
1129,2,105,0.0005960511610579908,ref
1130,2,106,0.000496709300881659,ref
1131,2,107,0.00042220290574941015,ref
1132,2,108,0.0005960511610579908,ref
1133,2,109,0.0007947348814106544,ref
1134,2,110,0.0006208866261020738,ref
1135,2,111,0.0006457220911461568,ref
1136,2,112,0.0005712156960139079,ref
1137,2,113,0.0005463802309698249,ref
1138,2,114,0.00042220290574941015,ref
1139,2,115,0.00037253197566124423,ref
1140,2,116,0.000521544765925742,ref
1141,2,117,0.0003228610455730784,ref
1142,2,118,0.0006705575561902397,ref
1143,2,119,0.000521544765925742,ref
1144,2,120,0.0005463802309698249,ref
1145,2,121,0.0003973674407053272,ref
1146,2,122,0.0007698994163665714,ref
1147,2,123,0.0003973674407053272,ref
1148,2,124,0.000496709300881659,ref
1149,2,125,0.0006953930212343227,ref
1150,2,126,0.0006208866261020738,ref
1151,2,127,0.0005463802309698249,ref
1152,2,128,0.0006953930212343227,ref
1153,2,129,0.000521544765925742,ref
1154,2,130,0.0006208866261020738,ref
1155,2,131,0.0005960511610579908,ref
1156,2,132,0.0005463802309698249,ref
1157,2,133,0.000521544765925742,ref
1158,2,134,0.000521544765925742,ref
1159,2,135,0.0006457220911461568,ref
1160,2,136,0.000496709300881659,ref
1161,2,137,0.0007450639513224885,ref
1162,2,138,0.0003228610455730784,ref
1163,2,139,0.0006953930212343227,ref
1164,2,140,0.00034769651061716133,ref
1165,2,141,0.00037253197566124423,ref
1166,2,142,0.0006457220911461568,ref
1167,2,143,0.00047187383583757606,ref
1168,2,144,0.000521544765925742,ref
1169,2,145,0.0006208866261020738,ref
1170,2,146,0.00037253197566124423,ref
1171,2,147,0.000521544765925742,ref
1172,2,148,0.00034769651061716133,ref
1173,2,149,0.0004470383707934931,ref
1174,2,150,0.0006457220911461568,ref
1175,2,151,0.000521544765925742,ref
1176,2,152,0.0005463802309698249,ref
1177,2,153,0.0002980255805289954,ref
1178,2,154,0.00047187383583757606,ref
1179,2,155,0.00047187383583757606,ref
1180,2,156,0.00034769651061716133,ref
1181,2,157,0.000496709300881659,ref
1182,2,158,0.0004470383707934931,ref
1183,2,159,0.0005463802309698249,ref
1184,2,160,0.000521544765925742,ref
1185,2,161,0.000496709300881659,ref
1186,2,162,0.000496709300881659,ref
1187,2,163,0.0006705575561902397,ref
1188,2,164,0.00047187383583757606,ref
1189,2,165,0.0004470383707934931,ref
1190,2,166,0.00042220290574941015,ref
1191,2,167,0.00027319011548491246,ref
1192,2,168,0.0005712156960139079,ref
1193,2,169,0.0003973674407053272,ref
1194,2,170,0.000496709300881659,ref
1195,2,171,0.000521544765925742,ref
1196,2,172,0.00034769651061716133,ref
1197,2,173,0.0003228610455730784,ref
1198,2,174,0.0002980255805289954,ref
1199,2,175,0.0004470383707934931,ref
1200,2,176,0.00037253197566124423,ref
1201,2,177,0.0006457220911461568,ref
1202,2,178,0.0002483546504408295,ref
1203,2,179,0.00037253197566124423,ref
1204,2,180,0.00047187383583757606,ref
1205,2,181,0.0006705575561902397,ref
1206,2,182,0.0003228610455730784,ref
1207,2,183,0.0004470383707934931,ref
1208,2,184,0.00034769651061716133,ref
1209,2,185,0.00042220290574941015,ref
1210,2,186,0.0005960511610579908,ref
1211,2,187,0.000496709300881659,ref
1212,2,188,0.00037253197566124423,ref
1213,2,189,0.0004470383707934931,ref
1214,2,190,0.0005463802309698249,ref
1215,2,191,0.0002483546504408295,ref
1216,2,192,0.00047187383583757606,ref
1217,2,193,0.0003973674407053272,ref
1218,2,194,0.00037253197566124423,ref
1219,2,195,0.0003228610455730784,ref
1220,2,196,0.0002483546504408295,ref
1221,2,197,0.00022351918539674655,ref
1222,2,198,0.0002483546504408295,ref
1223,2,199,0.0003228610455730784,ref
1224,2,200,0.00022351918539674655,ref
1225,2,201,0.0003973674407053272,ref
1226,2,202,0.00022351918539674655,ref
1227,2,203,0.0003973674407053272,ref
1228,2,204,0.00022351918539674655,ref
1229,2,205,0.0002980255805289954,ref
1230,2,206,0.0002483546504408295,ref
1231,2,207,0.00042220290574941015,ref
1232,2,208,0.0001490127902644977,ref
1233,2,209,0.0002483546504408295,ref
1234,2,210,0.00042220290574941015,ref
1235,2,211,0.0002483546504408295,ref
1236,2,212,0.00034769651061716133,ref
1237,2,213,0.0001986837203526636,ref
1238,2,214,0.00017384825530858067,ref
1239,2,215,0.00017384825530858067,ref
1240,2,216,0.00027319011548491246,ref
1241,2,217,0.0002483546504408295,ref
1242,2,218,9.93418601763318e-05,ref
1243,2,219,0.00027319011548491246,ref
1244,2,220,0.00017384825530858067,ref
1245,2,221,0.00034769651061716133,ref
1246,2,222,0.0002483546504408295,ref
1247,2,223,0.0003228610455730784,ref
1248,2,224,0.00022351918539674655,ref
1249,2,225,0.0003228610455730784,ref
1250,2,226,0.0001490127902644977,ref
1251,2,227,0.00017384825530858067,ref
1252,2,228,0.00022351918539674655,ref
1253,2,229,0.0002980255805289954,ref
1254,2,230,0.00012417732522041475,ref
1255,2,231,0.00017384825530858067,ref
1256,2,232,0.00012417732522041475,ref
1257,2,233,0.00022351918539674655,ref
1258,2,234,0.0001490127902644977,ref
1259,2,235,0.00017384825530858067,ref
1260,2,236,0.00017384825530858067,ref
1261,2,237,0.0001986837203526636,ref
1262,2,238,0.00017384825530858067,ref
1263,2,239,0.0002483546504408295,ref
1264,2,240,0.00022351918539674655,ref
1265,2,241,0.0002483546504408295,ref
1266,2,242,0.00012417732522041475,ref
1267,2,243,0.00012417732522041475,ref
1268,2,244,0.00017384825530858067,ref
1269,2,245,0.00017384825530858067,ref
1270,2,246,0.00017384825530858067,ref
1271,2,247,0.00017384825530858067,ref
1272,2,248,7.450639513224885e-05,ref
1273,2,249,0.0001490127902644977,ref
1274,2,250,0.00012417732522041475,ref
1275,2,251,0.0001490127902644977,ref
1276,2,252,4.96709300881659e-05,ref
1277,2,253,2.483546504408295e-05,ref
1278,2,254,4.96709300881659e-05,ref
1279,2,255,0.00012417732522041475,ref
1280,2,0,0.0009162951956414066,gen
1281,2,1,0.0008915304606240713,gen
1282,2,2,0.0008915304606240713,gen
1283,2,3,0.000866765725606736,gen
1284,2,4,0.0008172362555720654,gen
1285,2,5,0.0006934125804853888,gen
1286,2,6,0.0007924715205547301,gen
1287,2,7,0.0005695889053987123,gen
1288,2,8,0.0006438831104507182,gen
1289,2,9,0.0009658246656760773,gen
1290,2,10,0.0005448241703813769,gen
1291,2,11,0.0007429420505200594,gen
1292,2,12,0.0006934125804853888,gen
1293,2,13,0.0009162951956414066,gen
1294,2,14,0.0005695889053987123,gen
1295,2,15,0.0008172362555720654,gen
1296,2,16,0.0005200594353640416,gen
1297,2,17,0.0005943536404160475,gen
1298,2,18,0.0005448241703813769,gen
1299,2,19,0.000941059930658742,gen
1300,2,20,0.0005448241703813769,gen
1301,2,21,0.0006686478454680535,gen
1302,2,22,0.0007429420505200594,gen
1303,2,23,0.0005943536404160475,gen
1304,2,24,0.0006438831104507182,gen
1305,2,25,0.0007924715205547301,gen
1306,2,26,0.0007677067855373947,gen
1307,2,27,0.0006438831104507182,gen
1308,2,28,0.000866765725606736,gen
1309,2,29,0.0007429420505200594,gen
1310,2,30,0.0005943536404160475,gen
1311,2,31,0.0005695889053987123,gen
1312,2,32,0.0007181773155027242,gen
1313,2,33,0.00044576523031203565,gen
1314,2,34,0.0005695889053987123,gen
1315,2,35,0.0008172362555720654,gen
1316,2,36,0.000470529965329371,gen
1317,2,37,0.000470529965329371,gen
1318,2,38,0.0006934125804853888,gen
1319,2,39,0.0006191183754333828,gen
1320,2,40,0.00044576523031203565,gen
1321,2,41,0.000941059930658742,gen
1322,2,42,0.0005200594353640416,gen
1323,2,43,0.0006934125804853888,gen
1324,2,44,0.0007181773155027242,gen
1325,2,45,0.0006191183754333828,gen
1326,2,46,0.0007429420505200594,gen
1327,2,47,0.0006686478454680535,gen
1328,2,48,0.0005695889053987123,gen
1329,2,49,0.0006934125804853888,gen
1330,2,50,0.0005695889053987123,gen
1331,2,51,0.0005695889053987123,gen
1332,2,52,0.0004952947003467063,gen
1333,2,53,0.0007429420505200594,gen
1334,2,54,0.0006191183754333828,gen
1335,2,55,0.0007181773155027242,gen
1336,2,56,0.0003714710252600297,gen
1337,2,57,0.000470529965329371,gen
1338,2,58,0.000470529965329371,gen
1339,2,59,0.00044576523031203565,gen
1340,2,60,0.0006191183754333828,gen
1341,2,61,0.0007924715205547301,gen
1342,2,62,0.0008172362555720654,gen
1343,2,63,0.00044576523031203565,gen
1344,2,64,0.0007181773155027242,gen
1345,2,65,0.0007429420505200594,gen
1346,2,66,0.0007677067855373947,gen
1347,2,67,0.0007677067855373947,gen
1348,2,68,0.0006191183754333828,gen
1349,2,69,0.0003467062902426944,gen
1350,2,70,0.000470529965329371,gen
1351,2,71,0.0005448241703813769,gen
1352,2,72,0.0005448241703813769,gen
1353,2,73,0.00042100049529470037,gen
1354,2,74,0.0005448241703813769,gen
1355,2,75,0.0004952947003467063,gen
1356,2,76,0.0006191183754333828,gen
1357,2,77,0.0003467062902426944,gen
1358,2,78,0.0007181773155027242,gen
1359,2,79,0.0008172362555720654,gen
1360,2,80,0.0006438831104507182,gen
1361,2,81,0.0005695889053987123,gen
1362,2,82,0.0005943536404160475,gen
1363,2,83,0.0006191183754333828,gen
1364,2,84,0.0005448241703813769,gen
1365,2,85,0.0006686478454680535,gen
1366,2,86,0.0007429420505200594,gen
1367,2,87,0.000470529965329371,gen
1368,2,88,0.00042100049529470037,gen
1369,2,89,0.00042100049529470037,gen
1370,2,90,0.000470529965329371,gen
1371,2,91,0.0003467062902426944,gen
1372,2,92,0.0005200594353640416,gen
1373,2,93,0.000470529965329371,gen
1374,2,94,0.0006438831104507182,gen
1375,2,95,0.0005448241703813769,gen
1376,2,96,0.00039623576027736503,gen
1377,2,97,0.0005943536404160475,gen
1378,2,98,0.0005200594353640416,gen
1379,2,99,0.0006438831104507182,gen
1380,2,100,0.0005200594353640416,gen
1381,2,101,0.0004952947003467063,gen
1382,2,102,0.0004952947003467063,gen
1383,2,103,0.0003219415552253591,gen
1384,2,104,0.0005943536404160475,gen
1385,2,105,0.000470529965329371,gen
1386,2,106,0.0005943536404160475,gen
1387,2,107,0.0006438831104507182,gen
1388,2,108,0.0003714710252600297,gen
1389,2,109,0.0007181773155027242,gen
1390,2,110,0.0005200594353640416,gen
1391,2,111,0.0006934125804853888,gen
1392,2,112,0.000470529965329371,gen
1393,2,113,0.0005448241703813769,gen
1394,2,114,0.0004952947003467063,gen
1395,2,115,0.0005448241703813769,gen
1396,2,116,0.00044576523031203565,gen
1397,2,117,0.000470529965329371,gen
1398,2,118,0.0008420009905894007,gen
1399,2,119,0.000470529965329371,gen
1400,2,120,0.0007924715205547301,gen
1401,2,121,0.000470529965329371,gen
1402,2,122,0.0005200594353640416,gen
1403,2,123,0.000470529965329371,gen
1404,2,124,0.00039623576027736503,gen
1405,2,125,0.0004952947003467063,gen
1406,2,126,0.0006438831104507182,gen
1407,2,127,0.0006934125804853888,gen
1408,2,128,0.0007181773155027242,gen
1409,2,129,0.0005943536404160475,gen
1410,2,130,0.0004952947003467063,gen
1411,2,131,0.0003714710252600297,gen
1412,2,132,0.00042100049529470037,gen
1413,2,133,0.0004952947003467063,gen
1414,2,134,0.0005943536404160475,gen
1415,2,135,0.0005695889053987123,gen
1416,2,136,0.00039623576027736503,gen
1417,2,137,0.0003714710252600297,gen
1418,2,138,0.0005695889053987123,gen
1419,2,139,0.00027241208519068847,gen
1420,2,140,0.0007677067855373947,gen
1421,2,141,0.0005200594353640416,gen
1422,2,142,0.0005943536404160475,gen
1423,2,143,0.0005943536404160475,gen
1424,2,144,0.0003467062902426944,gen
1425,2,145,0.0005695889053987123,gen
1426,2,146,0.0005200594353640416,gen
1427,2,147,0.0003467062902426944,gen
1428,2,148,0.00039623576027736503,gen
1429,2,149,0.0003714710252600297,gen
1430,2,150,0.0005943536404160475,gen
1431,2,151,0.000470529965329371,gen
1432,2,152,0.0005943536404160475,gen
1433,2,153,0.00044576523031203565,gen
1434,2,154,0.000470529965329371,gen
1435,2,155,0.0007677067855373947,gen
1436,2,156,0.0005943536404160475,gen
1437,2,157,0.00042100049529470037,gen
1438,2,158,0.0006191183754333828,gen
1439,2,159,0.00042100049529470037,gen
1440,2,160,0.00044576523031203565,gen
1441,2,161,0.0005200594353640416,gen
1442,2,162,0.0005200594353640416,gen
1443,2,163,0.00039623576027736503,gen
1444,2,164,0.0006191183754333828,gen
1445,2,165,0.0005695889053987123,gen
1446,2,166,0.00039623576027736503,gen
1447,2,167,0.0005943536404160475,gen
1448,2,168,0.00039623576027736503,gen
1449,2,169,0.00039623576027736503,gen
1450,2,170,0.0005200594353640416,gen
1451,2,171,0.0005943536404160475,gen
1452,2,172,0.0003714710252600297,gen
1453,2,173,0.0003467062902426944,gen
1454,2,174,0.0003467062902426944,gen
1455,2,175,0.00039623576027736503,gen
1456,2,176,0.00039623576027736503,gen
1457,2,177,0.00024764735017335313,gen
1458,2,178,0.00039623576027736503,gen
1459,2,179,0.00027241208519068847,gen
1460,2,180,0.0006191183754333828,gen
1461,2,181,0.0005695889053987123,gen
1462,2,182,0.00039623576027736503,gen
1463,2,183,0.0005200594353640416,gen
1464,2,184,0.000470529965329371,gen
1465,2,185,0.0005200594353640416,gen
1466,2,186,0.0005448241703813769,gen
1467,2,187,0.00042100049529470037,gen
1468,2,188,0.0005695889053987123,gen
1469,2,189,0.0004952947003467063,gen
1470,2,190,0.000470529965329371,gen
1471,2,191,0.0006686478454680535,gen
1472,2,192,0.000470529965329371,gen
1473,2,193,0.0005448241703813769,gen
1474,2,194,0.00044576523031203565,gen
1475,2,195,0.0003219415552253591,gen
1476,2,196,0.0006191183754333828,gen
1477,2,197,0.00029717682020802375,gen
1478,2,198,0.0005200594353640416,gen
1479,2,199,0.0003714710252600297,gen
1480,2,200,0.00044576523031203565,gen
1481,2,201,0.00039623576027736503,gen
1482,2,202,0.0004952947003467063,gen
1483,2,203,0.00029717682020802375,gen
1484,2,204,0.00044576523031203565,gen
1485,2,205,0.0003714710252600297,gen
1486,2,206,0.00039623576027736503,gen
1487,2,207,0.0005200594353640416,gen
1488,2,208,0.0005695889053987123,gen
1489,2,209,0.00042100049529470037,gen
1490,2,210,0.0005695889053987123,gen
1491,2,211,0.00039623576027736503,gen
1492,2,212,0.00042100049529470037,gen
1493,2,213,0.0003219415552253591,gen
1494,2,214,0.000470529965329371,gen
1495,2,215,0.00024764735017335313,gen
1496,2,216,0.0001733531451213472,gen
1497,2,217,0.0003219415552253591,gen
1498,2,218,0.00022288261515601782,gen
1499,2,219,0.00022288261515601782,gen
1500,2,220,0.00022288261515601782,gen
1501,2,221,0.00044576523031203565,gen
1502,2,222,0.0003219415552253591,gen
1503,2,223,0.00027241208519068847,gen
1504,2,224,0.0003714710252600297,gen
1505,2,225,0.0001733531451213472,gen
1506,2,226,0.0003467062902426944,gen
1507,2,227,0.0003467062902426944,gen
1508,2,228,9.905894006934126e-05,gen
1509,2,229,0.0003219415552253591,gen
1510,2,230,0.0003467062902426944,gen
1511,2,231,0.00039623576027736503,gen
1512,2,232,0.00044576523031203565,gen
1513,2,233,0.00029717682020802375,gen
1514,2,234,0.00039623576027736503,gen
1515,2,235,0.0003467062902426944,gen
1516,2,236,0.0003467062902426944,gen
1517,2,237,0.00019811788013868252,gen
1518,2,238,0.0003219415552253591,gen
1519,2,239,0.00042100049529470037,gen
1520,2,240,0.00029717682020802375,gen
1521,2,241,7.429420505200594e-05,gen
1522,2,242,0.0003219415552253591,gen
1523,2,243,0.00029717682020802375,gen
1524,2,244,0.0003714710252600297,gen
1525,2,245,0.0003714710252600297,gen
1526,2,246,0.00044576523031203565,gen
1527,2,247,0.00024764735017335313,gen
1528,2,248,0.00027241208519068847,gen
1529,2,249,0.00029717682020802375,gen
1530,2,250,0.0003219415552253591,gen
1531,2,251,0.00014858841010401187,gen
1532,2,252,0.00042100049529470037,gen
1533,2,253,0.0003714710252600297,gen
1534,2,254,0.00044576523031203565,gen
1535,2,255,0.0006191183754333828,gen
1536,3,0,0.0006797486212645889,ref
1537,3,1,0.0007823521867384892,ref
1538,3,2,0.0009106066435808644,ref
1539,3,3,0.00114146466589714,ref
1540,3,4,0.0008721303065281519,ref
1541,3,5,0.0008080030781069642,ref
1542,3,6,0.000731050404001539,ref
1543,3,7,0.000705399512633064,ref
1544,3,8,0.0008721303065281519,ref
1545,3,9,0.0008464794151596768,ref
1546,3,10,0.0009106066435808644,ref
1547,3,11,0.0008721303065281519,ref
1548,3,12,0.000923432089265102,ref
1549,3,13,0.0008721303065281519,ref
1550,3,14,0.0007567012953700141,ref
1551,3,15,0.0006925740669488264,ref
1552,3,16,0.0008849557522123894,ref
1553,3,17,0.0008849557522123894,ref
1554,3,18,0.0009106066435808644,ref
1555,3,19,0.0009362575349493395,ref
1556,3,20,0.0009106066435808644,ref
1557,3,21,0.0010132102090547647,ref
1558,3,22,0.0010132102090547647,ref
1559,3,23,0.0008593048608439144,ref
1560,3,24,0.000705399512633064,ref
1561,3,25,0.0007951776324227267,ref
1562,3,26,0.0007567012953700141,ref
1563,3,27,0.0008593048608439144,ref
1564,3,28,0.0007695267410542517,ref
1565,3,29,0.0007951776324227267,ref
1566,3,30,0.0008977811978966269,ref
1567,3,31,0.0008080030781069642,ref
1568,3,32,0.0009875593176862897,ref
1569,3,33,0.000949082980633577,ref
1570,3,34,0.0009619084263178145,ref
1571,3,35,0.0007823521867384892,ref
1572,3,36,0.0009875593176862897,ref
1573,3,37,0.0008336539694754392,ref
1574,3,38,0.0009619084263178145,ref
1575,3,39,0.0007182249583173015,ref
1576,3,40,0.0008721303065281519,ref
1577,3,41,0.0007695267410542517,ref
1578,3,42,0.0008977811978966269,ref
1579,3,43,0.0008080030781069642,ref
1580,3,44,0.000731050404001539,ref
1581,3,45,0.0007438758496857766,ref
1582,3,46,0.0007567012953700141,ref
1583,3,47,0.0008464794151596768,ref
1584,3,48,0.0008080030781069642,ref
1585,3,49,0.0007182249583173015,ref
1586,3,50,0.0008208285237912017,ref
1587,3,51,0.0008721303065281519,ref
1588,3,52,0.0006284468385276389,ref
1589,3,53,0.0007823521867384892,ref
1590,3,54,0.000731050404001539,ref
1591,3,55,0.0005899705014749262,ref
1592,3,56,0.0008336539694754392,ref
1593,3,57,0.0007567012953700141,ref
1594,3,58,0.0007695267410542517,ref
1595,3,59,0.000731050404001539,ref
1596,3,60,0.0007823521867384892,ref
1597,3,61,0.0006925740669488264,ref
1598,3,62,0.0008464794151596768,ref
1599,3,63,0.0007182249583173015,ref
1600,3,64,0.0007567012953700141,ref
1601,3,65,0.0005899705014749262,ref
1602,3,66,0.0007438758496857766,ref
1603,3,67,0.0006797486212645889,ref
1604,3,68,0.0007182249583173015,ref
1605,3,69,0.0005386687187379761,ref
1606,3,70,0.0005258432730537386,ref
1607,3,71,0.0007438758496857766,ref
1608,3,72,0.0007951776324227267,ref
1609,3,73,0.0006540977298961139,ref
1610,3,74,0.0006797486212645889,ref
1611,3,75,0.0007438758496857766,ref
1612,3,76,0.0007182249583173015,ref
1613,3,77,0.0006540977298961139,ref
1614,3,78,0.0005771450557906887,ref
1615,3,79,0.0008080030781069642,ref
1616,3,80,0.0007182249583173015,ref
1617,3,81,0.0007438758496857766,ref
1618,3,82,0.0007567012953700141,ref
1619,3,83,0.0007567012953700141,ref
1620,3,84,0.0006412722842118764,ref
1621,3,85,0.0006669231755803514,ref
1622,3,86,0.0006797486212645889,ref
1623,3,87,0.0005514941644222137,ref
1624,3,88,0.000705399512633064,ref
1625,3,89,0.0008464794151596768,ref
1626,3,90,0.0006797486212645889,ref
1627,3,91,0.0006669231755803514,ref
1628,3,92,0.0005643196101064512,ref
1629,3,93,0.0004745414903167885,ref
1630,3,94,0.0007182249583173015,ref
1631,3,95,0.0005514941644222137,ref
1632,3,96,0.0006669231755803514,ref
1633,3,97,0.000705399512633064,ref
1634,3,98,0.0006284468385276389,ref
1635,3,99,0.0009362575349493395,ref
1636,3,100,0.0006156213928434013,ref
1637,3,101,0.0007182249583173015,ref
1638,3,102,0.0005643196101064512,ref
1639,3,103,0.0008336539694754392,ref
1640,3,104,0.000731050404001539,ref
1641,3,105,0.0008208285237912017,ref
1642,3,106,0.0006540977298961139,ref
1643,3,107,0.0006925740669488264,ref
1644,3,108,0.000705399512633064,ref
1645,3,109,0.0007567012953700141,ref
1646,3,110,0.000705399512633064,ref
1647,3,111,0.0008208285237912017,ref
1648,3,112,0.0007182249583173015,ref
1649,3,113,0.000731050404001539,ref
1650,3,114,0.0006284468385276389,ref
1651,3,115,0.0008336539694754392,ref
1652,3,116,0.0005514941644222137,ref
1653,3,117,0.0007182249583173015,ref
1654,3,118,0.00038476337052712584,ref
1655,3,119,0.0007951776324227267,ref
1656,3,120,0.0006669231755803514,ref
1657,3,121,0.0006540977298961139,ref
1658,3,122,0.0005386687187379761,ref
1659,3,123,0.0006412722842118764,ref
1660,3,124,0.0005258432730537386,ref
1661,3,125,0.0007695267410542517,ref
1662,3,126,0.0006797486212645889,ref
1663,3,127,0.0007438758496857766,ref
1664,3,128,0.0008080030781069642,ref
1665,3,129,0.0006027959471591638,ref
1666,3,130,0.0006540977298961139,ref
1667,3,131,0.0006925740669488264,ref
1668,3,132,0.0008208285237912017,ref
1669,3,133,0.0005771450557906887,ref
1670,3,134,0.0007567012953700141,ref
1671,3,135,0.000705399512633064,ref
1672,3,136,0.000731050404001539,ref
1673,3,137,0.0005899705014749262,ref
1674,3,138,0.0006156213928434013,ref
1675,3,139,0.0006027959471591638,ref
1676,3,140,0.0005258432730537386,ref
1677,3,141,0.000461716044632551,ref
1678,3,142,0.00043606515326407593,ref
1679,3,143,0.0006284468385276389,ref
1680,3,144,0.0005899705014749262,ref
1681,3,145,0.0005643196101064512,ref
1682,3,146,0.0005899705014749262,ref
1683,3,147,0.0005771450557906887,ref
1684,3,148,0.0006412722842118764,ref
1685,3,149,0.0005643196101064512,ref
1686,3,150,0.0006156213928434013,ref
1687,3,151,0.00043606515326407593,ref
1688,3,152,0.0005643196101064512,ref
1689,3,153,0.0004745414903167885,ref
1690,3,154,0.0005001923816852636,ref
1691,3,155,0.000461716044632551,ref
1692,3,156,0.0005386687187379761,ref
1693,3,157,0.0005258432730537386,ref
1694,3,158,0.0004745414903167885,ref
1695,3,159,0.000487366936001026,ref
1696,3,160,0.0005258432730537386,ref
1697,3,161,0.0005899705014749262,ref
1698,3,162,0.00039758881621136335,ref
1699,3,163,0.0005643196101064512,ref
1700,3,164,0.0005899705014749262,ref
1701,3,165,0.0005001923816852636,ref
1702,3,166,0.0005514941644222137,ref
1703,3,167,0.000731050404001539,ref
1704,3,168,0.00039758881621136335,ref
1705,3,169,0.0005771450557906887,ref
1706,3,170,0.0005386687187379761,ref
1707,3,171,0.0004745414903167885,ref
1708,3,172,0.000461716044632551,ref
1709,3,173,0.0004232397075798384,ref
1710,3,174,0.0005386687187379761,ref
1711,3,175,0.0005001923816852636,ref
1712,3,176,0.0005643196101064512,ref
1713,3,177,0.0006156213928434013,ref
1714,3,178,0.00039758881621136335,ref
1715,3,179,0.00038476337052712584,ref
1716,3,180,0.00044889059894831344,ref
1717,3,181,0.0003462870334744132,ref
1718,3,182,0.00041041426189560086,ref
1719,3,183,0.0003334615877901757,ref
1720,3,184,0.00038476337052712584,ref
1721,3,185,0.00044889059894831344,ref
1722,3,186,0.00038476337052712584,ref
1723,3,187,0.000243683468000513,ref
1724,3,188,0.000461716044632551,ref
1725,3,189,0.0003206361421059382,ref
1726,3,190,0.00043606515326407593,ref
1727,3,191,0.0005130178273695011,ref
1728,3,192,0.00039758881621136335,ref
1729,3,193,0.0005130178273695011,ref
1730,3,194,0.0004232397075798384,ref
1731,3,195,0.00039758881621136335,ref
1732,3,196,0.00030781069642170063,ref
1733,3,197,0.00044889059894831344,ref
1734,3,198,0.0003462870334744132,ref
1735,3,199,0.00039758881621136335,ref
1736,3,200,0.0002308580223162755,ref
1737,3,201,0.00026933435936898805,ref
1738,3,202,0.000243683468000513,ref
1739,3,203,0.0002949852507374631,ref
1740,3,204,0.00019238168526356292,ref
1741,3,205,0.0002821598050532256,ref
1742,3,206,0.0002821598050532256,ref
1743,3,207,0.0003206361421059382,ref
1744,3,208,0.0002949852507374631,ref
1745,3,209,0.0003206361421059382,ref
1746,3,210,0.00021803257663203797,ref
1747,3,211,0.00021803257663203797,ref
1748,3,212,0.000243683468000513,ref
1749,3,213,0.0002308580223162755,ref
1750,3,214,0.00016673079389508785,ref
1751,3,215,0.00020520713094780043,ref
1752,3,216,0.00019238168526356292,ref
1753,3,217,0.00030781069642170063,ref
1754,3,218,0.00020520713094780043,ref
1755,3,219,0.00019238168526356292,ref
1756,3,220,0.00011542901115813775,ref
1757,3,221,0.00019238168526356292,ref
1758,3,222,0.0002821598050532256,ref
1759,3,223,0.0002308580223162755,ref
1760,3,224,0.00021803257663203797,ref
1761,3,225,0.0002949852507374631,ref
1762,3,226,0.0002308580223162755,ref
1763,3,227,0.00015390534821085032,ref
1764,3,228,0.00015390534821085032,ref
1765,3,229,0.0002308580223162755,ref
1766,3,230,0.00016673079389508785,ref
1767,3,231,0.00017955623957932539,ref
1768,3,232,0.00017955623957932539,ref
1769,3,233,0.00017955623957932539,ref
1770,3,234,0.00021803257663203797,ref
1771,3,235,0.00016673079389508785,ref
1772,3,236,8.977811978966269e-05,ref
1773,3,237,0.000243683468000513,ref
1774,3,238,0.00016673079389508785,ref
1775,3,239,0.00020520713094780043,ref
1776,3,240,0.00011542901115813775,ref
1777,3,241,0.00015390534821085032,ref
1778,3,242,0.0001410799025266128,ref
1779,3,243,0.0001410799025266128,ref
1780,3,244,0.00016673079389508785,ref
1781,3,245,6.412722842118764e-05,ref
1782,3,246,0.00017955623957932539,ref
1783,3,247,3.847633705271258e-05,ref
1784,3,248,0.00019238168526356292,ref
1785,3,249,0.00010260356547390021,ref
1786,3,250,0.00010260356547390021,ref
1787,3,251,6.412722842118764e-05,ref
1788,3,252,8.977811978966269e-05,ref
1789,3,253,0.00010260356547390021,ref
1790,3,254,0.00010260356547390021,ref
1791,3,255,0.00020520713094780043,ref
1792,3,0,0.0009000552891106168,gen
1793,3,1,0.0009900608180216785,gen
1794,3,2,0.0010543504815295796,gen
1795,3,3,0.0009129132218121971,gen
1796,3,4,0.0006557545677805922,gen
1797,3,5,0.0006943283658853329,gen
1798,3,6,0.0006300387023774318,gen
1799,3,7,0.0007071862985869132,gen
1800,3,8,0.0005528911061679503,gen
1801,3,9,0.0008357656256027156,gen
1802,3,10,0.0007329021639900737,gen
1803,3,11,0.0009900608180216785,gen
1804,3,12,0.000745760096691654,gen
1805,3,13,0.0007714759620948144,gen
1806,3,14,0.0006300387023774318,gen
1807,3,15,0.000745760096691654,gen
1808,3,16,0.0007329021639900737,gen
1809,3,17,0.00054003317346637,gen
1810,3,18,0.0007971918274979749,gen
1811,3,19,0.0007329021639900737,gen
1812,3,20,0.0007843338947963947,gen
1813,3,21,0.0009257711545137772,gen
1814,3,22,0.0007843338947963947,gen
1815,3,23,0.0009257711545137772,gen
1816,3,24,0.0007586180293932341,gen
1817,3,25,0.0007843338947963947,gen
1818,3,26,0.0008871973564090366,gen
1819,3,27,0.0007586180293932341,gen
1820,3,28,0.0008100497601995551,gen
1821,3,29,0.0007714759620948144,gen
1822,3,30,0.00054003317346637,gen
1823,3,31,0.0007714759620948144,gen
1824,3,32,0.000745760096691654,gen
1825,3,33,0.0006171807696758515,gen
1826,3,34,0.0006943283658853329,gen
1827,3,35,0.000861481491005876,gen
1828,3,36,0.000745760096691654,gen
1829,3,37,0.0006557545677805922,gen
1830,3,38,0.0007971918274979749,gen
1831,3,39,0.0006300387023774318,gen
1832,3,40,0.0007714759620948144,gen
1833,3,41,0.0007329021639900737,gen
1834,3,42,0.0006814704331837527,gen
1835,3,43,0.0009386290872153575,gen
1836,3,44,0.0008486235583042959,gen
1837,3,45,0.0007200442312884934,gen
1838,3,46,0.0007971918274979749,gen
1839,3,47,0.000642896635079012,gen
1840,3,48,0.0005528911061679503,gen
1841,3,49,0.0005786069715711108,gen
1842,3,50,0.0006171807696758515,gen
1843,3,51,0.0006686125004821725,gen
1844,3,52,0.0006814704331837527,gen
1845,3,53,0.0008357656256027156,gen
1846,3,54,0.0006300387023774318,gen
1847,3,55,0.000591464904272691,gen
1848,3,56,0.0007200442312884934,gen
1849,3,57,0.000642896635079012,gen
1850,3,58,0.0007200442312884934,gen
1851,3,59,0.000591464904272691,gen
1852,3,60,0.0006814704331837527,gen
1853,3,61,0.0005786069715711108,gen
1854,3,62,0.0006814704331837527,gen
1855,3,63,0.0007714759620948144,gen
1856,3,64,0.0006300387023774318,gen
1857,3,65,0.0005528911061679503,gen
1858,3,66,0.0006557545677805922,gen
1859,3,67,0.0006943283658853329,gen
1860,3,68,0.0007071862985869132,gen
1861,3,69,0.0005786069715711108,gen
1862,3,70,0.0006814704331837527,gen
1863,3,71,0.0007586180293932341,gen
1864,3,72,0.000861481491005876,gen
1865,3,73,0.0006043228369742713,gen
1866,3,74,0.00054003317346637,gen
1867,3,75,0.00054003317346637,gen
1868,3,76,0.0006943283658853329,gen
1869,3,77,0.0006300387023774318,gen
1870,3,78,0.0006300387023774318,gen
1871,3,79,0.0007071862985869132,gen
1872,3,80,0.0005271752407647898,gen
1873,3,81,0.0006300387023774318,gen
1874,3,82,0.0005657490388695306,gen
1875,3,83,0.0005014593753616294,gen
1876,3,84,0.0004757435099584689,gen
1877,3,85,0.0005657490388695306,gen
1878,3,86,0.0004757435099584689,gen
1879,3,87,0.0006043228369742713,gen
1880,3,88,0.0003600221156442467,gen
1881,3,89,0.0006171807696758515,gen
1882,3,90,0.00041145384645056767,gen
1883,3,91,0.000591464904272691,gen
1884,3,92,0.000642896635079012,gen
1885,3,93,0.0006300387023774318,gen
1886,3,94,0.0005143173080632096,gen
1887,3,95,0.0005786069715711108,gen
1888,3,96,0.00042431177915214794,gen
1889,3,97,0.0006814704331837527,gen
1890,3,98,0.000745760096691654,gen
1891,3,99,0.0004628855772568886,gen
1892,3,100,0.0006300387023774318,gen
1893,3,101,0.0004628855772568886,gen
1894,3,102,0.0006300387023774318,gen
1895,3,103,0.000642896635079012,gen
1896,3,104,0.0008100497601995551,gen
1897,3,105,0.000642896635079012,gen
1898,3,106,0.0004628855772568886,gen
1899,3,107,0.0006300387023774318,gen
1900,3,108,0.0005786069715711108,gen
1901,3,109,0.0006686125004821725,gen
1902,3,110,0.0004757435099584689,gen
1903,3,111,0.0005528911061679503,gen
1904,3,112,0.0004886014426600491,gen
1905,3,113,0.00054003317346637,gen
1906,3,114,0.0004757435099584689,gen
1907,3,115,0.0005528911061679503,gen
1908,3,116,0.0006814704331837527,gen
1909,3,117,0.0006171807696758515,gen
1910,3,118,0.0005014593753616294,gen
1911,3,119,0.0005014593753616294,gen
1912,3,120,0.0005786069715711108,gen
1913,3,121,0.0005143173080632096,gen
1914,3,122,0.0005786069715711108,gen
1915,3,123,0.0004757435099584689,gen
1916,3,124,0.0005143173080632096,gen
1917,3,125,0.0005657490388695306,gen
1918,3,126,0.0007200442312884934,gen
1919,3,127,0.0004757435099584689,gen
1920,3,128,0.000591464904272691,gen
1921,3,129,0.0005014593753616294,gen
1922,3,130,0.00054003317346637,gen
1923,3,131,0.0005143173080632096,gen
1924,3,132,0.0005786069715711108,gen
1925,3,133,0.0004500276445553084,gen
1926,3,134,0.0004886014426600491,gen
1927,3,135,0.0005143173080632096,gen
1928,3,136,0.0004886014426600491,gen
1929,3,137,0.000642896635079012,gen
1930,3,138,0.0005014593753616294,gen
1931,3,139,0.0005528911061679503,gen
1932,3,140,0.0005143173080632096,gen
1933,3,141,0.0005143173080632096,gen
1934,3,142,0.0004757435099584689,gen
1935,3,143,0.0005271752407647898,gen
1936,3,144,0.0005271752407647898,gen
1937,3,145,0.0005657490388695306,gen
1938,3,146,0.0004500276445553084,gen
1939,3,147,0.0004757435099584689,gen
1940,3,148,0.00042431177915214794,gen
1941,3,149,0.0004500276445553084,gen
1942,3,150,0.0005143173080632096,gen
1943,3,151,0.000372880048345827,gen
1944,3,152,0.00039859591374898746,gen
1945,3,153,0.000642896635079012,gen
1946,3,154,0.0005528911061679503,gen
1947,3,155,0.0002957324521363455,gen
1948,3,156,0.00033430625024108624,gen
1949,3,157,0.00041145384645056767,gen
1950,3,158,0.0004757435099584689,gen
1951,3,159,0.0004500276445553084,gen
1952,3,160,0.0005014593753616294,gen
1953,3,161,0.0005014593753616294,gen
1954,3,162,0.00034716418294266645,gen
1955,3,163,0.00043716971185372815,gen
1956,3,164,0.0004886014426600491,gen
1957,3,165,0.00039859591374898746,gen
1958,3,166,0.0005271752407647898,gen
1959,3,167,0.00043716971185372815,gen
1960,3,168,0.0004628855772568886,gen
1961,3,169,0.00043716971185372815,gen
1962,3,170,0.00054003317346637,gen
1963,3,171,0.0004628855772568886,gen
1964,3,172,0.00042431177915214794,gen
1965,3,173,0.0004500276445553084,gen
1966,3,174,0.00042431177915214794,gen
1967,3,175,0.0005271752407647898,gen
1968,3,176,0.00034716418294266645,gen
1969,3,177,0.00043716971185372815,gen
1970,3,178,0.00042431177915214794,gen
1971,3,179,0.00041145384645056767,gen
1972,3,180,0.0005014593753616294,gen
1973,3,181,0.0004628855772568886,gen
1974,3,182,0.00041145384645056767,gen
1975,3,183,0.0004886014426600491,gen
1976,3,184,0.0005528911061679503,gen
1977,3,185,0.00043716971185372815,gen
1978,3,186,0.0004886014426600491,gen
1979,3,187,0.0003857379810474072,gen
1980,3,188,0.0004757435099584689,gen
1981,3,189,0.000372880048345827,gen
1982,3,190,0.0004886014426600491,gen
1983,3,191,0.0005271752407647898,gen
1984,3,192,0.0005014593753616294,gen
1985,3,193,0.00039859591374898746,gen
1986,3,194,0.0004628855772568886,gen
1987,3,195,0.0003857379810474072,gen
1988,3,196,0.0004628855772568886,gen
1989,3,197,0.000372880048345827,gen
1990,3,198,0.00041145384645056767,gen
1991,3,199,0.0003857379810474072,gen
1992,3,200,0.000372880048345827,gen
1993,3,201,0.00034716418294266645,gen
1994,3,202,0.00033430625024108624,gen
1995,3,203,0.0004886014426600491,gen
1996,3,204,0.0005014593753616294,gen
1997,3,205,0.000372880048345827,gen
1998,3,206,0.0004500276445553084,gen
1999,3,207,0.0002571586540316048,gen
2000,3,208,0.0003857379810474072,gen
2001,3,209,0.00041145384645056767,gen
2002,3,210,0.0005143173080632096,gen
2003,3,211,0.0004628855772568886,gen
2004,3,212,0.00030859038483792577,gen
2005,3,213,0.0003600221156442467,gen
2006,3,214,0.0003600221156442467,gen
2007,3,215,0.00033430625024108624,gen
2008,3,216,0.0004757435099584689,gen
2009,3,217,0.00041145384645056767,gen
2010,3,218,0.00033430625024108624,gen
2011,3,219,0.0002957324521363455,gen
2012,3,220,0.00030859038483792577,gen
2013,3,221,0.00041145384645056767,gen
2014,3,222,0.00041145384645056767,gen
2015,3,223,0.0003857379810474072,gen
2016,3,224,0.0003600221156442467,gen
2017,3,225,0.0003600221156442467,gen
2018,3,226,0.00030859038483792577,gen
2019,3,227,0.00033430625024108624,gen
2020,3,228,0.000270016586733185,gen
2021,3,229,0.00030859038483792577,gen
2022,3,230,0.0002828745194347653,gen
2023,3,231,0.00039859591374898746,gen
2024,3,232,0.00039859591374898746,gen
2025,3,233,0.00030859038483792577,gen
2026,3,234,0.00021858485592686407,gen
2027,3,235,0.0004500276445553084,gen
2028,3,236,0.0002828745194347653,gen
2029,3,237,0.0003857379810474072,gen
2030,3,238,0.00033430625024108624,gen
2031,3,239,0.0002957324521363455,gen
2032,3,240,0.0003600221156442467,gen
2033,3,241,0.00034716418294266645,gen
2034,3,242,0.0003600221156442467,gen
2035,3,243,0.0002957324521363455,gen
2036,3,244,0.00034716418294266645,gen
2037,3,245,0.000372880048345827,gen
2038,3,246,0.00034716418294266645,gen
2039,3,247,0.00034716418294266645,gen
2040,3,248,0.0004500276445553084,gen
2041,3,249,0.000321448317539506,gen
2042,3,250,0.0002571586540316048,gen
2043,3,251,0.00033430625024108624,gen
2044,3,252,0.0002828745194347653,gen
2045,3,253,0.0004500276445553084,gen
2046,3,254,0.0002957324521363455,gen
2047,3,255,0.0004886014426600491,gen
2048,4,0,0.0008762503099942134,ref
2049,4,1,0.0007439861122592378,ref
2050,4,2,0.0008101182111267257,ref
2051,4,3,0.0007109200628254939,ref
2052,4,4,0.0007274530875423659,ref
2053,4,5,0.0006447879639580062,ref
2054,4,6,0.0009423824088617013,ref
2055,4,7,0.0006943870381086219,ref
2056,4,8,0.0009093163594279573,ref
2057,4,9,0.0009258493841448293,ref
2058,4,10,0.0009423824088617013,ref
2059,4,11,0.0007935851864098537,ref
2060,4,12,0.0009258493841448293,ref
2061,4,13,0.0009423824088617013,ref
2062,4,14,0.0009754484582954452,ref
2063,4,15,0.0007770521616929818,ref
2064,4,16,0.0009093163594279573,ref
2065,4,17,0.0007770521616929818,ref
2066,4,18,0.0007109200628254939,ref
2067,4,19,0.0007605191369761098,ref
2068,4,20,0.0008101182111267257,ref
2069,4,21,0.0009754484582954452,ref
2070,4,22,0.0005455898156567744,ref
2071,4,23,0.00067785401339175,ref
2072,4,24,0.0008927833347110854,ref
2073,4,25,0.0006943870381086219,ref
2074,4,26,0.0008597172852773415,ref
2075,4,27,0.0008431842605604695,ref
2076,4,28,0.0010581135818798048,ref
2077,4,29,0.0009423824088617013,ref
2078,4,30,0.0007935851864098537,ref
2079,4,31,0.001008514507729189,ref
2080,4,32,0.0011077126560304208,ref
2081,4,33,0.0010746466065966768,ref
2082,4,34,0.0007605191369761098,ref
2083,4,35,0.0009258493841448293,ref
2084,4,36,0.0008266512358435976,ref
2085,4,37,0.0008266512358435976,ref
2086,4,38,0.0007935851864098537,ref
2087,4,39,0.0008431842605604695,ref
2088,4,40,0.0009589154335785732,ref
2089,4,41,0.0008266512358435976,ref
2090,4,42,0.0006943870381086219,ref
2091,4,43,0.00067785401339175,ref
2092,4,44,0.0008762503099942134,ref
2093,4,45,0.0007770521616929818,ref
2094,4,46,0.0007605191369761098,ref
2095,4,47,0.0007439861122592378,ref
2096,4,48,0.0007605191369761098,ref
2097,4,49,0.00067785401339175,ref
2098,4,50,0.0008762503099942134,ref
2099,4,51,0.0007605191369761098,ref
2100,4,52,0.0008597172852773415,ref
2101,4,53,0.0005455898156567744,ref
2102,4,54,0.0005786558650905183,ref
2103,4,55,0.0007274530875423659,ref
2104,4,56,0.000661320988674878,ref
2105,4,57,0.0007274530875423659,ref
2106,4,58,0.0006447879639580062,ref
2107,4,59,0.0006117219145242622,ref
2108,4,60,0.000661320988674878,ref
2109,4,61,0.0007605191369761098,ref
2110,4,62,0.0007770521616929818,ref
2111,4,63,0.0007109200628254939,ref
2112,4,64,0.0007274530875423659,ref
2113,4,65,0.00067785401339175,ref
2114,4,66,0.0008597172852773415,ref
2115,4,67,0.000661320988674878,ref
2116,4,68,0.0005455898156567744,ref
2117,4,69,0.0004959907415061585,ref
2118,4,70,0.0006117219145242622,ref
2119,4,71,0.0007439861122592378,ref
2120,4,72,0.0005951888898073903,ref
2121,4,73,0.0006117219145242622,ref
2122,4,74,0.0005951888898073903,ref
2123,4,75,0.0005951888898073903,ref
2124,4,76,0.0006447879639580062,ref
2125,4,77,0.0004794577167892866,ref
2126,4,78,0.0007109200628254939,ref
2127,4,79,0.0005786558650905183,ref
2128,4,80,0.0007274530875423659,ref
2129,4,81,0.0006447879639580062,ref
2130,4,82,0.000661320988674878,ref
2131,4,83,0.0008101182111267257,ref
2132,4,84,0.0005621228403736464,ref
2133,4,85,0.0007605191369761098,ref
2134,4,86,0.0005621228403736464,ref
2135,4,87,0.0004794577167892866,ref
2136,4,88,0.0005951888898073903,ref
2137,4,89,0.0005951888898073903,ref
2138,4,90,0.0005786558650905183,ref
2139,4,91,0.0005455898156567744,ref
2140,4,92,0.0008266512358435976,ref
2141,4,93,0.0003141274696205671,ref
2142,4,94,0.0008101182111267257,ref
2143,4,95,0.0006282549392411342,ref
2144,4,96,0.00067785401339175,ref
2145,4,97,0.0007109200628254939,ref
2146,4,98,0.0007605191369761098,ref
2147,4,99,0.0008762503099942134,ref
2148,4,100,0.0004463916673555427,ref
2149,4,101,0.000991981483012317,ref
2150,4,102,0.0006117219145242622,ref
2151,4,103,0.0007109200628254939,ref
2152,4,104,0.0006943870381086219,ref
2153,4,105,0.00067785401339175,ref
2154,4,106,0.0005951888898073903,ref
2155,4,107,0.0005621228403736464,ref
2156,4,108,0.0005621228403736464,ref
2157,4,109,0.0007274530875423659,ref
2158,4,110,0.0008266512358435976,ref
2159,4,111,0.00046292469207241465,ref
2160,4,112,0.0005621228403736464,ref
2161,4,113,0.0007109200628254939,ref
2162,4,114,0.0006447879639580062,ref
2163,4,115,0.0008927833347110854,ref
2164,4,116,0.0007439861122592378,ref
2165,4,117,0.0005621228403736464,ref
2166,4,118,0.0007274530875423659,ref
2167,4,119,0.0007605191369761098,ref
2168,4,120,0.0006943870381086219,ref
2169,4,121,0.0007439861122592378,ref
2170,4,122,0.0005125237662230305,ref
2171,4,123,0.0006943870381086219,ref
2172,4,124,0.0007274530875423659,ref
2173,4,125,0.0006117219145242622,ref
2174,4,126,0.0005125237662230305,ref
2175,4,127,0.000661320988674878,ref
2176,4,128,0.0006447879639580062,ref
2177,4,129,0.0004959907415061585,ref
2178,4,130,0.0005455898156567744,ref
2179,4,131,0.00046292469207241465,ref
2180,4,132,0.000661320988674878,ref
2181,4,133,0.0005125237662230305,ref
2182,4,134,0.000661320988674878,ref
2183,4,135,0.0004794577167892866,ref
2184,4,136,0.0007770521616929818,ref
2185,4,137,0.0007935851864098537,ref
2186,4,138,0.0007109200628254939,ref
2187,4,139,0.0006447879639580062,ref
2188,4,140,0.0007109200628254939,ref
2189,4,141,0.0006117219145242622,ref
2190,4,142,0.0007605191369761098,ref
2191,4,143,0.0008101182111267257,ref
2192,4,144,0.0007274530875423659,ref
2193,4,145,0.0008431842605604695,ref
2194,4,146,0.0005786558650905183,ref
2195,4,147,0.0007274530875423659,ref
2196,4,148,0.0005951888898073903,ref
2197,4,149,0.0006943870381086219,ref
2198,4,150,0.0006117219145242622,ref
2199,4,151,0.0006447879639580062,ref
2200,4,152,0.0006447879639580062,ref
2201,4,153,0.0008597172852773415,ref
2202,4,154,0.0005621228403736464,ref
2203,4,155,0.0006117219145242622,ref
2204,4,156,0.0005455898156567744,ref
2205,4,157,0.0005290567909399024,ref
2206,4,158,0.0004959907415061585,ref
2207,4,159,0.00067785401339175,ref
2208,4,160,0.00039679259320492684,ref
2209,4,161,0.0005621228403736464,ref
2210,4,162,0.00046292469207241465,ref
2211,4,163,0.00067785401339175,ref
2212,4,164,0.0004794577167892866,ref
2213,4,165,0.0005786558650905183,ref
2214,4,166,0.0004794577167892866,ref
2215,4,167,0.000661320988674878,ref
2216,4,168,0.0004463916673555427,ref
2217,4,169,0.0006117219145242622,ref
2218,4,170,0.00042985864263867077,ref
2219,4,171,0.0006117219145242622,ref
2220,4,172,0.0007109200628254939,ref
2221,4,173,0.000661320988674878,ref
2222,4,174,0.000661320988674878,ref
2223,4,175,0.0004794577167892866,ref
2224,4,176,0.0004463916673555427,ref
2225,4,177,0.0005125237662230305,ref
2226,4,178,0.0005455898156567744,ref
2227,4,179,0.0005951888898073903,ref
2228,4,180,0.0005290567909399024,ref
2229,4,181,0.00046292469207241465,ref
2230,4,182,0.00039679259320492684,ref
2231,4,183,0.0004133256179217988,ref
2232,4,184,0.0004463916673555427,ref
2233,4,185,0.0004959907415061585,ref
2234,4,186,0.00042985864263867077,ref
2235,4,187,0.0004959907415061585,ref
2236,4,188,0.00042985864263867077,ref
2237,4,189,0.0004959907415061585,ref
2238,4,190,0.0004463916673555427,ref
2239,4,191,0.0004463916673555427,ref
2240,4,192,0.0003802595684880549,ref
2241,4,193,0.0004959907415061585,ref
2242,4,194,0.00024799537075307927,ref
2243,4,195,0.00036372654377118295,ref
2244,4,196,0.000330660494337439,ref
2245,4,197,0.00039679259320492684,ref
2246,4,198,0.00039679259320492684,ref
2247,4,199,0.00034719351905431096,ref
2248,4,200,0.0003141274696205671,ref
2249,4,201,0.000330660494337439,ref
2250,4,202,0.00029759444490369514,ref
2251,4,203,0.00042985864263867077,ref
2252,4,204,0.00019839629660246342,ref
2253,4,205,0.0003141274696205671,ref
2254,4,206,0.00036372654377118295,ref
2255,4,207,0.0005125237662230305,ref
2256,4,208,0.00024799537075307927,ref
2257,4,209,0.00046292469207241465,ref
2258,4,210,0.00036372654377118295,ref
2259,4,211,0.00034719351905431096,ref
2260,4,212,0.0003802595684880549,ref
2261,4,213,0.0002810614201868232,ref
2262,4,214,0.00023146234603620733,ref
2263,4,215,0.0002645283954699512,ref
2264,4,216,0.00018186327188559148,ref
2265,4,217,0.00023146234603620733,ref
2266,4,218,0.00029759444490369514,ref
2267,4,219,0.000330660494337439,ref
2268,4,220,0.00018186327188559148,ref
2269,4,221,0.00024799537075307927,ref
2270,4,222,0.00021492932131933538,ref
2271,4,223,0.0002645283954699512,ref
2272,4,224,0.00034719351905431096,ref
2273,4,225,0.0002645283954699512,ref
2274,4,226,0.00019839629660246342,ref
2275,4,227,0.0004133256179217988,ref
2276,4,228,0.00024799537075307927,ref
2277,4,229,0.00034719351905431096,ref
2278,4,230,0.00023146234603620733,ref
2279,4,231,0.0003141274696205671,ref
2280,4,232,0.00021492932131933538,ref
2281,4,233,0.0003141274696205671,ref
2282,4,234,0.0002645283954699512,ref
2283,4,235,0.00029759444490369514,ref
2284,4,236,0.00024799537075307927,ref
2285,4,237,0.00023146234603620733,ref
2286,4,238,0.00018186327188559148,ref
2287,4,239,0.00021492932131933538,ref
2288,4,240,0.00014879722245184757,ref
2289,4,241,0.00021492932131933538,ref
2290,4,242,8.266512358435976e-05,ref
2291,4,243,0.00014879722245184757,ref
2292,4,244,0.0001322641977349756,ref
2293,4,245,0.00021492932131933538,ref
2294,4,246,0.00024799537075307927,ref
2295,4,247,0.00024799537075307927,ref
2296,4,248,0.0002810614201868232,ref
2297,4,249,0.00011573117301810366,ref
2298,4,250,0.0001322641977349756,ref
2299,4,251,9.919814830123171e-05,ref
2300,4,252,0.00011573117301810366,ref
2301,4,253,9.919814830123171e-05,ref
2302,4,254,0.00014879722245184757,ref
2303,4,255,9.919814830123171e-05,ref
2304,4,0,0.0007479928857565532,gen
2305,4,1,0.0007313708216286299,gen
2306,4,2,0.0006815046292448597,gen
2307,4,3,0.0006316384368610894,gen
2308,4,4,0.0006648825651169362,gen
2309,4,5,0.0007978590781403235,gen
2310,4,6,0.0006482605009890129,gen
2311,4,7,0.0006648825651169362,gen
2312,4,8,0.0005319060520935489,gen
2313,4,9,0.0005817722444773192,gen
2314,4,10,0.000615016372733166,gen
2315,4,11,0.00041555160319808513,gen
2316,4,12,0.000698126693372783,gen
2317,4,13,0.0008975914629078639,gen
2318,4,14,0.0007646149498844767,gen
2319,4,15,0.000698126693372783,gen
2320,4,16,0.0007147487575007064,gen
2321,4,17,0.0007812370140124,gen
2322,4,18,0.0005817722444773192,gen
2323,4,19,0.0005817722444773192,gen
2324,4,20,0.000864347334652017,gen
2325,4,21,0.0007313708216286299,gen
2326,4,22,0.0008311032063961703,gen
2327,4,23,0.0007147487575007064,gen
2328,4,24,0.0007479928857565532,gen
2329,4,25,0.0006648825651169362,gen
2330,4,26,0.0005983943086052426,gen
2331,4,27,0.000864347334652017,gen
2332,4,28,0.000698126693372783,gen
2333,4,29,0.0007812370140124,gen
2334,4,30,0.0007646149498844767,gen
2335,4,31,0.0005485281162214724,gen
2336,4,32,0.0006482605009890129,gen
2337,4,33,0.0007313708216286299,gen
2338,4,34,0.0005485281162214724,gen
2339,4,35,0.0007147487575007064,gen
2340,4,36,0.0005817722444773192,gen
2341,4,37,0.0008144811422682469,gen
2342,4,38,0.0005485281162214724,gen
2343,4,39,0.0006648825651169362,gen
2344,4,40,0.0005983943086052426,gen
2345,4,41,0.0007313708216286299,gen
2346,4,42,0.0005983943086052426,gen
2347,4,43,0.000698126693372783,gen
2348,4,44,0.0006316384368610894,gen
2349,4,45,0.0008809693987799405,gen
2350,4,46,0.0007147487575007064,gen
2351,4,47,0.0007479928857565532,gen
2352,4,48,0.0006815046292448597,gen
2353,4,49,0.0005651501803493958,gen
2354,4,50,0.0007313708216286299,gen
2355,4,51,0.0005152839879656256,gen
2356,4,52,0.0005152839879656256,gen
2357,4,53,0.0006648825651169362,gen
2358,4,54,0.0005983943086052426,gen
2359,4,55,0.0005319060520935489,gen
2360,4,56,0.0008809693987799405,gen
2361,4,57,0.0006815046292448597,gen
2362,4,58,0.0007147487575007064,gen
2363,4,59,0.0006648825651169362,gen
2364,4,60,0.0005651501803493958,gen
2365,4,61,0.0005817722444773192,gen
2366,4,62,0.0005817722444773192,gen
2367,4,63,0.0006482605009890129,gen
2368,4,64,0.00041555160319808513,gen
2369,4,65,0.00041555160319808513,gen
2370,4,66,0.00048203985970977876,gen
2371,4,67,0.0007313708216286299,gen
2372,4,68,0.0008311032063961703,gen
2373,4,69,0.0007147487575007064,gen
2374,4,70,0.0005651501803493958,gen
2375,4,71,0.0006482605009890129,gen
2376,4,72,0.0007479928857565532,gen
2377,4,73,0.0005651501803493958,gen
2378,4,74,0.0005983943086052426,gen
2379,4,75,0.0005817722444773192,gen
2380,4,76,0.0005651501803493958,gen
2381,4,77,0.00044879573145393197,gen
2382,4,78,0.0007646149498844767,gen
2383,4,79,0.0006316384368610894,gen
2384,4,80,0.0005152839879656256,gen
2385,4,81,0.0006648825651169362,gen
2386,4,82,0.0005983943086052426,gen
2387,4,83,0.00044879573145393197,gen
2388,4,84,0.0006815046292448597,gen
2389,4,85,0.0006815046292448597,gen
2390,4,86,0.0007978590781403235,gen
2391,4,87,0.0005152839879656256,gen
2392,4,88,0.0005485281162214724,gen
2393,4,89,0.000615016372733166,gen
2394,4,90,0.000615016372733166,gen
2395,4,91,0.0005817722444773192,gen
2396,4,92,0.0008144811422682469,gen
2397,4,93,0.0004986619238377022,gen
2398,4,94,0.0005817722444773192,gen
2399,4,95,0.00041555160319808513,gen
2400,4,96,0.0006648825651169362,gen
2401,4,97,0.00046541779558185537,gen
2402,4,98,0.0005152839879656256,gen
2403,4,99,0.00041555160319808513,gen
2404,4,100,0.0007812370140124,gen
2405,4,101,0.0007479928857565532,gen
2406,4,102,0.00048203985970977876,gen
2407,4,103,0.0005817722444773192,gen
2408,4,104,0.0005152839879656256,gen
2409,4,105,0.000615016372733166,gen
2410,4,106,0.0006316384368610894,gen
2411,4,107,0.0005485281162214724,gen
2412,4,108,0.0005319060520935489,gen
2413,4,109,0.0006815046292448597,gen
2414,4,110,0.0006316384368610894,gen
2415,4,111,0.0005152839879656256,gen
2416,4,112,0.00044879573145393197,gen
2417,4,113,0.00048203985970977876,gen
2418,4,114,0.0005651501803493958,gen
2419,4,115,0.0005651501803493958,gen
2420,4,116,0.00046541779558185537,gen
2421,4,117,0.00048203985970977876,gen
2422,4,118,0.0005152839879656256,gen
2423,4,119,0.0005319060520935489,gen
2424,4,120,0.00046541779558185537,gen
2425,4,121,0.0004321736673260085,gen
2426,4,122,0.00046541779558185537,gen
2427,4,123,0.0007147487575007064,gen
2428,4,124,0.00046541779558185537,gen
2429,4,125,0.0004321736673260085,gen
2430,4,126,0.0005485281162214724,gen
2431,4,127,0.0005651501803493958,gen
2432,4,128,0.00041555160319808513,gen
2433,4,129,0.00036568541081431495,gen
2434,4,130,0.0005152839879656256,gen
2435,4,131,0.0005651501803493958,gen
2436,4,132,0.00044879573145393197,gen
2437,4,133,0.0005485281162214724,gen
2438,4,134,0.00041555160319808513,gen
2439,4,135,0.00039892953907016173,gen
2440,4,136,0.0004321736673260085,gen
2441,4,137,0.00048203985970977876,gen
2442,4,138,0.00048203985970977876,gen
2443,4,139,0.0005983943086052426,gen
2444,4,140,0.0005651501803493958,gen
2445,4,141,0.0005319060520935489,gen
2446,4,142,0.0005817722444773192,gen
2447,4,143,0.0005983943086052426,gen
2448,4,144,0.0005485281162214724,gen
2449,4,145,0.0007147487575007064,gen
2450,4,146,0.00036568541081431495,gen
2451,4,147,0.00038230747494223834,gen
2452,4,148,0.000615016372733166,gen
2453,4,149,0.00041555160319808513,gen
2454,4,150,0.0005485281162214724,gen
2455,4,151,0.00046541779558185537,gen
2456,4,152,0.00048203985970977876,gen
2457,4,153,0.00039892953907016173,gen
2458,4,154,0.0005152839879656256,gen
2459,4,155,0.00039892953907016173,gen
2460,4,156,0.0005651501803493958,gen
2461,4,157,0.00048203985970977876,gen
2462,4,158,0.000615016372733166,gen
2463,4,159,0.00048203985970977876,gen
2464,4,160,0.00039892953907016173,gen
2465,4,161,0.00044879573145393197,gen
2466,4,162,0.00041555160319808513,gen
2467,4,163,0.0004321736673260085,gen
2468,4,164,0.0004321736673260085,gen
2469,4,165,0.0005651501803493958,gen
2470,4,166,0.00026595302604677447,gen
2471,4,167,0.00048203985970977876,gen
2472,4,168,0.00041555160319808513,gen
2473,4,169,0.0006648825651169362,gen
2474,4,170,0.00046541779558185537,gen
2475,4,171,0.0005152839879656256,gen
2476,4,172,0.00046541779558185537,gen
2477,4,173,0.0005485281162214724,gen
2478,4,174,0.00046541779558185537,gen
2479,4,175,0.00036568541081431495,gen
2480,4,176,0.0005319060520935489,gen
2481,4,177,0.00046541779558185537,gen
2482,4,178,0.00038230747494223834,gen
2483,4,179,0.00039892953907016173,gen
2484,4,180,0.00038230747494223834,gen
2485,4,181,0.00048203985970977876,gen
2486,4,182,0.0003490633466863915,gen
2487,4,183,0.00036568541081431495,gen
2488,4,184,0.00036568541081431495,gen
2489,4,185,0.0002991971543026213,gen
2490,4,186,0.00036568541081431495,gen
2491,4,187,0.0003490633466863915,gen
2492,4,188,0.0003158192184305447,gen
2493,4,189,0.00048203985970977876,gen
2494,4,190,0.00044879573145393197,gen
2495,4,191,0.00038230747494223834,gen
2496,4,192,0.00046541779558185537,gen
2497,4,193,0.0004321736673260085,gen
2498,4,194,0.0005319060520935489,gen
2499,4,195,0.00046541779558185537,gen
2500,4,196,0.0003324412825584681,gen
2501,4,197,0.00048203985970977876,gen
2502,4,198,0.00039892953907016173,gen
2503,4,199,0.0005152839879656256,gen
2504,4,200,0.0003490633466863915,gen
2505,4,201,0.0005485281162214724,gen
2506,4,202,0.00041555160319808513,gen
2507,4,203,0.00046541779558185537,gen
2508,4,204,0.00044879573145393197,gen
2509,4,205,0.00041555160319808513,gen
2510,4,206,0.00036568541081431495,gen
2511,4,207,0.0003158192184305447,gen
2512,4,208,0.00041555160319808513,gen
2513,4,209,0.0004986619238377022,gen
2514,4,210,0.0004986619238377022,gen
2515,4,211,0.00023270889779092768,gen
2516,4,212,0.00039892953907016173,gen
2517,4,213,0.00046541779558185537,gen
2518,4,214,0.00038230747494223834,gen
2519,4,215,0.00044879573145393197,gen
2520,4,216,0.00039892953907016173,gen
2521,4,217,0.00044879573145393197,gen
2522,4,218,0.00044879573145393197,gen
2523,4,219,0.0002825750901746979,gen
2524,4,220,0.0003324412825584681,gen
2525,4,221,0.0003158192184305447,gen
2526,4,222,0.0003324412825584681,gen
2527,4,223,0.0004321736673260085,gen
2528,4,224,0.0004321736673260085,gen
2529,4,225,0.0003490633466863915,gen
2530,4,226,0.0003324412825584681,gen
2531,4,227,0.0002991971543026213,gen
2532,4,228,0.00038230747494223834,gen
2533,4,229,0.0002991971543026213,gen
2534,4,230,0.00046541779558185537,gen
2535,4,231,0.00039892953907016173,gen
2536,4,232,0.0003490633466863915,gen
2537,4,233,0.0004321736673260085,gen
2538,4,234,0.0004986619238377022,gen
2539,4,235,0.00039892953907016173,gen
2540,4,236,0.00039892953907016173,gen
2541,4,237,0.00039892953907016173,gen
2542,4,238,0.0002991971543026213,gen
2543,4,239,0.0003158192184305447,gen
2544,4,240,0.00019946476953508087,gen
2545,4,241,0.00026595302604677447,gen
2546,4,242,0.00038230747494223834,gen
2547,4,243,0.0003158192184305447,gen
2548,4,244,0.00048203985970977876,gen
2549,4,245,0.0004986619238377022,gen
2550,4,246,0.0003158192184305447,gen
2551,4,247,0.00041555160319808513,gen
2552,4,248,0.0003158192184305447,gen
2553,4,249,0.0005319060520935489,gen
2554,4,250,0.0002825750901746979,gen
2555,4,251,0.0002991971543026213,gen
2556,4,252,0.0003158192184305447,gen
2557,4,253,0.0002493309619188511,gen
2558,4,254,0.0003490633466863915,gen
2559,4,255,0.0003324412825584681,gen
2560,5,0,0.0008682565408659412,ref
2561,5,1,0.0008682565408659412,ref
2562,5,2,0.0009261403102570039,ref
2563,5,3,0.0010033186694450877,ref
2564,5,4,0.001138380798024234,ref
2565,5,5,0.0010033186694450877,ref
2566,5,6,0.000675310642895732,ref
2567,5,7,0.0011962645674152967,ref
2568,5,8,0.0010419078490391295,ref
2569,5,9,0.0009261403102570039,ref
2570,5,10,0.0010226132592421086,ref
2571,5,11,0.001138380798024234,ref
2572,5,12,0.0011576753878212549,ref
2573,5,13,0.0008296673612718994,ref
2574,5,14,0.001119086208227213,ref
2575,5,15,0.0009454349000540249,ref
2576,5,16,0.0008682565408659412,ref
2577,5,17,0.0009454349000540249,ref
2578,5,18,0.000906845720459983,ref
2579,5,19,0.0010419078490391295,ref
2580,5,20,0.0010997916184301922,ref
2581,5,21,0.0009647294898510458,ref
2582,5,22,0.0010612024388361504,ref
2583,5,23,0.0008875511306629621,ref
2584,5,24,0.0009647294898510458,ref
2585,5,25,0.0010033186694450877,ref
2586,5,26,0.000906845720459983,ref
2587,5,27,0.0010804970286331713,ref
2588,5,28,0.0010804970286331713,ref
2589,5,29,0.0009840240796480666,ref
2590,5,30,0.001119086208227213,ref
2591,5,31,0.0009840240796480666,ref
2592,5,32,0.0007138998224897738,ref
2593,5,33,0.001138380798024234,ref
2594,5,34,0.0010804970286331713,ref
2595,5,35,0.001119086208227213,ref
2596,5,36,0.0011962645674152967,ref
2597,5,37,0.0009840240796480666,ref
2598,5,38,0.0010033186694450877,ref
2599,5,39,0.0008103727714748784,ref
2600,5,40,0.0009647294898510458,ref
2601,5,41,0.0009454349000540249,ref
2602,5,42,0.0009647294898510458,ref
2603,5,43,0.0010612024388361504,ref
2604,5,44,0.0007524890020838157,ref
2605,5,45,0.0011769699776182758,ref
2606,5,46,0.0011769699776182758,ref
2607,5,47,0.0012348537470093387,ref
2608,5,48,0.0008682565408659412,ref
2609,5,49,0.0008682565408659412,ref
2610,5,50,0.0009454349000540249,ref
2611,5,51,0.0009840240796480666,ref
2612,5,52,0.000906845720459983,ref
2613,5,53,0.0009261403102570039,ref
2614,5,54,0.0010033186694450877,ref
2615,5,55,0.0012734429266033805,ref
2616,5,56,0.0009647294898510458,ref
2617,5,57,0.0009840240796480666,ref
2618,5,58,0.0009261403102570039,ref
2619,5,59,0.0010612024388361504,ref
2620,5,60,0.0008682565408659412,ref
2621,5,61,0.0007910781816778575,ref
2622,5,62,0.0007524890020838157,ref
2623,5,63,0.000675310642895732,ref
2624,5,64,0.0009647294898510458,ref
2625,5,65,0.0007717835918808366,ref
2626,5,66,0.0012541483368063596,ref
2627,5,67,0.0007910781816778575,ref
2628,5,68,0.0010997916184301922,ref
2629,5,69,0.0007331944122867948,ref
2630,5,70,0.0009261403102570039,ref
2631,5,71,0.0008682565408659412,ref
2632,5,72,0.0006946052326927529,ref
2633,5,73,0.0010612024388361504,ref
2634,5,74,0.0008103727714748784,ref
2635,5,75,0.0010804970286331713,ref
2636,5,76,0.0010612024388361504,ref
2637,5,77,0.0010612024388361504,ref
2638,5,78,0.0008296673612718994,ref
2639,5,79,0.0007331944122867948,ref
2640,5,80,0.0008489619510689203,ref
2641,5,81,0.0010804970286331713,ref
2642,5,82,0.0007524890020838157,ref
2643,5,83,0.0009261403102570039,ref
2644,5,84,0.0007524890020838157,ref
2645,5,85,0.0006560160530987111,ref
2646,5,86,0.000906845720459983,ref
2647,5,87,0.0007138998224897738,ref
2648,5,88,0.0007138998224897738,ref
2649,5,89,0.0005402485143165856,ref
2650,5,90,0.000675310642895732,ref
2651,5,91,0.0007717835918808366,ref
2652,5,92,0.0008103727714748784,ref
2653,5,93,0.0007524890020838157,ref
2654,5,94,0.0007138998224897738,ref
2655,5,95,0.0005595431041136065,ref
2656,5,96,0.0007717835918808366,ref
2657,5,97,0.0006560160530987111,ref
2658,5,98,0.0007717835918808366,ref
2659,5,99,0.0012348537470093387,ref
2660,5,100,0.0006367214633016902,ref
2661,5,101,0.0010033186694450877,ref
2662,5,102,0.0008103727714748784,ref
2663,5,103,0.0008296673612718994,ref
2664,5,104,0.0009261403102570039,ref
2665,5,105,0.0007138998224897738,ref
2666,5,106,0.0010612024388361504,ref
2667,5,107,0.0008489619510689203,ref
2668,5,108,0.0007331944122867948,ref
2669,5,109,0.0008103727714748784,ref
2670,5,110,0.0008489619510689203,ref
2671,5,111,0.0007910781816778575,ref
2672,5,112,0.0009454349000540249,ref
2673,5,113,0.0006946052326927529,ref
2674,5,114,0.0005595431041136065,ref
2675,5,115,0.0008296673612718994,ref
2676,5,116,0.0007910781816778575,ref
2677,5,117,0.0005981322837076483,ref
2678,5,118,0.0006946052326927529,ref
2679,5,119,0.0008103727714748784,ref
2680,5,120,0.0008489619510689203,ref
2681,5,121,0.0006560160530987111,ref
2682,5,122,0.0007138998224897738,ref
2683,5,123,0.0007910781816778575,ref
2684,5,124,0.0007910781816778575,ref
2685,5,125,0.0007331944122867948,ref
2686,5,126,0.0005788376939106274,ref
2687,5,127,0.0008875511306629621,ref
2688,5,128,0.0006560160530987111,ref
2689,5,129,0.0008103727714748784,ref
2690,5,130,0.0007138998224897738,ref
2691,5,131,0.0008103727714748784,ref
2692,5,132,0.0008489619510689203,ref
2693,5,133,0.0006946052326927529,ref
2694,5,134,0.0005981322837076483,ref
2695,5,135,0.0007138998224897738,ref
2696,5,136,0.0007331944122867948,ref
2697,5,137,0.0007331944122867948,ref
2698,5,138,0.0007910781816778575,ref
2699,5,139,0.0005788376939106274,ref
2700,5,140,0.0008489619510689203,ref
2701,5,141,0.0005788376939106274,ref
2702,5,142,0.0007524890020838157,ref
2703,5,143,0.000675310642895732,ref
2704,5,144,0.0008103727714748784,ref
2705,5,145,0.0005595431041136065,ref
2706,5,146,0.0006367214633016902,ref
2707,5,147,0.0005981322837076483,ref
2708,5,148,0.0006560160530987111,ref
2709,5,149,0.0006560160530987111,ref
2710,5,150,0.0008489619510689203,ref
2711,5,151,0.0005788376939106274,ref
2712,5,152,0.0007717835918808366,ref
2713,5,153,0.0007910781816778575,ref
2714,5,154,0.0006367214633016902,ref
2715,5,155,0.0006560160530987111,ref
2716,5,156,0.0005402485143165856,ref
2717,5,157,0.0005981322837076483,ref
2718,5,158,0.0006560160530987111,ref
2719,5,159,0.0005788376939106274,ref
2720,5,160,0.0005788376939106274,ref
2721,5,161,0.0006946052326927529,ref
2722,5,162,0.0006946052326927529,ref
2723,5,163,0.0004823647449255229,ref
2724,5,164,0.000675310642895732,ref
2725,5,165,0.0004823647449255229,ref
2726,5,166,0.0005981322837076483,ref
2727,5,167,0.0006946052326927529,ref
2728,5,168,0.0005595431041136065,ref
2729,5,169,0.0005788376939106274,ref
2730,5,170,0.00046307015512850195,ref
2731,5,171,0.00046307015512850195,ref
2732,5,172,0.0005595431041136065,ref
2733,5,173,0.0006367214633016902,ref
2734,5,174,0.0005595431041136065,ref
2735,5,175,0.0005016593347225438,ref
2736,5,176,0.0005595431041136065,ref
2737,5,177,0.0005981322837076483,ref
2738,5,178,0.0005016593347225438,ref
2739,5,179,0.0003665972061433974,ref
2740,5,180,0.0003858917959404183,ref
2741,5,181,0.0003858917959404183,ref
2742,5,182,0.00042448097553446015,ref
2743,5,183,0.00046307015512850195,ref
2744,5,184,0.00042448097553446015,ref
2745,5,185,0.00044377556533148105,ref
2746,5,186,0.00042448097553446015,ref
2747,5,187,0.00046307015512850195,ref
2748,5,188,0.0005016593347225438,ref
2749,5,189,0.0003665972061433974,ref
2750,5,190,0.00044377556533148105,ref
2751,5,191,0.0003665972061433974,ref
2752,5,192,0.0004051863857374392,ref
2753,5,193,0.0002894188469553137,ref
2754,5,194,0.00015435671837616733,ref
2755,5,195,0.00042448097553446015,ref
2756,5,196,0.00023153507756425097,ref
2757,5,197,0.0003665972061433974,ref
2758,5,198,0.0002508296673612719,ref
2759,5,199,0.0004051863857374392,ref
2760,5,200,0.00017365130817318823,ref
2761,5,201,0.0003665972061433974,ref
2762,5,202,0.00021224048776723008,ref
2763,5,203,0.0002701242571582928,ref
2764,5,204,0.0002508296673612719,ref
2765,5,205,0.0003665972061433974,ref
2766,5,206,0.00023153507756425097,ref
2767,5,207,0.00030871343675233467,ref
2768,5,208,0.00023153507756425097,ref
2769,5,209,0.00021224048776723008,ref
2770,5,210,0.00017365130817318823,ref
2771,5,211,0.0003858917959404183,ref
2772,5,212,0.00021224048776723008,ref
2773,5,213,0.0003665972061433974,ref
2774,5,214,0.00019294589797020915,ref
2775,5,215,0.00017365130817318823,ref
2776,5,216,0.00015435671837616733,ref
2777,5,217,0.00017365130817318823,ref
2778,5,218,0.00015435671837616733,ref
2779,5,219,0.00017365130817318823,ref
2780,5,220,9.647294898510458e-05,ref
2781,5,221,0.00019294589797020915,ref
2782,5,222,9.647294898510458e-05,ref
2783,5,223,3.858917959404183e-05,ref
2784,5,224,9.647294898510458e-05,ref
2785,5,225,0.00015435671837616733,ref
2786,5,226,0.00023153507756425097,ref
2787,5,227,0.00017365130817318823,ref
2788,5,228,0.00023153507756425097,ref
2789,5,229,0.0002508296673612719,ref
2790,5,230,0.00023153507756425097,ref
2791,5,231,0.0001350621285791464,ref
2792,5,232,0.0001350621285791464,ref
2793,5,233,0.00015435671837616733,ref
2794,5,234,0.00011576753878212549,ref
2795,5,235,0.00019294589797020915,ref
2796,5,236,7.717835918808367e-05,ref
2797,5,237,0.00015435671837616733,ref
2798,5,238,0.00017365130817318823,ref
2799,5,239,0.0001350621285791464,ref
2800,5,240,0.0001350621285791464,ref
2801,5,241,0.00011576753878212549,ref
2802,5,242,0.0001350621285791464,ref
2803,5,243,5.788376939106274e-05,ref
2804,5,244,9.647294898510458e-05,ref
2805,5,245,5.788376939106274e-05,ref
2806,5,246,0.00023153507756425097,ref
2807,5,247,0.00011576753878212549,ref
2808,5,248,7.717835918808367e-05,ref
2809,5,249,0.00011576753878212549,ref
2810,5,250,3.858917959404183e-05,ref
2811,5,251,5.788376939106274e-05,ref
2812,5,252,7.717835918808367e-05,ref
2813,5,253,7.717835918808367e-05,ref
2814,5,254,5.788376939106274e-05,ref
2815,5,255,7.717835918808367e-05,ref
2816,5,0,0.0009019208996181229,gen
2817,5,1,0.0009403005123678302,gen
2818,5,2,0.0006332636103701714,gen
2819,5,3,0.001189767995240928,gen
2820,5,4,0.0006716432231198787,gen
2821,5,5,0.0009786801251175376,gen
2822,5,6,0.0007292126422444397,gen
2823,5,7,0.0009019208996181229,gen
2824,5,8,0.0008443514804935618,gen
2825,5,9,0.0007484024486192934,gen
2826,5,10,0.0007484024486192934,gen
2827,5,11,0.0009211107059929765,gen
2828,5,12,0.0009211107059929765,gen
2829,5,13,0.001074629156991806,gen
2830,5,14,0.0007867820613690008,gen
2831,5,15,0.0006908330294947324,gen
2832,5,16,0.0006716432231198787,gen
2833,5,17,0.0009019208996181229,gen
2834,5,18,0.0007484024486192934,gen
2835,5,19,0.0007675922549941471,gen
2836,5,20,0.0009211107059929765,gen
2837,5,21,0.0007867820613690008,gen
2838,5,22,0.0006716432231198787,gen
2839,5,23,0.0006140738039953177,gen
2840,5,24,0.0008443514804935618,gen
2841,5,25,0.0007867820613690008,gen
2842,5,26,0.0007484024486192934,gen
2843,5,27,0.0008635412868684155,gen
2844,5,28,0.0006140738039953177,gen
2845,5,29,0.0008059718677438545,gen
2846,5,30,0.0008251616741187082,gen
2847,5,31,0.0006716432231198787,gen
2848,5,32,0.0006332636103701714,gen
2849,5,33,0.0008635412868684155,gen
2850,5,34,0.0006716432231198787,gen
2851,5,35,0.0007675922549941471,gen
2852,5,36,0.0007292126422444397,gen
2853,5,37,0.0008251616741187082,gen
2854,5,38,0.0005756941912456104,gen
2855,5,39,0.0006332636103701714,gen
2856,5,40,0.0008251616741187082,gen
2857,5,41,0.0009211107059929765,gen
2858,5,42,0.0006140738039953177,gen
2859,5,43,0.0007675922549941471,gen
2860,5,44,0.000594883997620464,gen
2861,5,45,0.0007292126422444397,gen
2862,5,46,0.0009211107059929765,gen
2863,5,47,0.0008827310932432692,gen
2864,5,48,0.0008059718677438545,gen
2865,5,49,0.0006524534167450251,gen
2866,5,50,0.000537314578495903,gen
2867,5,51,0.0007292126422444397,gen
2868,5,52,0.0006524534167450251,gen
2869,5,53,0.0007675922549941471,gen
2870,5,54,0.0007675922549941471,gen
2871,5,55,0.00046055535299648824,gen
2872,5,56,0.0006908330294947324,gen
2873,5,57,0.0004989349657461956,gen
2874,5,58,0.000537314578495903,gen
2875,5,59,0.000537314578495903,gen
2876,5,60,0.000594883997620464,gen
2877,5,61,0.0006140738039953177,gen
2878,5,62,0.0005181247721210493,gen
2879,5,63,0.0004797451593713419,gen
2880,5,64,0.0006140738039953177,gen
2881,5,65,0.0006140738039953177,gen
2882,5,66,0.000594883997620464,gen
2883,5,67,0.0008443514804935618,gen
2884,5,68,0.0005756941912456104,gen
2885,5,69,0.0007867820613690008,gen
2886,5,70,0.0006524534167450251,gen
2887,5,71,0.0007292126422444397,gen
2888,5,72,0.000594883997620464,gen
2889,5,73,0.0008827310932432692,gen
2890,5,74,0.0007867820613690008,gen
2891,5,75,0.0006524534167450251,gen
2892,5,76,0.0007675922549941471,gen
2893,5,77,0.000537314578495903,gen
2894,5,78,0.0006140738039953177,gen
2895,5,79,0.0004989349657461956,gen
2896,5,80,0.0005565043848707567,gen
2897,5,81,0.0006332636103701714,gen
2898,5,82,0.0007867820613690008,gen
2899,5,83,0.000594883997620464,gen
2900,5,84,0.0006140738039953177,gen
2901,5,85,0.0005756941912456104,gen
2902,5,86,0.0005565043848707567,gen
2903,5,87,0.0006908330294947324,gen
2904,5,88,0.0006716432231198787,gen
2905,5,89,0.0008827310932432692,gen
2906,5,90,0.0006332636103701714,gen
2907,5,91,0.0006332636103701714,gen
2908,5,92,0.000537314578495903,gen
2909,5,93,0.00046055535299648824,gen
2910,5,94,0.0007675922549941471,gen
2911,5,95,0.0006332636103701714,gen
2912,5,96,0.0007292126422444397,gen
2913,5,97,0.00046055535299648824,gen
2914,5,98,0.0005756941912456104,gen
2915,5,99,0.0007292126422444397,gen
2916,5,100,0.0007484024486192934,gen
2917,5,101,0.0006524534167450251,gen
2918,5,102,0.0005565043848707567,gen
2919,5,103,0.0004221757402467809,gen
2920,5,104,0.0004989349657461956,gen
2921,5,105,0.0006140738039953177,gen
2922,5,106,0.0006332636103701714,gen
2923,5,107,0.0006332636103701714,gen
2924,5,108,0.000594883997620464,gen
2925,5,109,0.0005756941912456104,gen
2926,5,110,0.0005565043848707567,gen
2927,5,111,0.0009594903187426838,gen
2928,5,112,0.000710022835869586,gen
2929,5,113,0.000594883997620464,gen
2930,5,114,0.0006716432231198787,gen
2931,5,115,0.0006332636103701714,gen
2932,5,116,0.0006524534167450251,gen
2933,5,117,0.0005181247721210493,gen
2934,5,118,0.0004989349657461956,gen
2935,5,119,0.0004221757402467809,gen
2936,5,120,0.0006140738039953177,gen
2937,5,121,0.0006332636103701714,gen
2938,5,122,0.0004989349657461956,gen
2939,5,123,0.0005565043848707567,gen
2940,5,124,0.0005181247721210493,gen
2941,5,125,0.0006332636103701714,gen
2942,5,126,0.0005565043848707567,gen
2943,5,127,0.0004221757402467809,gen
2944,5,128,0.0005756941912456104,gen
2945,5,129,0.0006524534167450251,gen
2946,5,130,0.0007867820613690008,gen
2947,5,131,0.00046055535299648824,gen
2948,5,132,0.0004413655466216346,gen
2949,5,133,0.0004221757402467809,gen
2950,5,134,0.0004413655466216346,gen
2951,5,135,0.000594883997620464,gen
2952,5,136,0.00046055535299648824,gen
2953,5,137,0.0005565043848707567,gen
2954,5,138,0.0004797451593713419,gen
2955,5,139,0.0004989349657461956,gen
2956,5,140,0.0008443514804935618,gen
2957,5,141,0.0006140738039953177,gen
2958,5,142,0.0006908330294947324,gen
2959,5,143,0.0004989349657461956,gen
2960,5,144,0.0005181247721210493,gen
2961,5,145,0.0007292126422444397,gen
2962,5,146,0.00038379612749707355,gen
2963,5,147,0.0006908330294947324,gen
2964,5,148,0.000537314578495903,gen
2965,5,149,0.0004413655466216346,gen
2966,5,150,0.00040298593387192724,gen
2967,5,151,0.0006332636103701714,gen
2968,5,152,0.0004221757402467809,gen
2969,5,153,0.0006908330294947324,gen
2970,5,154,0.000594883997620464,gen
2971,5,155,0.000594883997620464,gen
2972,5,156,0.0005565043848707567,gen
2973,5,157,0.000594883997620464,gen
2974,5,158,0.00036460632112221986,gen
2975,5,159,0.0006524534167450251,gen
2976,5,160,0.0003454165147473662,gen
2977,5,161,0.0005565043848707567,gen
2978,5,162,0.000537314578495903,gen
2979,5,163,0.0004797451593713419,gen
2980,5,164,0.00030703690199765886,gen
2981,5,165,0.0004221757402467809,gen
2982,5,166,0.0004221757402467809,gen
2983,5,167,0.0007292126422444397,gen
2984,5,168,0.0006140738039953177,gen
2985,5,169,0.0005756941912456104,gen
2986,5,170,0.0004221757402467809,gen
2987,5,171,0.00040298593387192724,gen
2988,5,172,0.0004797451593713419,gen
2989,5,173,0.00046055535299648824,gen
2990,5,174,0.0004989349657461956,gen
2991,5,175,0.0004221757402467809,gen
2992,5,176,0.000594883997620464,gen
2993,5,177,0.0003454165147473662,gen
2994,5,178,0.0004797451593713419,gen
2995,5,179,0.00046055535299648824,gen
2996,5,180,0.00046055535299648824,gen
2997,5,181,0.000537314578495903,gen
2998,5,182,0.000594883997620464,gen
2999,5,183,0.00046055535299648824,gen
3000,5,184,0.00040298593387192724,gen
3001,5,185,0.0004989349657461956,gen
3002,5,186,0.0004221757402467809,gen
3003,5,187,0.00040298593387192724,gen
3004,5,188,0.000594883997620464,gen
3005,5,189,0.0004989349657461956,gen
3006,5,190,0.00040298593387192724,gen
3007,5,191,0.0004413655466216346,gen
3008,5,192,0.0005181247721210493,gen
3009,5,193,0.0002686572892479515,gen
3010,5,194,0.0004221757402467809,gen
3011,5,195,0.0004989349657461956,gen
3012,5,196,0.00046055535299648824,gen
3013,5,197,0.0004797451593713419,gen
3014,5,198,0.0005181247721210493,gen
3015,5,199,0.0004221757402467809,gen
3016,5,200,0.0005181247721210493,gen
3017,5,201,0.0004797451593713419,gen
3018,5,202,0.0005181247721210493,gen
3019,5,203,0.000537314578495903,gen
3020,5,204,0.0004413655466216346,gen
3021,5,205,0.0006332636103701714,gen
3022,5,206,0.0004413655466216346,gen
3023,5,207,0.0004797451593713419,gen
3024,5,208,0.0004989349657461956,gen
3025,5,209,0.0004221757402467809,gen
3026,5,210,0.0006332636103701714,gen
3027,5,211,0.00030703690199765886,gen
3028,5,212,0.0005181247721210493,gen
3029,5,213,0.00021108787012339046,gen
3030,5,214,0.00040298593387192724,gen
3031,5,215,0.00030703690199765886,gen
3032,5,216,0.00038379612749707355,gen
3033,5,217,0.00032622670837251255,gen
3034,5,218,0.00030703690199765886,gen
3035,5,219,0.0004413655466216346,gen
3036,5,220,0.0004797451593713419,gen
3037,5,221,0.00040298593387192724,gen
3038,5,222,0.00040298593387192724,gen
3039,5,223,0.0004413655466216346,gen
3040,5,224,0.0004221757402467809,gen
3041,5,225,0.00046055535299648824,gen
3042,5,226,0.00032622670837251255,gen
3043,5,227,0.00030703690199765886,gen
3044,5,228,0.0002494674828730978,gen
3045,5,229,0.0002686572892479515,gen
3046,5,230,0.00040298593387192724,gen
3047,5,231,0.00032622670837251255,gen
3048,5,232,0.00036460632112221986,gen
3049,5,233,0.0002878470956228052,gen
3050,5,234,0.00030703690199765886,gen
3051,5,235,0.00040298593387192724,gen
3052,5,236,0.00032622670837251255,gen
3053,5,237,0.0002686572892479515,gen
3054,5,238,0.00046055535299648824,gen
3055,5,239,0.0003454165147473662,gen
3056,5,240,0.00023027767649824412,gen
3057,5,241,0.00032622670837251255,gen
3058,5,242,0.0002686572892479515,gen
3059,5,243,0.00030703690199765886,gen
3060,5,244,0.00019189806374853678,gen
3061,5,245,0.00038379612749707355,gen
3062,5,246,0.0004221757402467809,gen
3063,5,247,0.00030703690199765886,gen
3064,5,248,0.00036460632112221986,gen
3065,5,249,0.00046055535299648824,gen
3066,5,250,0.00030703690199765886,gen
3067,5,251,0.00036460632112221986,gen
3068,5,252,0.00013432864462397575,gen
3069,5,253,0.0003454165147473662,gen
3070,5,254,0.0004221757402467809,gen
3071,5,255,0.0004797451593713419,gen
3072,6,0,0.000903440863564853,ref
3073,6,1,0.0010747830963099114,ref
3074,6,2,0.0008800760136450723,ref
3075,6,3,0.0009501705634044144,ref
3076,6,4,0.0009190174301780402,ref
3077,6,5,0.0009891119799373823,ref
3078,6,6,0.0009735354133241951,ref
3079,6,7,0.0009190174301780402,ref
3080,6,8,0.0009345939967912273,ref
3081,6,9,0.0010669948130033178,ref
3082,6,10,0.0008800760136450723,ref
3083,6,11,0.0010124768298571628,ref
3084,6,12,0.0009813236966307887,ref
3085,6,13,0.0010903596629230985,ref
3086,6,14,0.0008722877303384788,ref
3087,6,15,0.0011059362295362857,ref
3088,6,16,0.0010124768298571628,ref
3089,6,17,0.0008800760136450723,ref
3090,6,18,0.0009190174301780402,ref
3091,6,19,0.0010358416797769435,ref
3092,6,20,0.0009891119799373823,ref
3093,6,21,0.0010592065296967242,ref
3094,6,22,0.0009345939967912273,ref
3095,6,23,0.0010592065296967242,ref
3096,6,24,0.0008644994470318853,ref
3097,6,25,0.000903440863564853,ref
3098,6,26,0.0008644994470318853,ref
3099,6,27,0.0008255580304989174,ref
3100,6,28,0.0007554634807395754,ref
3101,6,29,0.0009579588467110079,ref
3102,6,30,0.0008099814638857303,ref
3103,6,31,0.0009112291468714466,ref
3104,6,32,0.0009268057134846337,ref
3105,6,33,0.0008644994470318853,ref
3106,6,34,0.0007944048972725432,ref
3107,6,35,0.0008567111637252917,ref
3108,6,36,0.0007710400473527625,ref
3109,6,37,0.000833346313805511,ref
3110,6,38,0.0009112291468714466,ref
3111,6,39,0.0009112291468714466,ref
3112,6,40,0.0008489228804186981,ref
3113,6,41,0.0008722877303384788,ref
3114,6,42,0.0007243103475132011,ref
3115,6,43,0.0009501705634044144,ref
3116,6,44,0.000833346313805511,ref
3117,6,45,0.0008255580304989174,ref
3118,6,46,0.000833346313805511,ref
3119,6,47,0.0008489228804186981,ref
3120,6,48,0.0008722877303384788,ref
3121,6,49,0.0008177697471923238,ref
3122,6,50,0.0008956525802582594,ref
3123,6,51,0.0008489228804186981,ref
3124,6,52,0.0008956525802582594,ref
3125,6,53,0.0007866166139659497,ref
3126,6,54,0.0008177697471923238,ref
3127,6,55,0.0007944048972725432,ref
3128,6,56,0.0008099814638857303,ref
3129,6,57,0.0008644994470318853,ref
3130,6,58,0.0006697923643670462,ref
3131,6,59,0.0008956525802582594,ref
3132,6,60,0.0008644994470318853,ref
3133,6,61,0.0010046885465505692,ref
3134,6,62,0.0008644994470318853,ref
3135,6,63,0.0008878642969516659,ref
3136,6,64,0.0008099814638857303,ref
3137,6,65,0.0006853689309802333,ref
3138,6,66,0.0007320986308197947,ref
3139,6,67,0.0007710400473527625,ref
3140,6,68,0.0007944048972725432,ref
3141,6,69,0.0008800760136450723,ref
3142,6,70,0.0008722877303384788,ref
3143,6,71,0.0008489228804186981,ref
3144,6,72,0.0007632517640461689,ref
3145,6,73,0.0006775806476736398,ref
3146,6,74,0.0006697923643670462,ref
3147,6,75,0.0006775806476736398,ref
3148,6,76,0.0005996978146077042,ref
3149,6,77,0.000708733780900014,ref
3150,6,78,0.0007243103475132011,ref
3151,6,79,0.0007554634807395754,ref
3152,6,80,0.0006464275144472656,ref
3153,6,81,0.0006853689309802333,ref
3154,6,82,0.0006308509478340784,ref
3155,6,83,0.0007866166139659497,ref
3156,6,84,0.0007554634807395754,ref
3157,6,85,0.0005996978146077042,ref
3158,6,86,0.0008489228804186981,ref
3159,6,87,0.0006464275144472656,ref
3160,6,88,0.0007710400473527625,ref
3161,6,89,0.0008021931805791367,ref
3162,6,90,0.000638639231140672,ref
3163,6,91,0.0008177697471923238,ref
3164,6,92,0.00056854468138133,ref
3165,6,93,0.0005062384149285814,ref
3166,6,94,0.0006308509478340784,ref
3167,6,95,0.0007398869141263882,ref
3168,6,96,0.0007476751974329818,ref
3169,6,97,0.0007009454975934205,ref
3170,6,98,0.0006230626645274849,ref
3171,6,99,0.001168242495989034,ref
3172,6,100,0.0005529681147681428,ref
3173,6,101,0.0010124768298571628,ref
3174,6,102,0.0006620040810604526,ref
3175,6,103,0.000833346313805511,ref
3176,6,104,0.0007710400473527625,ref
3177,6,105,0.0007009454975934205,ref
3178,6,106,0.0007009454975934205,ref
3179,6,107,0.0008489228804186981,ref
3180,6,108,0.0007398869141263882,ref
3181,6,109,0.0007398869141263882,ref
3182,6,110,0.0007944048972725432,ref
3183,6,111,0.0007944048972725432,ref
3184,6,112,0.0006697923643670462,ref
3185,6,113,0.0008021931805791367,ref
3186,6,114,0.0007009454975934205,ref
3187,6,115,0.0008255580304989174,ref
3188,6,116,0.0007632517640461689,ref
3189,6,117,0.0007243103475132011,ref
3190,6,118,0.0008878642969516659,ref
3191,6,119,0.0007398869141263882,ref
3192,6,120,0.0007866166139659497,ref
3193,6,121,0.0006697923643670462,ref
3194,6,122,0.0006931572142868269,ref
3195,6,123,0.0006308509478340784,ref
3196,6,124,0.0006308509478340784,ref
3197,6,125,0.0006775806476736398,ref
3198,6,126,0.0007710400473527625,ref
3199,6,127,0.0006853689309802333,ref
3200,6,128,0.0007554634807395754,ref
3201,6,129,0.0007398869141263882,ref
3202,6,130,0.0007165220642066076,ref
3203,6,131,0.0006230626645274849,ref
3204,6,132,0.0007944048972725432,ref
3205,6,133,0.0007944048972725432,ref
3206,6,134,0.000638639231140672,ref
3207,6,135,0.0006620040810604526,ref
3208,6,136,0.0008021931805791367,ref
3209,6,137,0.0006775806476736398,ref
3210,6,138,0.0007554634807395754,ref
3211,6,139,0.0007398869141263882,ref
3212,6,140,0.0006853689309802333,ref
3213,6,141,0.0007944048972725432,ref
3214,6,142,0.0008177697471923238,ref
3215,6,143,0.0007009454975934205,ref
3216,6,144,0.0007165220642066076,ref
3217,6,145,0.0007320986308197947,ref
3218,6,146,0.000654215797753859,ref
3219,6,147,0.0006308509478340784,ref
3220,6,148,0.0007788283306593561,ref
3221,6,149,0.0006931572142868269,ref
3222,6,150,0.0006308509478340784,ref
3223,6,151,0.0006853689309802333,ref
3224,6,152,0.0005607563980747364,ref
3225,6,153,0.0007009454975934205,ref
3226,6,154,0.0008021931805791367,ref
3227,6,155,0.000833346313805511,ref
3228,6,156,0.0007944048972725432,ref
3229,6,157,0.0007165220642066076,ref
3230,6,158,0.0007788283306593561,ref
3231,6,159,0.0007632517640461689,ref
3232,6,160,0.0006620040810604526,ref
3233,6,161,0.0006152743812208913,ref
3234,6,162,0.0007710400473527625,ref
3235,6,163,0.0006620040810604526,ref
3236,6,164,0.0006931572142868269,ref
3237,6,165,0.0006230626645274849,ref
3238,6,166,0.0006931572142868269,ref
3239,6,167,0.000584121247994517,ref
3240,6,168,0.0008411345971121046,ref
3241,6,169,0.0008255580304989174,ref
3242,6,170,0.0007866166139659497,ref
3243,6,171,0.000654215797753859,ref
3244,6,172,0.0007710400473527625,ref
3245,6,173,0.000708733780900014,ref
3246,6,174,0.0006697923643670462,ref
3247,6,175,0.000708733780900014,ref
3248,6,176,0.0007009454975934205,ref
3249,6,177,0.0006074860979142977,ref
3250,6,178,0.0007165220642066076,ref
3251,6,179,0.0007009454975934205,ref
3252,6,180,0.0006230626645274849,ref
3253,6,181,0.0006775806476736398,ref
3254,6,182,0.0005529681147681428,ref
3255,6,183,0.0005373915481549557,ref
3256,6,184,0.0005451798314615493,ref
3257,6,185,0.0005062384149285814,ref
3258,6,186,0.000638639231140672,ref
3259,6,187,0.0005996978146077042,ref
3260,6,188,0.0006152743812208913,ref
3261,6,189,0.0005296032648483621,ref
3262,6,190,0.0005607563980747364,ref
3263,6,191,0.00056854468138133,ref
3264,6,192,0.0006308509478340784,ref
3265,6,193,0.00056854468138133,ref
3266,6,194,0.0005607563980747364,ref
3267,6,195,0.0005763329646879234,ref
3268,6,196,0.00048287356500880074,ref
3269,6,197,0.0005529681147681428,ref
3270,6,198,0.0005607563980747364,ref
3271,6,199,0.0005373915481549557,ref
3272,6,200,0.0005062384149285814,ref
3273,6,201,0.0004595087150890201,ref
3274,6,202,0.000514026698235175,ref
3275,6,203,0.0005062384149285814,ref
3276,6,204,0.0005373915481549557,ref
3277,6,205,0.0004517204317824265,ref
3278,6,206,0.0004595087150890201,ref
3279,6,207,0.0005296032648483621,ref
3280,6,208,0.00046729699839561365,ref
3281,6,209,0.00038162588202308447,ref
3282,6,210,0.0004906618483153944,ref
3283,6,211,0.00048287356500880074,ref
3284,6,212,0.000514026698235175,ref
3285,6,213,0.00048287356500880074,ref
3286,6,214,0.0003972024486362716,ref
3287,6,215,0.0004361438651692394,ref
3288,6,216,0.00038162588202308447,ref
3289,6,217,0.00044393214847583294,ref
3290,6,218,0.0003972024486362716,ref
3291,6,219,0.0003582610321033038,ref
3292,6,220,0.00038941416532967804,ref
3293,6,221,0.00038941416532967804,ref
3294,6,222,0.00038162588202308447,ref
3295,6,223,0.0003972024486362716,ref
3296,6,224,0.0004205672985560523,ref
3297,6,225,0.00036604931540989733,ref
3298,6,226,0.00034268446549011667,ref
3299,6,227,0.0004205672985560523,ref
3300,6,228,0.0004205672985560523,ref
3301,6,229,0.00035047274879671024,ref
3302,6,230,0.00042835558186264585,ref
3303,6,231,0.0003348961821835231,ref
3304,6,232,0.00034268446549011667,ref
3305,6,233,0.0002881664823439617,ref
3306,6,234,0.0002959547656505553,ref
3307,6,235,0.0002959547656505553,ref
3308,6,236,0.0002570133491175875,ref
3309,6,237,0.0003738375987164909,ref
3310,6,238,0.0002180719325846197,ref
3311,6,239,0.00035047274879671024,ref
3312,6,240,0.00034268446549011667,ref
3313,6,241,0.00030374304895714886,ref
3314,6,242,0.00026480163242418106,ref
3315,6,243,0.0004127790152494587,ref
3316,6,244,0.00034268446549011667,ref
3317,6,245,0.0004595087150890201,ref
3318,6,246,0.0002803781990373682,ref
3319,6,247,0.00031153133226374244,ref
3320,6,248,0.00027258991573077463,ref
3321,6,249,0.00030374304895714886,ref
3322,6,250,0.00021028364927802614,ref
3323,6,251,0.00021028364927802614,ref
3324,6,252,9.345939967912273e-05,ref
3325,6,253,0.0001401890995186841,ref
3326,6,254,0.00013240081621209053,ref
3327,6,255,0.0001791305160516519,ref
3328,6,0,0.0009606748154801422,gen
3329,6,1,0.0007497949779357207,gen
3330,6,2,0.0008513297145311829,gen
3331,6,3,0.0006795016987542468,gen
3332,6,4,0.0008122778927636974,gen
3333,6,5,0.0007576053422892178,gen
3334,6,6,0.0008044675284102004,gen
3335,6,7,0.000695122427461241,gen
3336,6,8,0.0005857773265122818,gen
3337,6,9,0.0006560706056937556,gen
3338,6,10,0.0006092084195727731,gen
3339,6,11,0.0006482602413402585,gen
3340,6,12,0.0006560706056937556,gen
3341,6,13,0.0006795016987542468,gen
3342,6,14,0.0005701565978052876,gen
3343,6,15,0.0006248291482797673,gen
3344,6,16,0.0006092084195727731,gen
3345,6,17,0.0006170187839262701,gen
3346,6,18,0.0006560706056937556,gen
3347,6,19,0.0007185535205217323,gen
3348,6,20,0.0007185535205217323,gen
3349,6,21,0.0005779669621587847,gen
3350,6,22,0.000515484047330808,gen
3351,6,23,0.0006326395126332643,gen
3352,6,24,0.000695122427461241,gen
3353,6,25,0.0006795016987542468,gen
3354,6,26,0.0007185535205217323,gen
3355,6,27,0.0005935876908657789,gen
3356,6,28,0.0007029327918147382,gen
3357,6,29,0.000523294411684305,gen
3358,6,30,0.0007029327918147382,gen
3359,6,31,0.0006482602413402585,gen
3360,6,32,0.0005857773265122818,gen
3361,6,33,0.0007185535205217323,gen
3362,6,34,0.0006326395126332643,gen
3363,6,35,0.0006638809700472527,gen
3364,6,36,0.0007263638848752295,gen
3365,6,37,0.0006482602413402585,gen
3366,6,38,0.0007029327918147382,gen
3367,6,39,0.0006638809700472527,gen
3368,6,40,0.0005857773265122818,gen
3369,6,41,0.0004998633186238138,gen
3370,6,42,0.0006013980552192759,gen
3371,6,43,0.0006482602413402585,gen
3372,6,44,0.000773226070996212,gen
3373,6,45,0.0006013980552192759,gen
3374,6,46,0.000695122427461241,gen
3375,6,47,0.0006404498769867614,gen
3376,6,48,0.0004842425899168196,gen
3377,6,49,0.0006013980552192759,gen
3378,6,50,0.0006013980552192759,gen
3379,6,51,0.0006013980552192759,gen
3380,6,52,0.000523294411684305,gen
3381,6,53,0.0004998633186238138,gen
3382,6,54,0.0007810364353497091,gen
3383,6,55,0.000523294411684305,gen
3384,6,56,0.0005623462334517905,gen
3385,6,57,0.0006795016987542468,gen
3386,6,58,0.0005857773265122818,gen
3387,6,59,0.0005701565978052876,gen
3388,6,60,0.0004998633186238138,gen
3389,6,61,0.0005545358690982934,gen
3390,6,62,0.000687312063107744,gen
3391,6,63,0.00044519076814933416,gen
3392,6,64,0.0005389151403912992,gen
3393,6,65,0.0005389151403912992,gen
3394,6,66,0.0007341742492287265,gen
3395,6,67,0.000523294411684305,gen
3396,6,68,0.0006482602413402585,gen
3397,6,69,0.0006716913344007498,gen
3398,6,70,0.0006326395126332643,gen
3399,6,71,0.0005467255047447964,gen
3400,6,72,0.0005545358690982934,gen
3401,6,73,0.0005935876908657789,gen
3402,6,74,0.0004920529542703167,gen
3403,6,75,0.0006013980552192759,gen
3404,6,76,0.0006013980552192759,gen
3405,6,77,0.0006560706056937556,gen
3406,6,78,0.000523294411684305,gen
3407,6,79,0.0004920529542703167,gen
3408,6,80,0.0006170187839262701,gen
3409,6,81,0.0005857773265122818,gen
3410,6,82,0.0006638809700472527,gen
3411,6,83,0.0006482602413402585,gen
3412,6,84,0.0005623462334517905,gen
3413,6,85,0.0005701565978052876,gen
3414,6,86,0.0006170187839262701,gen
3415,6,87,0.0005389151403912992,gen
3416,6,88,0.0004842425899168196,gen
3417,6,89,0.0006482602413402585,gen
3418,6,90,0.0007810364353497091,gen
3419,6,91,0.0005389151403912992,gen
3420,6,92,0.0006795016987542468,gen
3421,6,93,0.0006326395126332643,gen
3422,6,94,0.0004764322255633225,gen
3423,6,95,0.0005311047760378022,gen
3424,6,96,0.0006092084195727731,gen
3425,6,97,0.0005779669621587847,gen
3426,6,98,0.0006795016987542468,gen
3427,6,99,0.0005857773265122818,gen
3428,6,100,0.0005467255047447964,gen
3429,6,101,0.0005389151403912992,gen
3430,6,102,0.0005623462334517905,gen
3431,6,103,0.0005389151403912992,gen
3432,6,104,0.0005389151403912992,gen
3433,6,105,0.0005076736829773109,gen
3434,6,106,0.0006795016987542468,gen
3435,6,107,0.0005076736829773109,gen
3436,6,108,0.0005623462334517905,gen
3437,6,109,0.0004764322255633225,gen
3438,6,110,0.000523294411684305,gen
3439,6,111,0.0005623462334517905,gen
3440,6,112,0.000515484047330808,gen
3441,6,113,0.0005935876908657789,gen
3442,6,114,0.0005389151403912992,gen
3443,6,115,0.00043738040379583706,gen
3444,6,116,0.0005545358690982934,gen
3445,6,117,0.0005076736829773109,gen
3446,6,118,0.00046081149685632837,gen
3447,6,119,0.0006560706056937556,gen
3448,6,120,0.000515484047330808,gen
3449,6,121,0.0005623462334517905,gen
3450,6,122,0.0004686218612098254,gen
3451,6,123,0.0004842425899168196,gen
3452,6,124,0.0004842425899168196,gen
3453,6,125,0.0006092084195727731,gen
3454,6,126,0.0005311047760378022,gen
3455,6,127,0.0004764322255633225,gen
3456,6,128,0.0006092084195727731,gen
3457,6,129,0.0004764322255633225,gen
3458,6,130,0.0005389151403912992,gen
3459,6,131,0.0005545358690982934,gen
3460,6,132,0.0005076736829773109,gen
3461,6,133,0.0005545358690982934,gen
3462,6,134,0.0005389151403912992,gen
3463,6,135,0.0004920529542703167,gen
3464,6,136,0.0004764322255633225,gen
3465,6,137,0.0005857773265122818,gen
3466,6,138,0.0006716913344007498,gen
3467,6,139,0.0005311047760378022,gen
3468,6,140,0.0007341742492287265,gen
3469,6,141,0.0004764322255633225,gen
3470,6,142,0.00046081149685632837,gen
3471,6,143,0.00045300113250283127,gen
3472,6,144,0.0004764322255633225,gen
3473,6,145,0.0006092084195727731,gen
3474,6,146,0.00046081149685632837,gen
3475,6,147,0.00046081149685632837,gen
3476,6,148,0.0004842425899168196,gen
3477,6,149,0.00039051821767485456,gen
3478,6,150,0.0005545358690982934,gen
3479,6,151,0.0004217596750888429,gen
3480,6,152,0.0005389151403912992,gen
3481,6,153,0.0005935876908657789,gen
3482,6,154,0.00044519076814933416,gen
3483,6,155,0.00042957003944233996,gen
3484,6,156,0.0005311047760378022,gen
3485,6,157,0.0004842425899168196,gen
3486,6,158,0.0006248291482797673,gen
3487,6,159,0.00046081149685632837,gen
3488,6,160,0.0005389151403912992,gen
3489,6,161,0.000523294411684305,gen
3490,6,162,0.0004842425899168196,gen
3491,6,163,0.0004139493107353458,gen
3492,6,164,0.0005467255047447964,gen
3493,6,165,0.0004764322255633225,gen
3494,6,166,0.0004686218612098254,gen
3495,6,167,0.0004686218612098254,gen
3496,6,168,0.0004061389463818487,gen
3497,6,169,0.0004139493107353458,gen
3498,6,170,0.0005467255047447964,gen
3499,6,171,0.0004139493107353458,gen
3500,6,172,0.0005076736829773109,gen
3501,6,173,0.0004217596750888429,gen
3502,6,174,0.00039051821767485456,gen
3503,6,175,0.0005779669621587847,gen
3504,6,176,0.00039051821767485456,gen
3505,6,177,0.0004998633186238138,gen
3506,6,178,0.0004686218612098254,gen
3507,6,179,0.0005076736829773109,gen
3508,6,180,0.0004920529542703167,gen
3509,6,181,0.00042957003944233996,gen
3510,6,182,0.0004686218612098254,gen
3511,6,183,0.0005701565978052876,gen
3512,6,184,0.0004061389463818487,gen
3513,6,185,0.0004686218612098254,gen
3514,6,186,0.0004842425899168196,gen
3515,6,187,0.00043738040379583706,gen
3516,6,188,0.0004764322255633225,gen
3517,6,189,0.0003983285820283516,gen
3518,6,190,0.00043738040379583706,gen
3519,6,191,0.00039051821767485456,gen
3520,6,192,0.0004217596750888429,gen
3521,6,193,0.00044519076814933416,gen
3522,6,194,0.00044519076814933416,gen
3523,6,195,0.00043738040379583706,gen
3524,6,196,0.0004686218612098254,gen
3525,6,197,0.0004686218612098254,gen
3526,6,198,0.00045300113250283127,gen
3527,6,199,0.0004217596750888429,gen
3528,6,200,0.0004842425899168196,gen
3529,6,201,0.0004139493107353458,gen
3530,6,202,0.0004686218612098254,gen
3531,6,203,0.00046081149685632837,gen
3532,6,204,0.00044519076814933416,gen
3533,6,205,0.00035927676026086615,gen
3534,6,206,0.00038270785332135746,gen
3535,6,207,0.00045300113250283127,gen
3536,6,208,0.0004998633186238138,gen
3537,6,209,0.00044519076814933416,gen
3538,6,210,0.00044519076814933416,gen
3539,6,211,0.00037489748896786035,gen
3540,6,212,0.0004139493107353458,gen
3541,6,213,0.0004686218612098254,gen
3542,6,214,0.0004061389463818487,gen
3543,6,215,0.0005076736829773109,gen
3544,6,216,0.00038270785332135746,gen
3545,6,217,0.0003514663959073691,gen
3546,6,218,0.00042957003944233996,gen
3547,6,219,0.00036708712461436325,gen
3548,6,220,0.00043738040379583706,gen
3549,6,221,0.00028898348107939234,gen
3550,6,222,0.0003280353028468778,gen
3551,6,223,0.0004842425899168196,gen
3552,6,224,0.00046081149685632837,gen
3553,6,225,0.00045300113250283127,gen
3554,6,226,0.00030460420978638654,gen
3555,6,227,0.00036708712461436325,gen
3556,6,228,0.0004217596750888429,gen
3557,6,229,0.0003514663959073691,gen
3558,6,230,0.00035927676026086615,gen
3559,6,231,0.0003514663959073691,gen
3560,6,232,0.00036708712461436325,gen
3561,6,233,0.0004139493107353458,gen
3562,6,234,0.0003358456672003749,gen
3563,6,235,0.00039051821767485456,gen
3564,6,236,0.000343656031553872,gen
3565,6,237,0.00036708712461436325,gen
3566,6,238,0.00031241457413988365,gen
3567,6,239,0.0004061389463818487,gen
3568,6,240,0.0003514663959073691,gen
3569,6,241,0.00042957003944233996,gen
3570,6,242,0.0002421212949584098,gen
3571,6,243,0.00037489748896786035,gen
3572,6,244,0.0003514663959073691,gen
3573,6,245,0.00043738040379583706,gen
3574,6,246,0.0003358456672003749,gen
3575,6,247,0.0003983285820283516,gen
3576,6,248,0.00028898348107939234,gen
3577,6,249,0.00043738040379583706,gen
3578,6,250,0.0003280353028468778,gen
3579,6,251,0.000257742023665404,gen
3580,6,252,0.0003280353028468778,gen
3581,6,253,0.000343656031553872,gen
3582,6,254,0.0003983285820283516,gen
3583,6,255,0.000523294411684305,gen
3584,7,0,0.0008847549909255898,ref
3585,7,1,0.0006578947368421052,ref
3586,7,2,0.0011569872958257714,ref
3587,7,3,0.0009301270417422867,ref
3588,7,4,0.0010662431941923776,ref
3589,7,5,0.0009754990925589837,ref
3590,7,6,0.001088929219600726,ref
3591,7,7,0.001134301270417423,ref
3592,7,8,0.0011796733212341198,ref
3593,7,9,0.0008620689655172414,ref
3594,7,10,0.001088929219600726,ref
3595,7,11,0.0010208711433756805,ref
3596,7,12,0.0009754990925589837,ref
3597,7,13,0.0007259528130671506,ref
3598,7,14,0.0008166969147005445,ref
3599,7,15,0.0008393829401088929,ref
3600,7,16,0.0007259528130671506,ref
3601,7,17,0.0009754990925589837,ref
3602,7,18,0.0007259528130671506,ref
3603,7,19,0.0008847549909255898,ref
3604,7,20,0.0008620689655172414,ref
3605,7,21,0.0010208711433756805,ref
3606,7,22,0.0009528130671506353,ref
3607,7,23,0.001043557168784029,ref
3608,7,24,0.000998185117967332,ref
3609,7,25,0.0006578947368421052,ref
3610,7,26,0.0011569872958257714,ref
3611,7,27,0.0005217785843920145,ref
3612,7,28,0.0009754990925589837,ref
3613,7,29,0.0009754990925589837,ref
3614,7,30,0.0008620689655172414,ref
3615,7,31,0.001043557168784029,ref
3616,7,32,0.0009528130671506353,ref
3617,7,33,0.0008847549909255898,ref
3618,7,34,0.0009528130671506353,ref
3619,7,35,0.0007486388384754991,ref
3620,7,36,0.000998185117967332,ref
3621,7,37,0.0012477313974591652,ref
3622,7,38,0.001043557168784029,ref
3623,7,39,0.0008847549909255898,ref
3624,7,40,0.0009528130671506353,ref
3625,7,41,0.000794010889292196,ref
3626,7,42,0.0009528130671506353,ref
3627,7,43,0.0008166969147005445,ref
3628,7,44,0.0008620689655172414,ref
3629,7,45,0.0005217785843920145,ref
3630,7,46,0.0008393829401088929,ref
3631,7,47,0.0005671506352087115,ref
3632,7,48,0.0008847549909255898,ref
3633,7,49,0.0010208711433756805,ref
3634,7,50,0.0008620689655172414,ref
3635,7,51,0.0009074410163339383,ref
3636,7,52,0.0008847549909255898,ref
3637,7,53,0.0006352087114337568,ref
3638,7,54,0.0008847549909255898,ref
3639,7,55,0.000794010889292196,ref
3640,7,56,0.001043557168784029,ref
3641,7,57,0.0008393829401088929,ref
3642,7,58,0.0009754990925589837,ref
3643,7,59,0.0007032667876588021,ref
3644,7,60,0.0009301270417422867,ref
3645,7,61,0.0007486388384754991,ref
3646,7,62,0.0009754990925589837,ref
3647,7,63,0.0007713248638838476,ref
3648,7,64,0.0006578947368421052,ref
3649,7,65,0.0006125226860254084,ref
3650,7,66,0.0007486388384754991,ref
3651,7,67,0.0007486388384754991,ref
3652,7,68,0.0010662431941923776,ref
3653,7,69,0.0008166969147005445,ref
3654,7,70,0.0008166969147005445,ref
3655,7,71,0.0006352087114337568,ref
3656,7,72,0.0007486388384754991,ref
3657,7,73,0.0006125226860254084,ref
3658,7,74,0.0009301270417422867,ref
3659,7,75,0.000794010889292196,ref
3660,7,76,0.0009074410163339383,ref
3661,7,77,0.0007032667876588021,ref
3662,7,78,0.0006352087114337568,ref
3663,7,79,0.000794010889292196,ref
3664,7,80,0.0007713248638838476,ref
3665,7,81,0.0007032667876588021,ref
3666,7,82,0.0006578947368421052,ref
3667,7,83,0.0007032667876588021,ref
3668,7,84,0.0007486388384754991,ref
3669,7,85,0.0006352087114337568,ref
3670,7,86,0.0007032667876588021,ref
3671,7,87,0.0007259528130671506,ref
3672,7,88,0.000794010889292196,ref
3673,7,89,0.0006125226860254084,ref
3674,7,90,0.0007486388384754991,ref
3675,7,91,0.0008847549909255898,ref
3676,7,92,0.0006578947368421052,ref
3677,7,93,0.0005217785843920145,ref
3678,7,94,0.0010208711433756805,ref
3679,7,95,0.00045372050816696913,ref
3680,7,96,0.0006125226860254084,ref
3681,7,97,0.000544464609800363,ref
3682,7,98,0.0005671506352087115,ref
3683,7,99,0.0011116152450090745,ref
3684,7,100,0.0005217785843920145,ref
3685,7,101,0.0006125226860254084,ref
3686,7,102,0.0007713248638838476,ref
3687,7,103,0.000499092558983666,ref
3688,7,104,0.0007032667876588021,ref
3689,7,105,0.0007486388384754991,ref
3690,7,106,0.0007486388384754991,ref
3691,7,107,0.0007032667876588021,ref
3692,7,108,0.0007486388384754991,ref
3693,7,109,0.0006352087114337568,ref
3694,7,110,0.0006805807622504537,ref
3695,7,111,0.0006805807622504537,ref
3696,7,112,0.0005671506352087115,ref
3697,7,113,0.0009074410163339383,ref
3698,7,114,0.0006352087114337568,ref
3699,7,115,0.0005898366606170599,ref
3700,7,116,0.000499092558983666,ref
3701,7,117,0.0006352087114337568,ref
3702,7,118,0.0008620689655172414,ref
3703,7,119,0.0005898366606170599,ref
3704,7,120,0.0009074410163339383,ref
3705,7,121,0.0007032667876588021,ref
3706,7,122,0.0004310344827586207,ref
3707,7,123,0.0006578947368421052,ref
3708,7,124,0.00047640653357531763,ref
3709,7,125,0.0007486388384754991,ref
3710,7,126,0.0006578947368421052,ref
3711,7,127,0.0005671506352087115,ref
3712,7,128,0.0005898366606170599,ref
3713,7,129,0.000544464609800363,ref
3714,7,130,0.00040834845735027224,ref
3715,7,131,0.0005671506352087115,ref
3716,7,132,0.0007259528130671506,ref
3717,7,133,0.0007486388384754991,ref
3718,7,134,0.0007032667876588021,ref
3719,7,135,0.0005671506352087115,ref
3720,7,136,0.0006125226860254084,ref
3721,7,137,0.0005217785843920145,ref
3722,7,138,0.0007713248638838476,ref
3723,7,139,0.000544464609800363,ref
3724,7,140,0.0005898366606170599,ref
3725,7,141,0.0007259528130671506,ref
3726,7,142,0.0006578947368421052,ref
3727,7,143,0.0006805807622504537,ref
3728,7,144,0.0007713248638838476,ref
3729,7,145,0.0005898366606170599,ref
3730,7,146,0.0007713248638838476,ref
3731,7,147,0.0006125226860254084,ref
3732,7,148,0.0007259528130671506,ref
3733,7,149,0.0005898366606170599,ref
3734,7,150,0.0005671506352087115,ref
3735,7,151,0.0007032667876588021,ref
3736,7,152,0.0008393829401088929,ref
3737,7,153,0.0007486388384754991,ref
3738,7,154,0.0006125226860254084,ref
3739,7,155,0.0008166969147005445,ref
3740,7,156,0.0005671506352087115,ref
3741,7,157,0.0006805807622504537,ref
3742,7,158,0.0005671506352087115,ref
3743,7,159,0.00047640653357531763,ref
3744,7,160,0.0005671506352087115,ref
3745,7,161,0.0005898366606170599,ref
3746,7,162,0.0005217785843920145,ref
3747,7,163,0.000794010889292196,ref
3748,7,164,0.0006125226860254084,ref
3749,7,165,0.0006352087114337568,ref
3750,7,166,0.0006125226860254084,ref
3751,7,167,0.0006352087114337568,ref
3752,7,168,0.0005217785843920145,ref
3753,7,169,0.0007259528130671506,ref
3754,7,170,0.0008393829401088929,ref
3755,7,171,0.001043557168784029,ref
3756,7,172,0.0006352087114337568,ref
3757,7,173,0.0007713248638838476,ref
3758,7,174,0.0006125226860254084,ref
3759,7,175,0.0005217785843920145,ref
3760,7,176,0.0005898366606170599,ref
3761,7,177,0.0007259528130671506,ref
3762,7,178,0.00047640653357531763,ref
3763,7,179,0.00040834845735027224,ref
3764,7,180,0.0005671506352087115,ref
3765,7,181,0.0003856624319419238,ref
3766,7,182,0.000544464609800363,ref
3767,7,183,0.0006352087114337568,ref
3768,7,184,0.000499092558983666,ref
3769,7,185,0.00045372050816696913,ref
3770,7,186,0.0005217785843920145,ref
3771,7,187,0.0004310344827586207,ref
3772,7,188,0.0003856624319419238,ref
3773,7,189,0.0007259528130671506,ref
3774,7,190,0.00045372050816696913,ref
3775,7,191,0.000499092558983666,ref
3776,7,192,0.00040834845735027224,ref
3777,7,193,0.00047640653357531763,ref
3778,7,194,0.00040834845735027224,ref
3779,7,195,0.000544464609800363,ref
3780,7,196,0.00047640653357531763,ref
3781,7,197,0.00034029038112522685,ref
3782,7,198,0.000499092558983666,ref
3783,7,199,0.0003856624319419238,ref
3784,7,200,0.0003629764065335753,ref
3785,7,201,0.00045372050816696913,ref
3786,7,202,0.000249546279491833,ref
3787,7,203,0.0003176043557168784,ref
3788,7,204,0.0005898366606170599,ref
3789,7,205,0.00047640653357531763,ref
3790,7,206,0.000499092558983666,ref
3791,7,207,0.00045372050816696913,ref
3792,7,208,0.0004310344827586207,ref
3793,7,209,0.00029491833030852996,ref
3794,7,210,0.0003629764065335753,ref
3795,7,211,0.00013611615245009076,ref
3796,7,212,0.0003629764065335753,ref
3797,7,213,0.00022686025408348456,ref
3798,7,214,0.00029491833030852996,ref
3799,7,215,0.00013611615245009076,ref
3800,7,216,0.00034029038112522685,ref
3801,7,217,0.0003176043557168784,ref
3802,7,218,0.00040834845735027224,ref
3803,7,219,0.0002722323049001815,ref
3804,7,220,0.00029491833030852996,ref
3805,7,221,0.0002722323049001815,ref
3806,7,222,0.000499092558983666,ref
3807,7,223,0.0002722323049001815,ref
3808,7,224,0.0003856624319419238,ref
3809,7,225,0.00020417422867513612,ref
3810,7,226,0.00022686025408348456,ref
3811,7,227,0.00020417422867513612,ref
3812,7,228,0.000249546279491833,ref
3813,7,229,0.00034029038112522685,ref
3814,7,230,0.000249546279491833,ref
3815,7,231,0.0003856624319419238,ref
3816,7,232,0.0001588021778584392,ref
3817,7,233,0.00029491833030852996,ref
3818,7,234,0.00013611615245009076,ref
3819,7,235,0.0001588021778584392,ref
3820,7,236,0.00022686025408348456,ref
3821,7,237,0.00013611615245009076,ref
3822,7,238,0.000249546279491833,ref
3823,7,239,0.000249546279491833,ref
3824,7,240,0.00020417422867513612,ref
3825,7,241,0.00029491833030852996,ref
3826,7,242,0.00013611615245009076,ref
3827,7,243,0.00011343012704174228,ref
3828,7,244,0.00013611615245009076,ref
3829,7,245,9.074410163339382e-05,ref
3830,7,246,0.000249546279491833,ref
3831,7,247,0.0001588021778584392,ref
3832,7,248,0.00022686025408348456,ref
3833,7,249,0.00013611615245009076,ref
3834,7,250,6.805807622504538e-05,ref
3835,7,251,0.00022686025408348456,ref
3836,7,252,0.00011343012704174228,ref
3837,7,253,0.00013611615245009076,ref
3838,7,254,0.00018148820326678765,ref
3839,7,255,9.074410163339382e-05,ref
3840,7,0,0.0012376516123225095,gen
3841,7,1,0.0009001102635072797,gen
3842,7,2,0.0007650937239811877,gen
3843,7,3,0.0009001102635072797,gen
3844,7,4,0.0007650937239811877,gen
3845,7,5,0.0008326019937442337,gen
3846,7,6,0.0008326019937442337,gen
3847,7,7,0.0007425909673935057,gen
3848,7,8,0.0009226130200949616,gen
3849,7,9,0.0009226130200949616,gen
3850,7,10,0.0009451157766826436,gen
3851,7,11,0.0010576295596210535,gen
3852,7,12,0.0006975854542181417,gen
3853,7,13,0.0008551047503319156,gen
3854,7,14,0.0006975854542181417,gen
3855,7,15,0.0006750826976304597,gen
3856,7,16,0.0006525799410427777,gen
3857,7,17,0.0007200882108058237,gen
3858,7,18,0.0007425909673935057,gen
3859,7,19,0.0009901212898580077,gen
3860,7,20,0.0008551047503319156,gen
3861,7,21,0.0007650937239811877,gen
3862,7,22,0.0006750826976304597,gen
3863,7,23,0.0009001102635072797,gen
3864,7,24,0.0005175634015166857,gen
3865,7,25,0.0007650937239811877,gen
3866,7,26,0.0006075744278674137,gen
3867,7,27,0.0005850716712797317,gen
3868,7,28,0.0006525799410427777,gen
3869,7,29,0.0006750826976304597,gen
3870,7,30,0.0005175634015166857,gen
3871,7,31,0.0005175634015166857,gen
3872,7,32,0.0006525799410427777,gen
3873,7,33,0.0008100992371565517,gen
3874,7,34,0.0007425909673935057,gen
3875,7,35,0.0006525799410427777,gen
3876,7,36,0.0007650937239811877,gen
3877,7,37,0.0006975854542181417,gen
3878,7,38,0.0007650937239811877,gen
3879,7,39,0.0004725578883413218,gen
3880,7,40,0.0005850716712797317,gen
3881,7,41,0.0006075744278674137,gen
3882,7,42,0.00045005513175363983,gen
3883,7,43,0.00038254686199059386,gen
3884,7,44,0.0005400661581043678,gen
3885,7,45,0.0007875964805688696,gen
3886,7,46,0.0007875964805688696,gen
3887,7,47,0.0006075744278674137,gen
3888,7,48,0.0006075744278674137,gen
3889,7,49,0.0005175634015166857,gen
3890,7,50,0.0006075744278674137,gen
3891,7,51,0.0008326019937442337,gen
3892,7,52,0.0006075744278674137,gen
3893,7,53,0.0007425909673935057,gen
3894,7,54,0.0006975854542181417,gen
3895,7,55,0.0005850716712797317,gen
3896,7,56,0.0009451157766826436,gen
3897,7,57,0.0006750826976304597,gen
3898,7,58,0.0006075744278674137,gen
3899,7,59,0.0006525799410427777,gen
3900,7,60,0.0005175634015166857,gen
3901,7,61,0.0006300771844550958,gen
3902,7,62,0.0006750826976304597,gen
3903,7,63,0.0006975854542181417,gen
3904,7,64,0.0007425909673935057,gen
3905,7,65,0.0006750826976304597,gen
3906,7,66,0.0007425909673935057,gen
3907,7,67,0.0006750826976304597,gen
3908,7,68,0.0006975854542181417,gen
3909,7,69,0.0007650937239811877,gen
3910,7,70,0.0005625689146920498,gen
3911,7,71,0.0004275523751659578,gen
3912,7,72,0.0006750826976304597,gen
3913,7,73,0.0006750826976304597,gen
3914,7,74,0.0005400661581043678,gen
3915,7,75,0.0005850716712797317,gen
3916,7,76,0.0007200882108058237,gen
3917,7,77,0.0006525799410427777,gen
3918,7,78,0.0006975854542181417,gen
3919,7,79,0.0004950606449290038,gen
3920,7,80,0.0005625689146920498,gen
3921,7,81,0.0005400661581043678,gen
3922,7,82,0.0004275523751659578,gen
3923,7,83,0.0006300771844550958,gen
3924,7,84,0.0004950606449290038,gen
3925,7,85,0.0004725578883413218,gen
3926,7,86,0.0006075744278674137,gen
3927,7,87,0.0005625689146920498,gen
3928,7,88,0.0005625689146920498,gen
3929,7,89,0.0005625689146920498,gen
3930,7,90,0.0007425909673935057,gen
3931,7,91,0.0007200882108058237,gen
3932,7,92,0.0005850716712797317,gen
3933,7,93,0.0008776075069195976,gen
3934,7,94,0.0005400661581043678,gen
3935,7,95,0.0005850716712797317,gen
3936,7,96,0.0006075744278674137,gen
3937,7,97,0.0006075744278674137,gen
3938,7,98,0.00038254686199059386,gen
3939,7,99,0.00045005513175363983,gen
3940,7,100,0.0004275523751659578,gen
3941,7,101,0.00040504961857827583,gen
3942,7,102,0.0005175634015166857,gen
3943,7,103,0.0007650937239811877,gen
3944,7,104,0.00045005513175363983,gen
3945,7,105,0.00040504961857827583,gen
3946,7,106,0.00036004410540291183,gen
3947,7,107,0.0004275523751659578,gen
3948,7,108,0.00038254686199059386,gen
3949,7,109,0.0004725578883413218,gen
3950,7,110,0.0006525799410427777,gen
3951,7,111,0.0005625689146920498,gen
3952,7,112,0.0005400661581043678,gen
3953,7,113,0.0005625689146920498,gen
3954,7,114,0.0005175634015166857,gen
3955,7,115,0.0005850716712797317,gen
3956,7,116,0.00040504961857827583,gen
3957,7,117,0.0005400661581043678,gen
3958,7,118,0.0004725578883413218,gen
3959,7,119,0.0007425909673935057,gen
3960,7,120,0.0004275523751659578,gen
3961,7,121,0.0007200882108058237,gen
3962,7,122,0.0006075744278674137,gen
3963,7,123,0.00040504961857827583,gen
3964,7,124,0.0005850716712797317,gen
3965,7,125,0.0004950606449290038,gen
3966,7,126,0.0006525799410427777,gen
3967,7,127,0.0005625689146920498,gen
3968,7,128,0.0005625689146920498,gen
3969,7,129,0.00045005513175363983,gen
3970,7,130,0.0005625689146920498,gen
3971,7,131,0.00045005513175363983,gen
3972,7,132,0.0005400661581043678,gen
3973,7,133,0.0004950606449290038,gen
3974,7,134,0.0005400661581043678,gen
3975,7,135,0.00036004410540291183,gen
3976,7,136,0.0005175634015166857,gen
3977,7,137,0.0005625689146920498,gen
3978,7,138,0.0006525799410427777,gen
3979,7,139,0.0006750826976304597,gen
3980,7,140,0.0007425909673935057,gen
3981,7,141,0.0004275523751659578,gen
3982,7,142,0.0004275523751659578,gen
3983,7,143,0.0004275523751659578,gen
3984,7,144,0.00036004410540291183,gen
3985,7,145,0.0004725578883413218,gen
3986,7,146,0.0005400661581043678,gen
3987,7,147,0.0005400661581043678,gen
3988,7,148,0.0004950606449290038,gen
3989,7,149,0.0004950606449290038,gen
3990,7,150,0.00038254686199059386,gen
3991,7,151,0.0005625689146920498,gen
3992,7,152,0.00045005513175363983,gen
3993,7,153,0.0006075744278674137,gen
3994,7,154,0.0004950606449290038,gen
3995,7,155,0.00045005513175363983,gen
3996,7,156,0.0004275523751659578,gen
3997,7,157,0.0004725578883413218,gen
3998,7,158,0.00015751929611377394,gen
3999,7,159,0.0005175634015166857,gen
4000,7,160,0.00045005513175363983,gen
4001,7,161,0.0005400661581043678,gen
4002,7,162,0.00038254686199059386,gen
4003,7,163,0.0005625689146920498,gen
4004,7,164,0.00038254686199059386,gen
4005,7,165,0.0002700330790521839,gen
4006,7,166,0.0004725578883413218,gen
4007,7,167,0.0004275523751659578,gen
4008,7,168,0.0004725578883413218,gen
4009,7,169,0.0005400661581043678,gen
4010,7,170,0.00040504961857827583,gen
4011,7,171,0.00036004410540291183,gen
4012,7,172,0.00045005513175363983,gen
4013,7,173,0.0003150385922275479,gen
4014,7,174,0.0004275523751659578,gen
4015,7,175,0.0006075744278674137,gen
4016,7,176,0.0004950606449290038,gen
4017,7,177,0.0005400661581043678,gen
4018,7,178,0.0004725578883413218,gen
4019,7,179,0.0005625689146920498,gen
4020,7,180,0.00045005513175363983,gen
4021,7,181,0.0002475303224645019,gen
4022,7,182,0.0005625689146920498,gen
4023,7,183,0.00045005513175363983,gen
4024,7,184,0.00040504961857827583,gen
4025,7,185,0.0003150385922275479,gen
4026,7,186,0.00045005513175363983,gen
4027,7,187,0.0006075744278674137,gen
4028,7,188,0.0005400661581043678,gen
4029,7,189,0.0002700330790521839,gen
4030,7,190,0.0006300771844550958,gen
4031,7,191,0.0004725578883413218,gen
4032,7,192,0.00033754134881522986,gen
4033,7,193,0.0005175634015166857,gen
4034,7,194,0.0005400661581043678,gen
4035,7,195,0.00045005513175363983,gen
4036,7,196,0.00040504961857827583,gen
4037,7,197,0.00045005513175363983,gen
4038,7,198,0.00020252480928913792,gen
4039,7,199,0.00036004410540291183,gen
4040,7,200,0.0003150385922275479,gen
4041,7,201,0.0005400661581043678,gen
4042,7,202,0.0004725578883413218,gen
4043,7,203,0.00045005513175363983,gen
4044,7,204,0.0006750826976304597,gen
4045,7,205,0.00045005513175363983,gen
4046,7,206,0.00040504961857827583,gen
4047,7,207,0.00038254686199059386,gen
4048,7,208,0.00040504961857827583,gen
4049,7,209,0.00040504961857827583,gen
4050,7,210,0.00036004410540291183,gen
4051,7,211,0.0004275523751659578,gen
4052,7,212,0.00033754134881522986,gen
4053,7,213,0.0002700330790521839,gen
4054,7,214,0.00033754134881522986,gen
4055,7,215,0.0002700330790521839,gen
4056,7,216,0.00033754134881522986,gen
4057,7,217,0.0003150385922275479,gen
4058,7,218,0.0002700330790521839,gen
4059,7,219,0.0005175634015166857,gen
4060,7,220,0.00033754134881522986,gen
4061,7,221,0.00038254686199059386,gen
4062,7,222,0.00040504961857827583,gen
4063,7,223,0.0002475303224645019,gen
4064,7,224,0.00038254686199059386,gen
4065,7,225,0.00040504961857827583,gen
4066,7,226,0.00022502756587681992,gen
4067,7,227,0.00038254686199059386,gen
4068,7,228,0.00020252480928913792,gen
4069,7,229,0.00036004410540291183,gen
4070,7,230,0.00040504961857827583,gen
4071,7,231,0.00033754134881522986,gen
4072,7,232,0.0002700330790521839,gen
4073,7,233,0.00022502756587681992,gen
4074,7,234,0.00029253583563986586,gen
4075,7,235,0.0005175634015166857,gen
4076,7,236,0.00040504961857827583,gen
4077,7,237,0.0002475303224645019,gen
4078,7,238,0.0002700330790521839,gen
4079,7,239,0.00038254686199059386,gen
4080,7,240,0.0004950606449290038,gen
4081,7,241,0.00045005513175363983,gen
4082,7,242,0.00022502756587681992,gen
4083,7,243,0.0005175634015166857,gen
4084,7,244,0.0002475303224645019,gen
4085,7,245,0.0004725578883413218,gen
4086,7,246,0.00036004410540291183,gen
4087,7,247,0.00040504961857827583,gen
4088,7,248,0.00038254686199059386,gen
4089,7,249,0.0003150385922275479,gen
4090,7,250,0.00033754134881522986,gen
4091,7,251,0.0002700330790521839,gen
4092,7,252,0.0002475303224645019,gen
4093,7,253,0.00029253583563986586,gen
4094,7,254,0.0004275523751659578,gen
4095,7,255,0.0005850716712797317,gen
4096,8,0,0.000793341311567992,ref
4097,8,1,0.000793341311567992,ref
4098,8,2,0.0009546988664631768,ref
4099,8,3,0.000995038255186973,ref
4100,8,4,0.000981591792279041,ref
4101,8,5,0.0008067877744759241,ref
4102,8,6,0.0007530019228441958,ref
4103,8,7,0.0008740200890155845,ref
4104,8,8,0.0006723231453966035,ref
4105,8,9,0.0006050908308569431,ref
4106,8,10,0.0009009130148314486,ref
4107,8,11,0.0008336807002917883,ref
4108,8,12,0.0009143594777393806,ref
4109,8,13,0.0008067877744759241,ref
4110,8,14,0.0009009130148314486,ref
4111,8,15,0.000981591792279041,ref
4112,8,16,0.0008471271631997203,ref
4113,8,17,0.000793341311567992,ref
4114,8,18,0.0007798948486600599,ref
4115,8,19,0.0007798948486600599,ref
4116,8,20,0.0006992160712124676,ref
4117,8,21,0.0007126625341203996,ref
4118,8,22,0.0009009130148314486,ref
4119,8,23,0.0006857696083045355,ref
4120,8,24,0.0006588766824886713,ref
4121,8,25,0.0007798948486600599,ref
4122,8,26,0.0005647514421331469,ref
4123,8,27,0.0008740200890155845,ref
4124,8,28,0.0007126625341203996,ref
4125,8,29,0.0007261089970283317,ref
4126,8,30,0.0006723231453966035,ref
4127,8,31,0.0008471271631997203,ref
4128,8,32,0.0006992160712124676,ref
4129,8,33,0.0006185372937648751,ref
4130,8,34,0.0006723231453966035,ref
4131,8,35,0.0006723231453966035,ref
4132,8,36,0.0006050908308569431,ref
4133,8,37,0.0009009130148314486,ref
4134,8,38,0.0006454302195807393,ref
4135,8,39,0.0007664483857521279,ref
4136,8,40,0.000578197905041079,ref
4137,8,41,0.0007395554599362638,ref
4138,8,42,0.0006185372937648751,ref
4139,8,43,0.0007126625341203996,ref
4140,8,44,0.0007530019228441958,ref
4141,8,45,0.0008740200890155845,ref
4142,8,46,0.0007261089970283317,ref
4143,8,47,0.0008605736261076524,ref
4144,8,48,0.0007126625341203996,ref
4145,8,49,0.0007261089970283317,ref
4146,8,50,0.0006319837566728072,ref
4147,8,51,0.0007261089970283317,ref
4148,8,52,0.0007530019228441958,ref
4149,8,53,0.0007395554599362638,ref
4150,8,54,0.0006992160712124676,ref
4151,8,55,0.0007126625341203996,ref
4152,8,56,0.0005647514421331469,ref
4153,8,57,0.0006454302195807393,ref
4154,8,58,0.0005647514421331469,ref
4155,8,59,0.0006319837566728072,ref
4156,8,60,0.000578197905041079,ref
4157,8,61,0.0004840726646855545,ref
4158,8,62,0.0003496080356062338,ref
4159,8,63,0.0006050908308569431,ref
4160,8,64,0.0004840726646855545,ref
4161,8,65,0.00041684035014589413,ref
4162,8,66,0.0004571797388696903,ref
4163,8,67,0.0004840726646855545,ref
4164,8,68,0.0004571797388696903,ref
4165,8,69,0.0005109655905014186,ref
4166,8,70,0.0007126625341203996,ref
4167,8,71,0.0005378585163172828,ref
4168,8,72,0.0004706262017776224,ref
4169,8,73,0.0004975191275934865,ref
4170,8,74,0.0006050908308569431,ref
4171,8,75,0.0004840726646855545,ref
4172,8,76,0.0004975191275934865,ref
4173,8,77,0.000591644367949011,ref
4174,8,78,0.00041684035014589413,ref
4175,8,79,0.0006319837566728072,ref
4176,8,80,0.00044373327596175825,ref
4177,8,81,0.0004975191275934865,ref
4178,8,82,0.0006319837566728072,ref
4179,8,83,0.0004706262017776224,ref
4180,8,84,0.00038994742433002996,ref
4181,8,85,0.0005378585163172828,ref
4182,8,86,0.0003496080356062338,ref
4183,8,87,0.0005513049792252148,ref
4184,8,88,0.0005647514421331469,ref
4185,8,89,0.0005244120534093507,ref
4186,8,90,0.0006185372937648751,ref
4187,8,91,0.0005244120534093507,ref
4188,8,92,0.0006857696083045355,ref
4189,8,93,0.0004975191275934865,ref
4190,8,94,0.0004571797388696903,ref
4191,8,95,0.00044373327596175825,ref
4192,8,96,0.0005378585163172828,ref
4193,8,97,0.0004975191275934865,ref
4194,8,98,0.0005109655905014186,ref
4195,8,99,0.0007395554599362638,ref
4196,8,100,0.00041684035014589413,ref
4197,8,101,0.0008202342373838562,ref
4198,8,102,0.0004706262017776224,ref
4199,8,103,0.0005647514421331469,ref
4200,8,104,0.0006050908308569431,ref
4201,8,105,0.0006319837566728072,ref
4202,8,106,0.0006588766824886713,ref
4203,8,107,0.0004840726646855545,ref
4204,8,108,0.0005513049792252148,ref
4205,8,109,0.000591644367949011,ref
4206,8,110,0.0005647514421331469,ref
4207,8,111,0.0005109655905014186,ref
4208,8,112,0.0005647514421331469,ref
4209,8,113,0.0006185372937648751,ref
4210,8,114,0.0006454302195807393,ref
4211,8,115,0.0004975191275934865,ref
4212,8,116,0.00041684035014589413,ref
4213,8,117,0.0005378585163172828,ref
4214,8,118,0.0004840726646855545,ref
4215,8,119,0.00033616157269830173,ref
4216,8,120,0.0004840726646855545,ref
4217,8,121,0.000578197905041079,ref
4218,8,122,0.0005244120534093507,ref
4219,8,123,0.00044373327596175825,ref
4220,8,124,0.0004571797388696903,ref
4221,8,125,0.0003496080356062338,ref
4222,8,126,0.00044373327596175825,ref
4223,8,127,0.0004302868130538262,ref
4224,8,128,0.000591644367949011,ref
4225,8,129,0.0003765009614220979,ref
4226,8,130,0.0007126625341203996,ref
4227,8,131,0.000793341311567992,ref
4228,8,132,0.0004840726646855545,ref
4229,8,133,0.0005244120534093507,ref
4230,8,134,0.0004840726646855545,ref
4231,8,135,0.0006454302195807393,ref
4232,8,136,0.0005109655905014186,ref
4233,8,137,0.0007395554599362638,ref
4234,8,138,0.0006588766824886713,ref
4235,8,139,0.0005109655905014186,ref
4236,8,140,0.0004975191275934865,ref
4237,8,141,0.0005378585163172828,ref
4238,8,142,0.000578197905041079,ref
4239,8,143,0.0004706262017776224,ref
4240,8,144,0.0006857696083045355,ref
4241,8,145,0.0005513049792252148,ref
4242,8,146,0.0005378585163172828,ref
4243,8,147,0.0004706262017776224,ref
4244,8,148,0.0004840726646855545,ref
4245,8,149,0.0006588766824886713,ref
4246,8,150,0.0005513049792252148,ref
4247,8,151,0.0006857696083045355,ref
4248,8,152,0.0006454302195807393,ref
4249,8,153,0.0005109655905014186,ref
4250,8,154,0.0005513049792252148,ref
4251,8,155,0.0006050908308569431,ref
4252,8,156,0.00041684035014589413,ref
4253,8,157,0.000591644367949011,ref
4254,8,158,0.0004840726646855545,ref
4255,8,159,0.0005244120534093507,ref
4256,8,160,0.0006185372937648751,ref
4257,8,161,0.0007126625341203996,ref
4258,8,162,0.0005109655905014186,ref
4259,8,163,0.0006185372937648751,ref
4260,8,164,0.000591644367949011,ref
4261,8,165,0.0005109655905014186,ref
4262,8,166,0.0005378585163172828,ref
4263,8,167,0.0004571797388696903,ref
4264,8,168,0.0006723231453966035,ref
4265,8,169,0.0006319837566728072,ref
4266,8,170,0.0005109655905014186,ref
4267,8,171,0.0007664483857521279,ref
4268,8,172,0.0003765009614220979,ref
4269,8,173,0.0004840726646855545,ref
4270,8,174,0.0004302868130538262,ref
4271,8,175,0.0003496080356062338,ref
4272,8,176,0.0004571797388696903,ref
4273,8,177,0.00044373327596175825,ref
4274,8,178,0.00038994742433002996,ref
4275,8,179,0.0004033938872379621,ref
4276,8,180,0.00033616157269830173,ref
4277,8,181,0.0004302868130538262,ref
4278,8,182,0.0004033938872379621,ref
4279,8,183,0.00044373327596175825,ref
4280,8,184,0.0004571797388696903,ref
4281,8,185,0.00038994742433002996,ref
4282,8,186,0.0005378585163172828,ref
4283,8,187,0.00032271510979036967,ref
4284,8,188,0.0004975191275934865,ref
4285,8,189,0.0004302868130538262,ref
4286,8,190,0.00038994742433002996,ref
4287,8,191,0.0004302868130538262,ref
4288,8,192,0.0004033938872379621,ref
4289,8,193,0.00038994742433002996,ref
4290,8,194,0.00033616157269830173,ref
4291,8,195,0.0003765009614220979,ref
4292,8,196,0.00036305449851416584,ref
4293,8,197,0.00030926864688243756,ref
4294,8,198,0.00038994742433002996,ref
4295,8,199,0.00036305449851416584,ref
4296,8,200,0.00044373327596175825,ref
4297,8,201,0.0003765009614220979,ref
4298,8,202,0.00038994742433002996,ref
4299,8,203,0.00022858986943484515,ref
4300,8,204,0.0003496080356062338,ref
4301,8,205,0.0002958221839745055,ref
4302,8,206,0.0002958221839745055,ref
4303,8,207,0.00032271510979036967,ref
4304,8,208,0.00033616157269830173,ref
4305,8,209,0.00030926864688243756,ref
4306,8,210,0.00018825048071104895,ref
4307,8,211,0.00033616157269830173,ref
4308,8,212,0.00032271510979036967,ref
4309,8,213,0.00024203633234277724,ref
4310,8,214,0.00032271510979036967,ref
4311,8,215,0.00022858986943484515,ref
4312,8,216,0.0001748040178031169,ref
4313,8,217,0.0002689292581586414,ref
4314,8,218,0.00018825048071104895,ref
4315,8,219,0.0002689292581586414,ref
4316,8,220,0.0002958221839745055,ref
4317,8,221,0.00028237572106657344,ref
4318,8,222,0.0003765009614220979,ref
4319,8,223,0.00030926864688243756,ref
4320,8,224,0.0002958221839745055,ref
4321,8,225,0.00032271510979036967,ref
4322,8,226,0.0003765009614220979,ref
4323,8,227,0.00014791109198725275,ref
4324,8,228,0.00036305449851416584,ref
4325,8,229,0.00018825048071104895,ref
4326,8,230,0.0002689292581586414,ref
4327,8,231,0.00022858986943484515,ref
4328,8,232,0.00016135755489518483,ref
4329,8,233,0.00020169694361898104,ref
4330,8,234,0.0001748040178031169,ref
4331,8,235,0.00020169694361898104,ref
4332,8,236,0.00020169694361898104,ref
4333,8,237,0.0002151434065269131,ref
4334,8,238,0.00010757170326345655,ref
4335,8,239,0.0001748040178031169,ref
4336,8,240,0.0002151434065269131,ref
4337,8,241,0.00018825048071104895,ref
4338,8,242,0.0002554827952507093,ref
4339,8,243,0.00014791109198725275,ref
4340,8,244,9.412524035552448e-05,ref
4341,8,245,0.00012101816617138862,ref
4342,8,246,0.00020169694361898104,ref
4343,8,247,0.00014791109198725275,ref
4344,8,248,0.00016135755489518483,ref
4345,8,249,0.00012101816617138862,ref
4346,8,250,0.0001748040178031169,ref
4347,8,251,8.067877744759242e-05,ref
4348,8,252,0.00012101816617138862,ref
4349,8,253,0.00010757170326345655,ref
4350,8,254,4.033938872379621e-05,ref
4351,8,255,0.0001748040178031169,ref
4352,8,0,0.000813746897589953,gen
4353,8,1,0.0008408717941762847,gen
4354,8,2,0.00092224648393528,gen
4355,8,3,0.0007459346561241235,gen
4356,8,4,0.0006103101731924647,gen
4357,8,5,0.0008815591390557824,gen
4358,8,6,0.0007052473112446259,gen
4359,8,7,0.0008001844492967871,gen
4360,8,8,0.00069168486295146,gen
4361,8,9,0.0006645599663651282,gen
4362,8,10,0.0007459346561241235,gen
4363,8,11,0.0005424979317266353,gen
4364,8,12,0.0007188097595377918,gen
4365,8,13,0.0007323722078309576,gen
4366,8,14,0.00092224648393528,gen
4367,8,15,0.0008815591390557824,gen
4368,8,16,0.0007730595527104553,gen
4369,8,17,0.0006238726214856306,gen
4370,8,18,0.0007594971044172894,gen
4371,8,19,0.00069168486295146,gen
4372,8,20,0.0005967477248992988,gen
4373,8,21,0.0007594971044172894,gen
4374,8,22,0.0006374350697787965,gen
4375,8,23,0.0008951215873489483,gen
4376,8,24,0.0006781224146582941,gen
4377,8,25,0.0007459346561241235,gen
4378,8,26,0.0006238726214856306,gen
4379,8,27,0.0006103101731924647,gen
4380,8,28,0.0007459346561241235,gen
4381,8,29,0.000569622828312967,gen
4382,8,30,0.0005560603800198011,gen
4383,8,31,0.0006645599663651282,gen
4384,8,32,0.0006103101731924647,gen
4385,8,33,0.0007323722078309576,gen
4386,8,34,0.0006645599663651282,gen
4387,8,35,0.0007052473112446259,gen
4388,8,36,0.0005289354834334694,gen
4389,8,37,0.0007323722078309576,gen
4390,8,38,0.0006645599663651282,gen
4391,8,39,0.0005967477248992988,gen
4392,8,40,0.00046112324196764,gen
4393,8,41,0.0005967477248992988,gen
4394,8,42,0.0006238726214856306,gen
4395,8,43,0.0007730595527104553,gen
4396,8,44,0.00044756079367447413,gen
4397,8,45,0.0006645599663651282,gen
4398,8,46,0.000813746897589953,gen
4399,8,47,0.0007052473112446259,gen
4400,8,48,0.0006374350697787965,gen
4401,8,49,0.0005967477248992988,gen
4402,8,50,0.0005153730351403035,gen
4403,8,51,0.0005967477248992988,gen
4404,8,52,0.0006374350697787965,gen
4405,8,53,0.00069168486295146,gen
4406,8,54,0.0007052473112446259,gen
4407,8,55,0.0005289354834334694,gen
4408,8,56,0.0007052473112446259,gen
4409,8,57,0.0005831852766061329,gen
4410,8,58,0.0006238726214856306,gen
4411,8,59,0.0006238726214856306,gen
4412,8,60,0.00069168486295146,gen
4413,8,61,0.0004746856902608059,gen
4414,8,62,0.0004882481385539718,gen
4415,8,63,0.0005289354834334694,gen
4416,8,64,0.00069168486295146,gen
4417,8,65,0.0005560603800198011,gen
4418,8,66,0.0005967477248992988,gen
4419,8,67,0.000569622828312967,gen
4420,8,68,0.0005831852766061329,gen
4421,8,69,0.0007323722078309576,gen
4422,8,70,0.00043399834538130824,gen
4423,8,71,0.0005153730351403035,gen
4424,8,72,0.0005289354834334694,gen
4425,8,73,0.0005967477248992988,gen
4426,8,74,0.0006103101731924647,gen
4427,8,75,0.0007188097595377918,gen
4428,8,76,0.0006374350697787965,gen
4429,8,77,0.0007866220010036212,gen
4430,8,78,0.0006103101731924647,gen
4431,8,79,0.0005831852766061329,gen
4432,8,80,0.0006781224146582941,gen
4433,8,81,0.0006645599663651282,gen
4434,8,82,0.0005289354834334694,gen
4435,8,83,0.0005831852766061329,gen
4436,8,84,0.00046112324196764,gen
4437,8,85,0.0006374350697787965,gen
4438,8,86,0.0005289354834334694,gen
4439,8,87,0.0005018105868471376,gen
4440,8,88,0.0005153730351403035,gen
4441,8,89,0.000569622828312967,gen
4442,8,90,0.0004882481385539718,gen
4443,8,91,0.0006103101731924647,gen
4444,8,92,0.00046112324196764,gen
4445,8,93,0.00044756079367447413,gen
4446,8,94,0.0006103101731924647,gen
4447,8,95,0.00046112324196764,gen
4448,8,96,0.00046112324196764,gen
4449,8,97,0.0003797485522086447,gen
4450,8,98,0.0005560603800198011,gen
4451,8,99,0.00043399834538130824,gen
4452,8,100,0.0004746856902608059,gen
4453,8,101,0.0004882481385539718,gen
4454,8,102,0.0006238726214856306,gen
4455,8,103,0.0005424979317266353,gen
4456,8,104,0.0005153730351403035,gen
4457,8,105,0.0005967477248992988,gen
4458,8,106,0.0004882481385539718,gen
4459,8,107,0.000569622828312967,gen
4460,8,108,0.000569622828312967,gen
4461,8,109,0.0005289354834334694,gen
4462,8,110,0.0006781224146582941,gen
4463,8,111,0.0004068734487949765,gen
4464,8,112,0.0006509975180719623,gen
4465,8,113,0.000569622828312967,gen
4466,8,114,0.0004746856902608059,gen
4467,8,115,0.0006645599663651282,gen
4468,8,116,0.0004882481385539718,gen
4469,8,117,0.000569622828312967,gen
4470,8,118,0.0005018105868471376,gen
4471,8,119,0.0005424979317266353,gen
4472,8,120,0.00043399834538130824,gen
4473,8,121,0.0005153730351403035,gen
4474,8,122,0.0005831852766061329,gen
4475,8,123,0.000569622828312967,gen
4476,8,124,0.0006509975180719623,gen
4477,8,125,0.0004882481385539718,gen
4478,8,126,0.0004882481385539718,gen
4479,8,127,0.0005153730351403035,gen
4480,8,128,0.0005967477248992988,gen
4481,8,129,0.0003933110005018106,gen
4482,8,130,0.0005967477248992988,gen
4483,8,131,0.0006103101731924647,gen
4484,8,132,0.0004746856902608059,gen
4485,8,133,0.00033906120732914705,gen
4486,8,134,0.0006103101731924647,gen
4487,8,135,0.0005831852766061329,gen
4488,8,136,0.0002848114141564835,gen
4489,8,137,0.00043399834538130824,gen
4490,8,138,0.0005153730351403035,gen
4491,8,139,0.0005560603800198011,gen
4492,8,140,0.0005289354834334694,gen
4493,8,141,0.0004746856902608059,gen
4494,8,142,0.0004882481385539718,gen
4495,8,143,0.0005831852766061329,gen
4496,8,144,0.0004068734487949765,gen
4497,8,145,0.0003119363107428153,gen
4498,8,146,0.00046112324196764,gen
4499,8,147,0.00043399834538130824,gen
4500,8,148,0.0003661861039154788,gen
4501,8,149,0.0005424979317266353,gen
4502,8,150,0.0004746856902608059,gen
4503,8,151,0.00033906120732914705,gen
4504,8,152,0.0004882481385539718,gen
4505,8,153,0.0005153730351403035,gen
4506,8,154,0.0004746856902608059,gen
4507,8,155,0.0003119363107428153,gen
4508,8,156,0.00046112324196764,gen
4509,8,157,0.00046112324196764,gen
4510,8,158,0.0003933110005018106,gen
4511,8,159,0.0004746856902608059,gen
4512,8,160,0.00046112324196764,gen
4513,8,161,0.0004882481385539718,gen
4514,8,162,0.0004746856902608059,gen
4515,8,163,0.000569622828312967,gen
4516,8,164,0.0005289354834334694,gen
4517,8,165,0.00044756079367447413,gen
4518,8,166,0.0004746856902608059,gen
4519,8,167,0.0005289354834334694,gen
4520,8,168,0.0005560603800198011,gen
4521,8,169,0.0004882481385539718,gen
4522,8,170,0.0006103101731924647,gen
4523,8,171,0.0004068734487949765,gen
4524,8,172,0.00044756079367447413,gen
4525,8,173,0.0005560603800198011,gen
4526,8,174,0.0005018105868471376,gen
4527,8,175,0.0004068734487949765,gen
4528,8,176,0.00027124896586331763,gen
4529,8,177,0.0004882481385539718,gen
4530,8,178,0.00043399834538130824,gen
4531,8,179,0.0004068734487949765,gen
4532,8,180,0.00046112324196764,gen
4533,8,181,0.0004882481385539718,gen
4534,8,182,0.0003661861039154788,gen
4535,8,183,0.0005424979317266353,gen
4536,8,184,0.0004882481385539718,gen
4537,8,185,0.0003933110005018106,gen
4538,8,186,0.00035262365562231294,gen
4539,8,187,0.0003933110005018106,gen
4540,8,188,0.00032549875903598117,gen
4541,8,189,0.0003933110005018106,gen
4542,8,190,0.0005153730351403035,gen
4543,8,191,0.00027124896586331763,gen
4544,8,192,0.00044756079367447413,gen
4545,8,193,0.00027124896586331763,gen
4546,8,194,0.0004746856902608059,gen
4547,8,195,0.0005424979317266353,gen
4548,8,196,0.0003797485522086447,gen
4549,8,197,0.00043399834538130824,gen
4550,8,198,0.0003933110005018106,gen
4551,8,199,0.0003933110005018106,gen
4552,8,200,0.00042043589708814236,gen
4553,8,201,0.00046112324196764,gen
4554,8,202,0.00046112324196764,gen
4555,8,203,0.0004882481385539718,gen
4556,8,204,0.00042043589708814236,gen
4557,8,205,0.0004746856902608059,gen
4558,8,206,0.00027124896586331763,gen
4559,8,207,0.0003661861039154788,gen
4560,8,208,0.00020343672439748824,gen
4561,8,209,0.00032549875903598117,gen
4562,8,210,0.0002848114141564835,gen
4563,8,211,0.00025768651757015175,gen
4564,8,212,0.00043399834538130824,gen
4565,8,213,0.0003797485522086447,gen
4566,8,214,0.00042043589708814236,gen
4567,8,215,0.00021699917269065412,gen
4568,8,216,0.00032549875903598117,gen
4569,8,217,0.00044756079367447413,gen
4570,8,218,0.00025768651757015175,gen
4571,8,219,0.0003119363107428153,gen
4572,8,220,0.00032549875903598117,gen
4573,8,221,0.0003119363107428153,gen
4574,8,222,0.00043399834538130824,gen
4575,8,223,0.00046112324196764,gen
4576,8,224,0.0003119363107428153,gen
4577,8,225,0.00025768651757015175,gen
4578,8,226,0.0002983738624496494,gen
4579,8,227,0.00018987427610432235,gen
4580,8,228,0.00025768651757015175,gen
4581,8,229,0.0002441240692769859,gen
4582,8,230,0.00046112324196764,gen
4583,8,231,0.0002441240692769859,gen
4584,8,232,0.00035262365562231294,gen
4585,8,233,0.0002983738624496494,gen
4586,8,234,0.0004882481385539718,gen
4587,8,235,0.00025768651757015175,gen
4588,8,236,0.00042043589708814236,gen
4589,8,237,0.0002848114141564835,gen
4590,8,238,0.0002441240692769859,gen
4591,8,239,0.0002848114141564835,gen
4592,8,240,0.0003119363107428153,gen
4593,8,241,0.0003661861039154788,gen
4594,8,242,0.00027124896586331763,gen
4595,8,243,0.0003797485522086447,gen
4596,8,244,0.0002983738624496494,gen
4597,8,245,0.00027124896586331763,gen
4598,8,246,0.0004882481385539718,gen
4599,8,247,0.0002848114141564835,gen
4600,8,248,0.0004746856902608059,gen
4601,8,249,0.0005831852766061329,gen
4602,8,250,0.0003119363107428153,gen
4603,8,251,0.0002983738624496494,gen
4604,8,252,0.00043399834538130824,gen
4605,8,253,0.00033906120732914705,gen
4606,8,254,0.00033906120732914705,gen
4607,8,255,0.0002848114141564835,gen
4608,9,0,0.0008934093876709504,ref
4609,9,1,0.0009163173206881544,ref
4610,9,2,0.0007731427393306302,ref
4611,9,3,0.0009964950862483678,ref
4612,9,4,0.000962133186722562,ref
4613,9,5,0.0009392252537053582,ref
4614,9,6,0.0009907681029940668,ref
4615,9,7,0.000962133186722562,ref
4616,9,8,0.0008475935216365428,ref
4617,9,9,0.000956406203468261,ref
4618,9,10,0.0009735871532311639,ref
4619,9,11,0.000956406203468261,ref
4620,9,12,0.0008647744713994456,ref
4621,9,13,0.0008533205048908437,ref
4622,9,14,0.0008361395551279408,ref
4623,9,15,0.0007387808398048244,ref
4624,9,16,0.000956406203468261,ref
4625,9,17,0.0008590474881451447,ref
4626,9,18,0.0008246855886193388,ref
4627,9,19,0.0008533205048908437,ref
4628,9,20,0.0008533205048908437,ref
4629,9,21,0.0008876824044166495,ref
4630,9,22,0.0008762284379080476,ref
4631,9,23,0.0009220443039424553,ref
4632,9,24,0.0009163173206881544,ref
4633,9,25,0.0008819554211623485,ref
4634,9,26,0.0008991363709252514,ref
4635,9,27,0.0008475935216365428,ref
4636,9,28,0.0008418665383822418,ref
4637,9,29,0.0008418665383822418,ref
4638,9,30,0.0007960506723478341,ref
4639,9,31,0.0007960506723478341,ref
4640,9,32,0.0009392252537053582,ref
4641,9,33,0.0008132316221107369,ref
4642,9,34,0.0008132316221107369,ref
4643,9,35,0.0007445078230591253,ref
4644,9,36,0.0009449522369596591,ref
4645,9,37,0.0007044189402790187,ref
4646,9,38,0.0008132316221107369,ref
4647,9,39,0.0008304125718736398,ref
4648,9,40,0.0008246855886193388,ref
4649,9,41,0.0009277712871967563,ref
4650,9,42,0.0008819554211623485,ref
4651,9,43,0.0008647744713994456,ref
4652,9,44,0.0007502348063134263,ref
4653,9,45,0.0007788697225849312,ref
4654,9,46,0.0008934093876709504,ref
4655,9,47,0.0008189586053650379,ref
4656,9,48,0.0007903236890935331,ref
4657,9,49,0.0008304125718736398,ref
4658,9,50,0.0008590474881451447,ref
4659,9,51,0.0007788697225849312,ref
4660,9,52,0.0008762284379080476,ref
4661,9,53,0.0006299681579731061,ref
4662,9,54,0.0008361395551279408,ref
4663,9,55,0.0006757840240075138,ref
4664,9,56,0.0008132316221107369,ref
4665,9,57,0.0006986919570247177,ref
4666,9,58,0.0006299681579731061,ref
4667,9,59,0.000641422124481708,ref
4668,9,60,0.0007387808398048244,ref
4669,9,61,0.0006757840240075138,ref
4670,9,62,0.0007158729067876206,ref
4671,9,63,0.0007158729067876206,ref
4672,9,64,0.0006070602249559022,ref
4673,9,65,0.0007044189402790187,ref
4674,9,66,0.0006356951412274071,ref
4675,9,67,0.0007616887728220282,ref
4676,9,68,0.0005669713421757955,ref
4677,9,69,0.00065287609099031,ref
4678,9,70,0.0006013332417016012,ref
4679,9,71,0.0006127872082102031,ref
4680,9,72,0.0007387808398048244,ref
4681,9,73,0.0006929649737704167,ref
4682,9,74,0.0006127872082102031,ref
4683,9,75,0.0006586030742446109,ref
4684,9,76,0.0005726983254300965,ref
4685,9,77,0.0006929649737704167,ref
4686,9,78,0.0006356951412274071,ref
4687,9,79,0.0006872379905161157,ref
4688,9,80,0.000641422124481708,ref
4689,9,81,0.0006185141914645042,ref
4690,9,82,0.0005898792751929993,ref
4691,9,83,0.0007445078230591253,ref
4692,9,84,0.000641422124481708,ref
4693,9,85,0.0006013332417016012,ref
4694,9,86,0.0007101459235333196,ref
4695,9,87,0.0005956062584473003,ref
4696,9,88,0.0006127872082102031,ref
4697,9,89,0.0006185141914645042,ref
4698,9,90,0.0007330538565505234,ref
4699,9,91,0.0007215998900419215,ref
4700,9,92,0.0005669713421757955,ref
4701,9,93,0.0004982475431241839,ref
4702,9,94,0.0006185141914645042,ref
4703,9,95,0.0005039745263784849,ref
4704,9,96,0.0006986919570247177,ref
4705,9,97,0.0006299681579731061,ref
4706,9,98,0.0005841522919386984,ref
4707,9,99,0.0008991363709252514,ref
4708,9,100,0.0005612443589214945,ref
4709,9,101,0.0008762284379080476,ref
4710,9,102,0.0006013332417016012,ref
4711,9,103,0.0007330538565505234,ref
4712,9,104,0.0006127872082102031,ref
4713,9,105,0.0006815110072618147,ref
4714,9,106,0.000647149107736009,ref
4715,9,107,0.0006700570407532128,ref
4716,9,108,0.000647149107736009,ref
4717,9,109,0.000647149107736009,ref
4718,9,110,0.0005956062584473003,ref
4719,9,111,0.0007044189402790187,ref
4720,9,112,0.0005726983254300965,ref
4721,9,113,0.0007215998900419215,ref
4722,9,114,0.0006127872082102031,ref
4723,9,115,0.0006356951412274071,ref
4724,9,116,0.0006242411747188052,ref
4725,9,117,0.0005841522919386984,ref
4726,9,118,0.0007330538565505234,ref
4727,9,119,0.0006643300574989119,ref
4728,9,120,0.000641422124481708,ref
4729,9,121,0.0005841522919386984,ref
4730,9,122,0.0006586030742446109,ref
4731,9,123,0.0006872379905161157,ref
4732,9,124,0.0006356951412274071,ref
4733,9,125,0.0005555173756671936,ref
4734,9,126,0.0006643300574989119,ref
4735,9,127,0.0006070602249559022,ref
4736,9,128,0.0006299681579731061,ref
4737,9,129,0.0006127872082102031,ref
4738,9,130,0.000647149107736009,ref
4739,9,131,0.0006356951412274071,ref
4740,9,132,0.000641422124481708,ref
4741,9,133,0.0006643300574989119,ref
4742,9,134,0.0005555173756671936,ref
4743,9,135,0.0007158729067876206,ref
4744,9,136,0.0005726983254300965,ref
4745,9,137,0.0006356951412274071,ref
4746,9,138,0.0005383364259042906,ref
4747,9,139,0.0005669713421757955,ref
4748,9,140,0.0006242411747188052,ref
4749,9,141,0.000641422124481708,ref
4750,9,142,0.0006185141914645042,ref
4751,9,143,0.0006986919570247177,ref
4752,9,144,0.0005326094426499897,ref
4753,9,145,0.0006643300574989119,ref
4754,9,146,0.0005898792751929993,ref
4755,9,147,0.000647149107736009,ref
4756,9,148,0.0006299681579731061,ref
4757,9,149,0.0005956062584473003,ref
4758,9,150,0.0005841522919386984,ref
4759,9,151,0.0006356951412274071,ref
4760,9,152,0.0006013332417016012,ref
4761,9,153,0.000641422124481708,ref
4762,9,154,0.0004982475431241839,ref
4763,9,155,0.0007158729067876206,ref
4764,9,156,0.0005898792751929993,ref
4765,9,157,0.000647149107736009,ref
4766,9,158,0.0005841522919386984,ref
4767,9,159,0.0005784253086843974,ref
4768,9,160,0.0005841522919386984,ref
4769,9,161,0.0006299681579731061,ref
4770,9,162,0.0005726983254300965,ref
4771,9,163,0.0005726983254300965,ref
4772,9,164,0.0005841522919386984,ref
4773,9,165,0.0005956062584473003,ref
4774,9,166,0.00048679357661558196,ref
4775,9,167,0.0005898792751929993,ref
4776,9,168,0.0005097015096327858,ref
4777,9,169,0.0006070602249559022,ref
4778,9,170,0.0006299681579731061,ref
4779,9,171,0.0005726983254300965,ref
4780,9,172,0.0005268824593956887,ref
4781,9,173,0.0005211554761413877,ref
4782,9,174,0.0005039745263784849,ref
4783,9,175,0.000492520559869883,ref
4784,9,176,0.000481066593361281,ref
4785,9,177,0.00048679357661558196,ref
4786,9,178,0.0005268824593956887,ref
4787,9,179,0.0005326094426499897,ref
4788,9,180,0.0005612443589214945,ref
4789,9,181,0.000492520559869883,ref
4790,9,182,0.0005039745263784849,ref
4791,9,183,0.000481066593361281,ref
4792,9,184,0.0004467046938354752,ref
4793,9,185,0.0005211554761413877,ref
4794,9,186,0.0004581586603440772,ref
4795,9,187,0.00042952374407257234,ref
4796,9,188,0.000481066593361281,ref
4797,9,189,0.0004696126268526791,ref
4798,9,190,0.00039516184454676655,ref
4799,9,191,0.00037798089478386363,ref
4800,9,192,0.00034361899525805784,ref
4801,9,193,0.00048679357661558196,ref
4802,9,194,0.00039516184454676655,ref
4803,9,195,0.00038370787803816464,ref
4804,9,196,0.00040661581105536846,ref
4805,9,197,0.00031498407898655306,ref
4806,9,198,0.0003550729617666598,ref
4807,9,199,0.0003665269282752617,ref
4808,9,200,0.00028634916271504823,ref
4809,9,201,0.0003894348612924656,ref
4810,9,202,0.00028634916271504823,ref
4811,9,203,0.0003550729617666598,ref
4812,9,204,0.00034934597851235885,ref
4813,9,205,0.0003550729617666598,ref
4814,9,206,0.000320711062240854,ref
4815,9,207,0.00034934597851235885,ref
4816,9,208,0.00037798089478386363,ref
4817,9,209,0.00040661581105536846,ref
4818,9,210,0.0004008888278010675,ref
4819,9,211,0.00040661581105536846,ref
4820,9,212,0.00031498407898655306,ref
4821,9,213,0.00038370787803816464,ref
4822,9,214,0.00023480631342633954,ref
4823,9,215,0.0003092570957322521,ref
4824,9,216,0.0003035301124779511,ref
4825,9,217,0.0003378920120037569,ref
4826,9,218,0.00033216502874945593,ref
4827,9,219,0.0002462602799349415,ref
4828,9,220,0.000326438045495155,ref
4829,9,221,0.00025198726318924244,ref
4830,9,222,0.000320711062240854,ref
4831,9,223,0.0004008888278010675,ref
4832,9,224,0.0003550729617666598,ref
4833,9,225,0.000326438045495155,ref
4834,9,226,0.00034934597851235885,ref
4835,9,227,0.00029780312922365014,ref
4836,9,228,0.0003665269282752617,ref
4837,9,229,0.000320711062240854,ref
4838,9,230,0.00029780312922365014,ref
4839,9,231,0.00029780312922365014,ref
4840,9,232,0.0002462602799349415,ref
4841,9,233,0.000326438045495155,ref
4842,9,234,0.00020044441390053375,ref
4843,9,235,0.0002748951962064463,ref
4844,9,236,0.00020044441390053375,ref
4845,9,237,0.00028062217946074727,ref
4846,9,238,0.0002233523469177376,ref
4847,9,239,0.0002691682129521453,ref
4848,9,240,0.0002290793301720386,ref
4849,9,241,0.000320711062240854,ref
4850,9,242,0.0002405332966806405,ref
4851,9,243,0.00023480631342633954,ref
4852,9,244,0.00021762536366343665,ref
4853,9,245,0.0002920761459693492,ref
4854,9,246,0.00025198726318924244,ref
4855,9,247,0.00025198726318924244,ref
4856,9,248,0.0003378920120037569,ref
4857,9,249,0.0002290793301720386,ref
4858,9,250,0.00014890156461182507,ref
4859,9,251,0.0001775364808833299,ref
4860,9,252,0.00012026664834032025,ref
4861,9,253,0.00021762536366343665,ref
4862,9,254,0.00010881268183171832,ref
4863,9,255,0.0002061713971548347,ref
4864,9,0,0.0008080368143864937,gen
4865,9,1,0.0009455749955586629,gen
4866,9,2,0.0008653443898748975,gen
4867,9,3,0.0007908445417399726,gen
4868,9,4,0.0008080368143864937,gen
4869,9,5,0.0007621907539957707,gen
4870,9,6,0.0008194983294841745,gen
4871,9,7,0.0007793830266422918,gen
4872,9,8,0.0006991524209585265,gen
4873,9,9,0.000796575299288813,gen
4874,9,10,0.0007048831785073669,gen
4875,9,11,0.0006876909058608458,gen
4876,9,12,0.0006590371181166439,gen
4877,9,13,0.0007621907539957707,gen
4878,9,14,0.000630383330372442,gen
4879,9,15,0.0006361140879212824,gen
4880,9,16,0.0006934216634096861,gen
4881,9,17,0.0008366906021306956,gen
4882,9,18,0.000630383330372442,gen
4883,9,19,0.000722075451153888,gen
4884,9,20,0.0007507292388980899,gen
4885,9,21,0.0006590371181166439,gen
4886,9,22,0.0006991524209585265,gen
4887,9,23,0.0006647678756654843,gen
4888,9,24,0.0007507292388980899,gen
4889,9,25,0.000676229390763165,gen
4890,9,26,0.0006590371181166439,gen
4891,9,27,0.0007679215115446111,gen
4892,9,28,0.0006074603001770804,gen
4893,9,29,0.0007679215115446111,gen
4894,9,30,0.0006246525728236015,gen
4895,9,31,0.0006876909058608458,gen
4896,9,32,0.0008194983294841745,gen
4897,9,33,0.0006418448454701227,gen
4898,9,34,0.0007564599964469303,gen
4899,9,35,0.000722075451153888,gen
4900,9,36,0.000676229390763165,gen
4901,9,37,0.0007335369662515688,gen
4902,9,38,0.000676229390763165,gen
4903,9,39,0.0006704986332143246,gen
4904,9,40,0.0005673449973351977,gen
4905,9,41,0.0006647678756654843,gen
4906,9,42,0.0007163446936050477,gen
4907,9,43,0.0006704986332143246,gen
4908,9,44,0.0007507292388980899,gen
4909,9,45,0.0006704986332143246,gen
4910,9,46,0.0006819601483120054,gen
4911,9,47,0.0007908445417399726,gen
4912,9,48,0.0005100374218467939,gen
4913,9,49,0.0007507292388980899,gen
4914,9,50,0.0005157681793956343,gen
4915,9,51,0.0007564599964469303,gen
4916,9,52,0.000630383330372442,gen
4917,9,53,0.0006475756030189631,gen
4918,9,54,0.0007507292388980899,gen
4919,9,55,0.0005902680275305592,gen
4920,9,56,0.0006246525728236015,gen
4921,9,57,0.0006590371181166439,gen
4922,9,58,0.0006704986332143246,gen
4923,9,59,0.0006934216634096861,gen
4924,9,60,0.0006819601483120054,gen
4925,9,61,0.0006819601483120054,gen
4926,9,62,0.0005959987850793996,gen
4927,9,63,0.0005845372699817188,gen
4928,9,64,0.0006074603001770804,gen
4929,9,65,0.0006131910577259207,gen
4930,9,66,0.0006189218152747611,gen
4931,9,67,0.0006533063605678035,gen
4932,9,68,0.0004985759067491132,gen
4933,9,69,0.0006876909058608458,gen
4934,9,70,0.0006418448454701227,gen
4935,9,71,0.0005959987850793996,gen
4936,9,72,0.0006131910577259207,gen
4937,9,73,0.0005788065124328785,gen
4938,9,74,0.0005501527246886766,gen
4939,9,75,0.0006189218152747611,gen
4940,9,76,0.0005902680275305592,gen
4941,9,77,0.0006074603001770804,gen
4942,9,78,0.0005616142397863573,gen
4943,9,79,0.0005845372699817188,gen
4944,9,80,0.0005788065124328785,gen
4945,9,81,0.0005959987850793996,gen
4946,9,82,0.0005329604520421554,gen
4947,9,83,0.000676229390763165,gen
4948,9,84,0.0005845372699817188,gen
4949,9,85,0.0007048831785073669,gen
4950,9,86,0.0005902680275305592,gen
4951,9,87,0.0005902680275305592,gen
4952,9,88,0.000555883482237517,gen
4953,9,89,0.0006131910577259207,gen
4954,9,90,0.0005214989369444747,gen
4955,9,91,0.0005444219671398362,gen
4956,9,92,0.0006704986332143246,gen
4957,9,93,0.0005272296944933151,gen
4958,9,94,0.0005100374218467939,gen
4959,9,95,0.0005902680275305592,gen
4960,9,96,0.0004928451492002728,gen
4961,9,97,0.0005616142397863573,gen
4962,9,98,0.0007048831785073669,gen
4963,9,99,0.000630383330372442,gen
4964,9,100,0.0005329604520421554,gen
4965,9,101,0.0005959987850793996,gen
4966,9,102,0.0005845372699817188,gen
4967,9,103,0.0005673449973351977,gen
4968,9,104,0.000555883482237517,gen
4969,9,105,0.00045272984635839013,gen
4970,9,106,0.0005501527246886766,gen
4971,9,107,0.0005788065124328785,gen
4972,9,108,0.0004928451492002728,gen
4973,9,109,0.000555883482237517,gen
4974,9,110,0.000630383330372442,gen
4975,9,111,0.0005616142397863573,gen
4976,9,112,0.0007048831785073669,gen
4977,9,113,0.00045272984635839013,gen
4978,9,114,0.0004412683312607094,gen
4979,9,115,0.0005043066642979535,gen
4980,9,116,0.0005157681793956343,gen
4981,9,117,0.00047565287655375164,gen
4982,9,118,0.0004985759067491132,gen
4983,9,119,0.0005788065124328785,gen
4984,9,120,0.0004928451492002728,gen
4985,9,121,0.0005272296944933151,gen
4986,9,122,0.0005616142397863573,gen
4987,9,123,0.0005673449973351977,gen
4988,9,124,0.00046992211900491124,gen
4989,9,125,0.0005272296944933151,gen
4990,9,126,0.0005845372699817188,gen
4991,9,127,0.000555883482237517,gen
4992,9,128,0.0005386912095909958,gen
4993,9,129,0.0005157681793956343,gen
4994,9,130,0.0005730757548840381,gen
4995,9,131,0.000435537573711869,gen
4996,9,132,0.00047565287655375164,gen
4997,9,133,0.0005444219671398362,gen
4998,9,134,0.0003667684831257844,gen
4999,9,135,0.0004985759067491132,gen
5000,9,136,0.000555883482237517,gen
5001,9,137,0.0005616142397863573,gen
5002,9,138,0.0005329604520421554,gen
5003,9,139,0.0004928451492002728,gen
5004,9,140,0.000435537573711869,gen
5005,9,141,0.00047565287655375164,gen
5006,9,142,0.00047565287655375164,gen
5007,9,143,0.0004183453010653478,gen
5008,9,144,0.0003724992406746248,gen
5009,9,145,0.0005444219671398362,gen
5010,9,146,0.0004412683312607094,gen
5011,9,147,0.0004928451492002728,gen
5012,9,148,0.00045272984635839013,gen
5013,9,149,0.00045272984635839013,gen
5014,9,150,0.0005214989369444747,gen
5015,9,151,0.0005386912095909958,gen
5016,9,152,0.0005444219671398362,gen
5017,9,153,0.00048138363410259204,gen
5018,9,154,0.00046992211900491124,gen
5019,9,155,0.00046992211900491124,gen
5020,9,156,0.00060172954262824,gen
5021,9,157,0.0005100374218467939,gen
5022,9,158,0.00040115302841882666,gen
5023,9,159,0.00044699908880954973,gen
5024,9,160,0.00041261454351650747,gen
5025,9,161,0.0003954222708699863,gen
5026,9,162,0.00048138363410259204,gen
5027,9,163,0.00045272984635839013,gen
5028,9,164,0.0005214989369444747,gen
5029,9,165,0.0003381146953815825,gen
5030,9,166,0.00046992211900491124,gen
5031,9,167,0.0005272296944933151,gen
5032,9,168,0.0005214989369444747,gen
5033,9,169,0.0003954222708699863,gen
5034,9,170,0.0005157681793956343,gen
5035,9,171,0.0004183453010653478,gen
5036,9,172,0.00038396075577230555,gen
5037,9,173,0.00042980681616302857,gen
5038,9,174,0.00046992211900491124,gen
5039,9,175,0.00045272984635839013,gen
5040,9,176,0.0005214989369444747,gen
5041,9,177,0.00041261454351650747,gen
5042,9,178,0.0005444219671398362,gen
5043,9,179,0.0004412683312607094,gen
5044,9,180,0.0004928451492002728,gen
5045,9,181,0.0004641913614560709,gen
5046,9,182,0.00038396075577230555,gen
5047,9,183,0.00041261454351650747,gen
5048,9,184,0.0003954222708699863,gen
5049,9,185,0.0003896915133211459,gen
5050,9,186,0.00037822999822346515,gen
5051,9,187,0.0004641913614560709,gen
5052,9,188,0.0003724992406746248,gen
5053,9,189,0.00042980681616302857,gen
5054,9,190,0.0004641913614560709,gen
5055,9,191,0.00040115302841882666,gen
5056,9,192,0.0004928451492002728,gen
5057,9,193,0.00040115302841882666,gen
5058,9,194,0.0003724992406746248,gen
5059,9,195,0.00040115302841882666,gen
5060,9,196,0.000435537573711869,gen
5061,9,197,0.00035530696802810364,gen
5062,9,198,0.0004641913614560709,gen
5063,9,199,0.0004412683312607094,gen
5064,9,200,0.00045272984635839013,gen
5065,9,201,0.0003667684831257844,gen
5066,9,202,0.000435537573711869,gen
5067,9,203,0.0003954222708699863,gen
5068,9,204,0.000435537573711869,gen
5069,9,205,0.00040115302841882666,gen
5070,9,206,0.00041261454351650747,gen
5071,9,207,0.0003724992406746248,gen
5072,9,208,0.00041261454351650747,gen
5073,9,209,0.00038396075577230555,gen
5074,9,210,0.0003667684831257844,gen
5075,9,211,0.000361037725576944,gen
5076,9,212,0.0002922686349908594,gen
5077,9,213,0.00035530696802810364,gen
5078,9,214,0.00033238393783274213,gen
5079,9,215,0.00038396075577230555,gen
5080,9,216,0.00037822999822346515,gen
5081,9,217,0.0003438454529304229,gen
5082,9,218,0.00044699908880954973,gen
5083,9,219,0.00044699908880954973,gen
5084,9,220,0.00040115302841882666,gen
5085,9,221,0.00040115302841882666,gen
5086,9,222,0.00035530696802810364,gen
5087,9,223,0.0002922686349908594,gen
5088,9,224,0.0003667684831257844,gen
5089,9,225,0.00038396075577230555,gen
5090,9,226,0.0003438454529304229,gen
5091,9,227,0.0003667684831257844,gen
5092,9,228,0.000315191665186221,gen
5093,9,229,0.00020057651420941333,gen
5094,9,230,0.00035530696802810364,gen
5095,9,231,0.0002979993925396998,gen
5096,9,232,0.0003381146953815825,gen
5097,9,233,0.0002979993925396998,gen
5098,9,234,0.00026361484724665756,gen
5099,9,235,0.0002922686349908594,gen
5100,9,236,0.00040115302841882666,gen
5101,9,237,0.0002922686349908594,gen
5102,9,238,0.0003667684831257844,gen
5103,9,239,0.00037822999822346515,gen
5104,9,240,0.00033238393783274213,gen
5105,9,241,0.0002922686349908594,gen
5106,9,242,0.0003381146953815825,gen
5107,9,243,0.00042980681616302857,gen
5108,9,244,0.00032665318028390173,gen
5109,9,245,0.0003724992406746248,gen
5110,9,246,0.00037822999822346515,gen
5111,9,247,0.000361037725576944,gen
5112,9,248,0.0003381146953815825,gen
5113,9,249,0.0004183453010653478,gen
5114,9,250,0.00033238393783274213,gen
5115,9,251,0.00026361484724665756,gen
5116,9,252,0.0003037301500885402,gen
5117,9,253,0.0002922686349908594,gen
5118,9,254,0.00030946090763738057,gen
5119,9,255,0.0005100374218467939,gen
5120,10,0,0.0009772231827407352,ref
5121,10,1,0.0009020521686837555,ref
5122,10,2,0.0008644666616552658,ref
5123,10,3,0.0011275652108546945,ref
5124,10,4,0.0009772231827407352,ref
5125,10,5,0.0011651507178831843,ref
5126,10,6,0.0010148086897692249,ref
5127,10,7,0.0011651507178831843,ref
5128,10,8,0.0007892956475982861,ref
5129,10,9,0.0009020521686837555,ref
5130,10,10,0.0005261970983988574,ref
5131,10,11,0.0007892956475982861,ref
5132,10,12,0.0007517101405697963,ref
5133,10,13,0.0007517101405697963,ref
5134,10,14,0.0007141246335413064,ref
5135,10,15,0.0007892956475982861,ref
5136,10,16,0.0008268811546267759,ref
5137,10,17,0.0010899797038262046,ref
5138,10,18,0.0010899797038262046,ref
5139,10,19,0.0010148086897692249,ref
5140,10,20,0.0009020521686837555,ref
5141,10,21,0.0006389536194843268,ref
5142,10,22,0.0005637826054273472,ref
5143,10,23,0.0011275652108546945,ref
5144,10,24,0.0007892956475982861,ref
5145,10,25,0.0010899797038262046,ref
5146,10,26,0.000601368112455837,ref
5147,10,27,0.0010899797038262046,ref
5148,10,28,0.0008268811546267759,ref
5149,10,29,0.0009020521686837555,ref
5150,10,30,0.0006765391265128167,ref
5151,10,31,0.0005261970983988574,ref
5152,10,32,0.0006389536194843268,ref
5153,10,33,0.0008644666616552658,ref
5154,10,34,0.0007141246335413064,ref
5155,10,35,0.0004886115913703676,ref
5156,10,36,0.00037585507028489815,ref
5157,10,37,0.000601368112455837,ref
5158,10,38,0.0006765391265128167,ref
5159,10,39,0.0007892956475982861,ref
5160,10,40,0.0008644666616552658,ref
5161,10,41,0.0006389536194843268,ref
5162,10,42,0.0007892956475982861,ref
5163,10,43,0.0005637826054273472,ref
5164,10,44,0.0009396376757122454,ref
5165,10,45,0.000601368112455837,ref
5166,10,46,0.0009396376757122454,ref
5167,10,47,0.0007517101405697963,ref
5168,10,48,0.0010148086897692249,ref
5169,10,49,0.0010148086897692249,ref
5170,10,50,0.0008644666616552658,ref
5171,10,51,0.0005261970983988574,ref
5172,10,52,0.0006765391265128167,ref
5173,10,53,0.0008644666616552658,ref
5174,10,54,0.0007141246335413064,ref
5175,10,55,0.0008268811546267759,ref
5176,10,56,0.000601368112455837,ref
5177,10,57,0.0007141246335413064,ref
5178,10,58,0.0005637826054273472,ref
5179,10,59,0.0008268811546267759,ref
5180,10,60,0.0006389536194843268,ref
5181,10,61,0.0010899797038262046,ref
5182,10,62,0.0007141246335413064,ref
5183,10,63,0.0009772231827407352,ref
5184,10,64,0.0005261970983988574,ref
5185,10,65,0.0007517101405697963,ref
5186,10,66,0.0005637826054273472,ref
5187,10,67,0.0007892956475982861,ref
5188,10,68,0.0010523941967977147,ref
5189,10,69,0.0004886115913703676,ref
5190,10,70,0.0005261970983988574,ref
5191,10,71,0.0008644666616552658,ref
5192,10,72,0.0011651507178831843,ref
5193,10,73,0.0007141246335413064,ref
5194,10,74,0.0008644666616552658,ref
5195,10,75,0.0006765391265128167,ref
5196,10,76,0.0006765391265128167,ref
5197,10,77,0.0006389536194843268,ref
5198,10,78,0.0007517101405697963,ref
5199,10,79,0.00045102608434187776,ref
5200,10,80,0.0008644666616552658,ref
5201,10,81,0.000601368112455837,ref
5202,10,82,0.0007517101405697963,ref
5203,10,83,0.0006765391265128167,ref
5204,10,84,0.0004886115913703676,ref
5205,10,85,0.000601368112455837,ref
5206,10,86,0.0007892956475982861,ref
5207,10,87,0.00037585507028489815,ref
5208,10,88,0.0006765391265128167,ref
5209,10,89,0.0006389536194843268,ref
5210,10,90,0.0008644666616552658,ref
5211,10,91,0.0006765391265128167,ref
5212,10,92,0.00037585507028489815,ref
5213,10,93,0.00033826956325640835,ref
5214,10,94,0.00041344057731338796,ref
5215,10,95,0.00033826956325640835,ref
5216,10,96,0.0008268811546267759,ref
5217,10,97,0.0005261970983988574,ref
5218,10,98,0.0009772231827407352,ref
5219,10,99,0.0008268811546267759,ref
5220,10,100,0.00045102608434187776,ref
5221,10,101,0.0009772231827407352,ref
5222,10,102,0.0006389536194843268,ref
5223,10,103,0.0005637826054273472,ref
5224,10,104,0.0004886115913703676,ref
5225,10,105,0.0007517101405697963,ref
5226,10,106,0.0006389536194843268,ref
5227,10,107,0.0006389536194843268,ref
5228,10,108,0.0008268811546267759,ref
5229,10,109,0.0005637826054273472,ref
5230,10,110,0.0011275652108546945,ref
5231,10,111,0.0006765391265128167,ref
5232,10,112,0.0004886115913703676,ref
5233,10,113,0.0005637826054273472,ref
5234,10,114,0.000601368112455837,ref
5235,10,115,0.0006765391265128167,ref
5236,10,116,0.0007141246335413064,ref
5237,10,117,0.0005637826054273472,ref
5238,10,118,0.0005637826054273472,ref
5239,10,119,0.000601368112455837,ref
5240,10,120,0.0005637826054273472,ref
5241,10,121,0.0006389536194843268,ref
5242,10,122,0.0007141246335413064,ref
5243,10,123,0.0007517101405697963,ref
5244,10,124,0.0007517101405697963,ref
5245,10,125,0.0007141246335413064,ref
5246,10,126,0.0005637826054273472,ref
5247,10,127,0.0006389536194843268,ref
5248,10,128,0.000601368112455837,ref
5249,10,129,0.0004886115913703676,ref
5250,10,130,0.0007517101405697963,ref
5251,10,131,0.0005637826054273472,ref
5252,10,132,0.0004886115913703676,ref
5253,10,133,0.00045102608434187776,ref
5254,10,134,0.000601368112455837,ref
5255,10,135,0.0007141246335413064,ref
5256,10,136,0.0005637826054273472,ref
5257,10,137,0.0007141246335413064,ref
5258,10,138,0.0007141246335413064,ref
5259,10,139,0.0005261970983988574,ref
5260,10,140,0.0007517101405697963,ref
5261,10,141,0.00045102608434187776,ref
5262,10,142,0.00045102608434187776,ref
5263,10,143,0.0006389536194843268,ref
5264,10,144,0.0005261970983988574,ref
5265,10,145,0.0005261970983988574,ref
5266,10,146,0.0009020521686837555,ref
5267,10,147,0.0004886115913703676,ref
5268,10,148,0.0006389536194843268,ref
5269,10,149,0.0005261970983988574,ref
5270,10,150,0.0005261970983988574,ref
5271,10,151,0.0005261970983988574,ref
5272,10,152,0.000601368112455837,ref
5273,10,153,0.0006389536194843268,ref
5274,10,154,0.0008644666616552658,ref
5275,10,155,0.0008644666616552658,ref
5276,10,156,0.0006389536194843268,ref
5277,10,157,0.0009020521686837555,ref
5278,10,158,0.0005637826054273472,ref
5279,10,159,0.0006389536194843268,ref
5280,10,160,0.0003006840562279185,ref
5281,10,161,0.0007141246335413064,ref
5282,10,162,0.0005261970983988574,ref
5283,10,163,0.0007141246335413064,ref
5284,10,164,0.0005637826054273472,ref
5285,10,165,0.000601368112455837,ref
5286,10,166,0.0004886115913703676,ref
5287,10,167,0.00041344057731338796,ref
5288,10,168,0.0005261970983988574,ref
5289,10,169,0.0006389536194843268,ref
5290,10,170,0.0004886115913703676,ref
5291,10,171,0.00045102608434187776,ref
5292,10,172,0.0005637826054273472,ref
5293,10,173,0.00041344057731338796,ref
5294,10,174,0.00037585507028489815,ref
5295,10,175,0.0005637826054273472,ref
5296,10,176,0.0002630985491994287,ref
5297,10,177,0.00033826956325640835,ref
5298,10,178,0.00033826956325640835,ref
5299,10,179,0.000601368112455837,ref
5300,10,180,0.00045102608434187776,ref
5301,10,181,0.0005637826054273472,ref
5302,10,182,0.00045102608434187776,ref
5303,10,183,0.000601368112455837,ref
5304,10,184,0.0007517101405697963,ref
5305,10,185,0.0005637826054273472,ref
5306,10,186,0.0005261970983988574,ref
5307,10,187,0.0007141246335413064,ref
5308,10,188,0.00037585507028489815,ref
5309,10,189,0.0005261970983988574,ref
5310,10,190,0.00033826956325640835,ref
5311,10,191,0.0002630985491994287,ref
5312,10,192,0.0002630985491994287,ref
5313,10,193,0.0004886115913703676,ref
5314,10,194,0.000601368112455837,ref
5315,10,195,0.0004886115913703676,ref
5316,10,196,0.00022551304217093888,ref
5317,10,197,0.0003006840562279185,ref
5318,10,198,0.00022551304217093888,ref
5319,10,199,0.00037585507028489815,ref
5320,10,200,0.00015034202811395924,ref
5321,10,201,0.00033826956325640835,ref
5322,10,202,0.00033826956325640835,ref
5323,10,203,0.00041344057731338796,ref
5324,10,204,0.00022551304217093888,ref
5325,10,205,0.00041344057731338796,ref
5326,10,206,0.00033826956325640835,ref
5327,10,207,0.0004886115913703676,ref
5328,10,208,0.0003006840562279185,ref
5329,10,209,0.0002630985491994287,ref
5330,10,210,0.00011275652108546944,ref
5331,10,211,0.0003006840562279185,ref
5332,10,212,0.0002630985491994287,ref
5333,10,213,0.00022551304217093888,ref
5334,10,214,0.00045102608434187776,ref
5335,10,215,0.00011275652108546944,ref
5336,10,216,0.0003006840562279185,ref
5337,10,217,0.00022551304217093888,ref
5338,10,218,0.00011275652108546944,ref
5339,10,219,0.00018792753514244908,ref
5340,10,220,0.00033826956325640835,ref
5341,10,221,0.00041344057731338796,ref
5342,10,222,0.0002630985491994287,ref
5343,10,223,0.0002630985491994287,ref
5344,10,224,0.00011275652108546944,ref
5345,10,225,0.0003006840562279185,ref
5346,10,226,0.00018792753514244908,ref
5347,10,227,0.00018792753514244908,ref
5348,10,228,0.00022551304217093888,ref
5349,10,229,0.0003006840562279185,ref
5350,10,230,0.00011275652108546944,ref
5351,10,231,0.0002630985491994287,ref
5352,10,232,0.00015034202811395924,ref
5353,10,233,0.00015034202811395924,ref
5354,10,234,0.00015034202811395924,ref
5355,10,235,3.758550702848981e-05,ref
5356,10,236,0.00018792753514244908,ref
5357,10,237,0.00022551304217093888,ref
5358,10,238,7.517101405697962e-05,ref
5359,10,239,0.00022551304217093888,ref
5360,10,240,0.00011275652108546944,ref
5361,10,241,0.00011275652108546944,ref
5362,10,242,0.00018792753514244908,ref
5363,10,243,0.00018792753514244908,ref
5364,10,244,0.0002630985491994287,ref
5365,10,245,0.00018792753514244908,ref
5366,10,246,0.00018792753514244908,ref
5367,10,247,7.517101405697962e-05,ref
5368,10,248,0.00015034202811395924,ref
5369,10,249,0.00022551304217093888,ref
5370,10,250,0.00015034202811395924,ref
5371,10,251,0.0,ref
5372,10,252,3.758550702848981e-05,ref
5373,10,253,3.758550702848981e-05,ref
5374,10,254,3.758550702848981e-05,ref
5375,10,255,0.00011275652108546944,ref
5376,10,0,0.0007428592653121866,gen
5377,10,1,0.0006685733387809679,gen
5378,10,2,0.0009657170449058426,gen
5379,10,3,0.00055714444898414,gen
5380,10,4,0.00055714444898414,gen
5381,10,5,0.0007428592653121866,gen
5382,10,6,0.0006685733387809679,gen
5383,10,7,0.0007800022285777959,gen
5384,10,8,0.0008542881551090146,gen
5385,10,9,0.0008542881551090146,gen
5386,10,10,0.0007057163020465773,gen
5387,10,11,0.0007057163020465773,gen
5388,10,12,0.0006685733387809679,gen
5389,10,13,0.0007428592653121866,gen
5390,10,14,0.0006314303755153586,gen
5391,10,15,0.0004085725959217026,gen
5392,10,16,0.0007800022285777959,gen
5393,10,17,0.00055714444898414,gen
5394,10,18,0.0008171451918434052,gen
5395,10,19,0.00055714444898414,gen
5396,10,20,0.0007800022285777959,gen
5397,10,21,0.0006685733387809679,gen
5398,10,22,0.0007057163020465773,gen
5399,10,23,0.0008542881551090146,gen
5400,10,24,0.0007057163020465773,gen
5401,10,25,0.0005942874122497493,gen
5402,10,26,0.00044571555918731197,gen
5403,10,27,0.0006314303755153586,gen
5404,10,28,0.0005200014857185306,gen
5405,10,29,0.0006314303755153586,gen
5406,10,30,0.0006314303755153586,gen
5407,10,31,0.0007428592653121866,gen
5408,10,32,0.0006314303755153586,gen
5409,10,33,0.0008542881551090146,gen
5410,10,34,0.0006314303755153586,gen
5411,10,35,0.0007057163020465773,gen
5412,10,36,0.0008171451918434052,gen
5413,10,37,0.0004085725959217026,gen
5414,10,38,0.0007428592653121866,gen
5415,10,39,0.0003714296326560933,gen
5416,10,40,0.0004828585224529213,gen
5417,10,41,0.0004828585224529213,gen
5418,10,42,0.00055714444898414,gen
5419,10,43,0.0006685733387809679,gen
5420,10,44,0.00055714444898414,gen
5421,10,45,0.0005942874122497493,gen
5422,10,46,0.0005200014857185306,gen
5423,10,47,0.0007428592653121866,gen
5424,10,48,0.0006685733387809679,gen
5425,10,49,0.0008914311183746239,gen
5426,10,50,0.0006685733387809679,gen
5427,10,51,0.0008171451918434052,gen
5428,10,52,0.00055714444898414,gen
5429,10,53,0.0006314303755153586,gen
5430,10,54,0.0003714296326560933,gen
5431,10,55,0.00055714444898414,gen
5432,10,56,0.0006685733387809679,gen
5433,10,57,0.0007428592653121866,gen
5434,10,58,0.00055714444898414,gen
5435,10,59,0.0006314303755153586,gen
5436,10,60,0.0007428592653121866,gen
5437,10,61,0.0005200014857185306,gen
5438,10,62,0.0007057163020465773,gen
5439,10,63,0.00055714444898414,gen
5440,10,64,0.0007057163020465773,gen
5441,10,65,0.00055714444898414,gen
5442,10,66,0.0007057163020465773,gen
5443,10,67,0.0006314303755153586,gen
5444,10,68,0.0005942874122497493,gen
5445,10,69,0.0006314303755153586,gen
5446,10,70,0.0003714296326560933,gen
5447,10,71,0.0004828585224529213,gen
5448,10,72,0.00055714444898414,gen
5449,10,73,0.0006685733387809679,gen
5450,10,74,0.0005942874122497493,gen
5451,10,75,0.0008542881551090146,gen
5452,10,76,0.0005200014857185306,gen
5453,10,77,0.00044571555918731197,gen
5454,10,78,0.0005942874122497493,gen
5455,10,79,0.0004828585224529213,gen
5456,10,80,0.0006685733387809679,gen
5457,10,81,0.0005942874122497493,gen
5458,10,82,0.0006685733387809679,gen
5459,10,83,0.0005942874122497493,gen
5460,10,84,0.0007800022285777959,gen
5461,10,85,0.0005942874122497493,gen
5462,10,86,0.0007800022285777959,gen
5463,10,87,0.0004828585224529213,gen
5464,10,88,0.0009285740816402332,gen
5465,10,89,0.0008171451918434052,gen
5466,10,90,0.0005942874122497493,gen
5467,10,91,0.0005942874122497493,gen
5468,10,92,0.0006314303755153586,gen
5469,10,93,0.0003714296326560933,gen
5470,10,94,0.0007057163020465773,gen
5471,10,95,0.0005942874122497493,gen
5472,10,96,0.00055714444898414,gen
5473,10,97,0.0005200014857185306,gen
5474,10,98,0.00018571481632804665,gen
5475,10,99,0.00055714444898414,gen
5476,10,100,0.00033428666939048395,gen
5477,10,101,0.0006314303755153586,gen
5478,10,102,0.00029714370612487465,gen
5479,10,103,0.0005200014857185306,gen
5480,10,104,0.0005200014857185306,gen
5481,10,105,0.0008914311183746239,gen
5482,10,106,0.0005942874122497493,gen
5483,10,107,0.00033428666939048395,gen
5484,10,108,0.0006685733387809679,gen
5485,10,109,0.0005200014857185306,gen
5486,10,110,0.00044571555918731197,gen
5487,10,111,0.0006685733387809679,gen
5488,10,112,0.0006314303755153586,gen
5489,10,113,0.0006685733387809679,gen
5490,10,114,0.0004085725959217026,gen
5491,10,115,0.0005942874122497493,gen
5492,10,116,0.00033428666939048395,gen
5493,10,117,0.0003714296326560933,gen
5494,10,118,0.0004828585224529213,gen
5495,10,119,0.0004828585224529213,gen
5496,10,120,0.0002600007428592653,gen
5497,10,121,0.0005200014857185306,gen
5498,10,122,0.00029714370612487465,gen
5499,10,123,0.0003714296326560933,gen
5500,10,124,0.0006685733387809679,gen
5501,10,125,0.00044571555918731197,gen
5502,10,126,0.0004828585224529213,gen
5503,10,127,0.00055714444898414,gen
5504,10,128,0.00055714444898414,gen
5505,10,129,0.0005200014857185306,gen
5506,10,130,0.0006685733387809679,gen
5507,10,131,0.00055714444898414,gen
5508,10,132,0.00055714444898414,gen
5509,10,133,0.0004085725959217026,gen
5510,10,134,0.0005200014857185306,gen
5511,10,135,0.0004085725959217026,gen
5512,10,136,0.0004828585224529213,gen
5513,10,137,0.0002600007428592653,gen
5514,10,138,0.0004828585224529213,gen
5515,10,139,0.0005200014857185306,gen
5516,10,140,0.0004085725959217026,gen
5517,10,141,0.0002600007428592653,gen
5518,10,142,0.0007800022285777959,gen
5519,10,143,0.0004828585224529213,gen
5520,10,144,0.0003714296326560933,gen
5521,10,145,0.00033428666939048395,gen
5522,10,146,0.00044571555918731197,gen
5523,10,147,0.0003714296326560933,gen
5524,10,148,0.0004085725959217026,gen
5525,10,149,0.0004085725959217026,gen
5526,10,150,0.0005200014857185306,gen
5527,10,151,0.00055714444898414,gen
5528,10,152,0.00029714370612487465,gen
5529,10,153,0.0005942874122497493,gen
5530,10,154,0.0005200014857185306,gen
5531,10,155,0.0005942874122497493,gen
5532,10,156,0.0002600007428592653,gen
5533,10,157,0.0005200014857185306,gen
5534,10,158,0.00029714370612487465,gen
5535,10,159,0.0004085725959217026,gen
5536,10,160,0.0003714296326560933,gen
5537,10,161,0.00055714444898414,gen
5538,10,162,0.00044571555918731197,gen
5539,10,163,0.0002600007428592653,gen
5540,10,164,0.00055714444898414,gen
5541,10,165,0.0004828585224529213,gen
5542,10,166,0.0004828585224529213,gen
5543,10,167,0.0003714296326560933,gen
5544,10,168,0.00033428666939048395,gen
5545,10,169,0.0003714296326560933,gen
5546,10,170,0.0005200014857185306,gen
5547,10,171,0.00044571555918731197,gen
5548,10,172,0.0005942874122497493,gen
5549,10,173,0.0004828585224529213,gen
5550,10,174,0.0006314303755153586,gen
5551,10,175,0.0005200014857185306,gen
5552,10,176,0.0006314303755153586,gen
5553,10,177,0.0005200014857185306,gen
5554,10,178,0.00044571555918731197,gen
5555,10,179,0.0006314303755153586,gen
5556,10,180,0.00055714444898414,gen
5557,10,181,0.0003714296326560933,gen
5558,10,182,0.0003714296326560933,gen
5559,10,183,0.00044571555918731197,gen
5560,10,184,0.0003714296326560933,gen
5561,10,185,0.0004085725959217026,gen
5562,10,186,0.0004828585224529213,gen
5563,10,187,0.0005942874122497493,gen
5564,10,188,0.0006314303755153586,gen
5565,10,189,0.0005200014857185306,gen
5566,10,190,0.0005200014857185306,gen
5567,10,191,0.0004828585224529213,gen
5568,10,192,0.0006685733387809679,gen
5569,10,193,0.0005942874122497493,gen
5570,10,194,0.0004085725959217026,gen
5571,10,195,0.00033428666939048395,gen
5572,10,196,0.00044571555918731197,gen
5573,10,197,0.0004828585224529213,gen
5574,10,198,0.00022285777959365599,gen
5575,10,199,0.0006685733387809679,gen
5576,10,200,0.00055714444898414,gen
5577,10,201,0.00055714444898414,gen
5578,10,202,0.00033428666939048395,gen
5579,10,203,0.0002600007428592653,gen
5580,10,204,0.00044571555918731197,gen
5581,10,205,0.0004828585224529213,gen
5582,10,206,0.00011142888979682799,gen
5583,10,207,0.00055714444898414,gen
5584,10,208,0.0004085725959217026,gen
5585,10,209,0.0003714296326560933,gen
5586,10,210,0.0002600007428592653,gen
5587,10,211,0.0004085725959217026,gen
5588,10,212,0.0003714296326560933,gen
5589,10,213,0.0002600007428592653,gen
5590,10,214,0.0005942874122497493,gen
5591,10,215,0.00033428666939048395,gen
5592,10,216,0.00033428666939048395,gen
5593,10,217,0.0003714296326560933,gen
5594,10,218,0.0004085725959217026,gen
5595,10,219,0.0002600007428592653,gen
5596,10,220,0.0006314303755153586,gen
5597,10,221,0.0003714296326560933,gen
5598,10,222,0.0004085725959217026,gen
5599,10,223,0.0005200014857185306,gen
5600,10,224,0.0003714296326560933,gen
5601,10,225,0.00044571555918731197,gen
5602,10,226,0.0004085725959217026,gen
5603,10,227,0.0004828585224529213,gen
5604,10,228,0.00033428666939048395,gen
5605,10,229,0.00029714370612487465,gen
5606,10,230,0.00018571481632804665,gen
5607,10,231,0.00022285777959365599,gen
5608,10,232,0.00029714370612487465,gen
5609,10,233,0.00029714370612487465,gen
5610,10,234,0.00029714370612487465,gen
5611,10,235,0.00029714370612487465,gen
5612,10,236,0.00044571555918731197,gen
5613,10,237,0.0002600007428592653,gen
5614,10,238,0.00018571481632804665,gen
5615,10,239,0.00029714370612487465,gen
5616,10,240,0.00033428666939048395,gen
5617,10,241,0.00014857185306243732,gen
5618,10,242,0.00022285777959365599,gen
5619,10,243,0.00033428666939048395,gen
5620,10,244,0.00018571481632804665,gen
5621,10,245,0.0004085725959217026,gen
5622,10,246,0.0002600007428592653,gen
5623,10,247,0.00029714370612487465,gen
5624,10,248,0.0003714296326560933,gen
5625,10,249,0.00055714444898414,gen
5626,10,250,0.00033428666939048395,gen
5627,10,251,0.00029714370612487465,gen
5628,10,252,0.0004085725959217026,gen
5629,10,253,0.00033428666939048395,gen
5630,10,254,0.0002600007428592653,gen
5631,10,255,0.0004085725959217026,gen
5632,11,0,0.0007715089221273737,ref
5633,11,1,0.0008212836912968816,ref
5634,11,2,0.0011448196908986834,ref
5635,11,3,0.0008959458450511435,ref
5636,11,4,0.0010701575371444216,ref
5637,11,5,0.0007963963067121276,ref
5638,11,6,0.0008212836912968816,ref
5639,11,7,0.0009706079988054055,ref
5640,11,8,0.0008959458450511435,ref
5641,11,9,0.0008212836912968816,ref
5642,11,10,0.0011448196908986834,ref
5643,11,11,0.0010701575371444216,ref
5644,11,12,0.0007715089221273737,ref
5645,11,13,0.0010203827679749135,ref
5646,11,14,0.0009706079988054055,ref
5647,11,15,0.0007466215375426196,ref
5648,11,16,0.0009706079988054055,ref
5649,11,17,0.0008212836912968816,ref
5650,11,18,0.0009706079988054055,ref
5651,11,19,0.0008461710758816356,ref
5652,11,20,0.0007466215375426196,ref
5653,11,21,0.0005475224608645878,ref
5654,11,22,0.0010701575371444216,ref
5655,11,23,0.0007466215375426196,ref
5656,11,24,0.0008461710758816356,ref
5657,11,25,0.0008461710758816356,ref
5658,11,26,0.0007466215375426196,ref
5659,11,27,0.0010452701525596674,ref
5660,11,28,0.0008461710758816356,ref
5661,11,29,0.0010203827679749135,ref
5662,11,30,0.0007963963067121276,ref
5663,11,31,0.0007963963067121276,ref
5664,11,32,0.0007963963067121276,ref
5665,11,33,0.0007217341529578657,ref
5666,11,34,0.0006719593837883577,ref
5667,11,35,0.0008461710758816356,ref
5668,11,36,0.0009457206142206516,ref
5669,11,37,0.0007217341529578657,ref
5670,11,38,0.0007217341529578657,ref
5671,11,39,0.0004728603071103258,ref
5672,11,40,0.0007715089221273737,ref
5673,11,41,0.0007217341529578657,ref
5674,11,42,0.0006470719992036037,ref
5675,11,43,0.0007963963067121276,ref
5676,11,44,0.0010203827679749135,ref
5677,11,45,0.0007715089221273737,ref
5678,11,46,0.0007466215375426196,ref
5679,11,47,0.0008710584604663896,ref
5680,11,48,0.0007963963067121276,ref
5681,11,49,0.0010452701525596674,ref
5682,11,50,0.0008212836912968816,ref
5683,11,51,0.0007715089221273737,ref
5684,11,52,0.0008461710758816356,ref
5685,11,53,0.0007715089221273737,ref
5686,11,54,0.0008212836912968816,ref
5687,11,55,0.0006719593837883577,ref
5688,11,56,0.0007466215375426196,ref
5689,11,57,0.0004728603071103258,ref
5690,11,58,0.0007715089221273737,ref
5691,11,59,0.0006470719992036037,ref
5692,11,60,0.0005724098454493417,ref
5693,11,61,0.0004977476916950798,ref
5694,11,62,0.0008959458450511435,ref
5695,11,63,0.0006221846146188498,ref
5696,11,64,0.0006719593837883577,ref
5697,11,65,0.0007963963067121276,ref
5698,11,66,0.0007217341529578657,ref
5699,11,67,0.0008212836912968816,ref
5700,11,68,0.0007963963067121276,ref
5701,11,69,0.0008461710758816356,ref
5702,11,70,0.0006968467683731117,ref
5703,11,71,0.0006719593837883577,ref
5704,11,72,0.0008212836912968816,ref
5705,11,73,0.0005724098454493417,ref
5706,11,74,0.0004230855379408178,ref
5707,11,75,0.0004728603071103258,ref
5708,11,76,0.0006221846146188498,ref
5709,11,77,0.0006968467683731117,ref
5710,11,78,0.0004728603071103258,ref
5711,11,79,0.0005972972300340957,ref
5712,11,80,0.0005972972300340957,ref
5713,11,81,0.0006719593837883577,ref
5714,11,82,0.0006221846146188498,ref
5715,11,83,0.0005972972300340957,ref
5716,11,84,0.0007715089221273737,ref
5717,11,85,0.0007963963067121276,ref
5718,11,86,0.0006470719992036037,ref
5719,11,87,0.0007963963067121276,ref
5720,11,88,0.0005226350762798337,ref
5721,11,89,0.0003733107687713098,ref
5722,11,90,0.0007217341529578657,ref
5723,11,91,0.0006221846146188498,ref
5724,11,92,0.0009208332296358976,ref
5725,11,93,0.00032353599960180184,ref
5726,11,94,0.0005972972300340957,ref
5727,11,95,0.0002737612304322939,ref
5728,11,96,0.0007466215375426196,ref
5729,11,97,0.0004977476916950798,ref
5730,11,98,0.0006719593837883577,ref
5731,11,99,0.0008710584604663896,ref
5732,11,100,0.0007466215375426196,ref
5733,11,101,0.0007963963067121276,ref
5734,11,102,0.0007963963067121276,ref
5735,11,103,0.0006470719992036037,ref
5736,11,104,0.0004728603071103258,ref
5737,11,105,0.0005475224608645878,ref
5738,11,106,0.00044797292252557176,ref
5739,11,107,0.0005226350762798337,ref
5740,11,108,0.0005724098454493417,ref
5741,11,109,0.0005724098454493417,ref
5742,11,110,0.0007466215375426196,ref
5743,11,111,0.0008212836912968816,ref
5744,11,112,0.0008212836912968816,ref
5745,11,113,0.0006470719992036037,ref
5746,11,114,0.0004977476916950798,ref
5747,11,115,0.0005724098454493417,ref
5748,11,116,0.0007466215375426196,ref
5749,11,117,0.0007963963067121276,ref
5750,11,118,0.0007715089221273737,ref
5751,11,119,0.0005226350762798337,ref
5752,11,120,0.0004977476916950798,ref
5753,11,121,0.0004728603071103258,ref
5754,11,122,0.0006470719992036037,ref
5755,11,123,0.0006221846146188498,ref
5756,11,124,0.0008212836912968816,ref
5757,11,125,0.0005226350762798337,ref
5758,11,126,0.0007466215375426196,ref
5759,11,127,0.0006470719992036037,ref
5760,11,128,0.0009208332296358976,ref
5761,11,129,0.0008212836912968816,ref
5762,11,130,0.0006719593837883577,ref
5763,11,131,0.0006719593837883577,ref
5764,11,132,0.0006221846146188498,ref
5765,11,133,0.0005724098454493417,ref
5766,11,134,0.0006968467683731117,ref
5767,11,135,0.0006719593837883577,ref
5768,11,136,0.0007217341529578657,ref
5769,11,137,0.0005972972300340957,ref
5770,11,138,0.0009954953833901596,ref
5771,11,139,0.0006221846146188498,ref
5772,11,140,0.0008461710758816356,ref
5773,11,141,0.0007217341529578657,ref
5774,11,142,0.0008710584604663896,ref
5775,11,143,0.0006968467683731117,ref
5776,11,144,0.0007963963067121276,ref
5777,11,145,0.0006221846146188498,ref
5778,11,146,0.0007715089221273737,ref
5779,11,147,0.0006221846146188498,ref
5780,11,148,0.0006470719992036037,ref
5781,11,149,0.0008212836912968816,ref
5782,11,150,0.0006470719992036037,ref
5783,11,151,0.0006470719992036037,ref
5784,11,152,0.0006221846146188498,ref
5785,11,153,0.0007963963067121276,ref
5786,11,154,0.0005972972300340957,ref
5787,11,155,0.0007217341529578657,ref
5788,11,156,0.0006719593837883577,ref
5789,11,157,0.0009208332296358976,ref
5790,11,158,0.0006968467683731117,ref
5791,11,159,0.0006470719992036037,ref
5792,11,160,0.0006470719992036037,ref
5793,11,161,0.0005475224608645878,ref
5794,11,162,0.0008710584604663896,ref
5795,11,163,0.0006470719992036037,ref
5796,11,164,0.0004977476916950798,ref
5797,11,165,0.0006719593837883577,ref
5798,11,166,0.0009457206142206516,ref
5799,11,167,0.0005724098454493417,ref
5800,11,168,0.0006221846146188498,ref
5801,11,169,0.0005724098454493417,ref
5802,11,170,0.0005972972300340957,ref
5803,11,171,0.0005972972300340957,ref
5804,11,172,0.0005475224608645878,ref
5805,11,173,0.0006221846146188498,ref
5806,11,174,0.0004728603071103258,ref
5807,11,175,0.0006968467683731117,ref
5808,11,176,0.0006968467683731117,ref
5809,11,177,0.0006221846146188498,ref
5810,11,178,0.0005226350762798337,ref
5811,11,179,0.0006719593837883577,ref
5812,11,180,0.0005972972300340957,ref
5813,11,181,0.0004728603071103258,ref
5814,11,182,0.0004728603071103258,ref
5815,11,183,0.0005724098454493417,ref
5816,11,184,0.0005226350762798337,ref
5817,11,185,0.0005475224608645878,ref
5818,11,186,0.0005724098454493417,ref
5819,11,187,0.0004977476916950798,ref
5820,11,188,0.0004728603071103258,ref
5821,11,189,0.0003733107687713098,ref
5822,11,190,0.0004230855379408178,ref
5823,11,191,0.00029864861501704786,ref
5824,11,192,0.0004728603071103258,ref
5825,11,193,0.0005972972300340957,ref
5826,11,194,0.00029864861501704786,ref
5827,11,195,0.00044797292252557176,ref
5828,11,196,0.0002488738458475399,ref
5829,11,197,0.00014932430750852393,ref
5830,11,198,0.00044797292252557176,ref
5831,11,199,0.0001990990766780319,ref
5832,11,200,0.0003484233841865558,ref
5833,11,201,0.00029864861501704786,ref
5834,11,202,0.0002488738458475399,ref
5835,11,203,0.00032353599960180184,ref
5836,11,204,0.00022398646126278588,ref
5837,11,205,0.0003484233841865558,ref
5838,11,206,0.0002488738458475399,ref
5839,11,207,0.00032353599960180184,ref
5840,11,208,0.00012443692292376995,ref
5841,11,209,0.0003981981533560638,ref
5842,11,210,0.0002488738458475399,ref
5843,11,211,0.0003981981533560638,ref
5844,11,212,0.0003733107687713098,ref
5845,11,213,0.00014932430750852393,ref
5846,11,214,0.0001742116920932779,ref
5847,11,215,0.00012443692292376995,ref
5848,11,216,0.00014932430750852393,ref
5849,11,217,0.0002737612304322939,ref
5850,11,218,0.0001990990766780319,ref
5851,11,219,0.0001742116920932779,ref
5852,11,220,0.0001990990766780319,ref
5853,11,221,0.0002737612304322939,ref
5854,11,222,0.00014932430750852393,ref
5855,11,223,0.0002488738458475399,ref
5856,11,224,0.0002737612304322939,ref
5857,11,225,0.0001990990766780319,ref
5858,11,226,4.9774769169507974e-05,ref
5859,11,227,0.00032353599960180184,ref
5860,11,228,7.466215375426196e-05,ref
5861,11,229,0.0001742116920932779,ref
5862,11,230,0.00022398646126278588,ref
5863,11,231,0.00032353599960180184,ref
5864,11,232,0.00029864861501704786,ref
5865,11,233,0.0001990990766780319,ref
5866,11,234,0.00012443692292376995,ref
5867,11,235,0.00022398646126278588,ref
5868,11,236,7.466215375426196e-05,ref
5869,11,237,7.466215375426196e-05,ref
5870,11,238,9.954953833901595e-05,ref
5871,11,239,0.00014932430750852393,ref
5872,11,240,0.0002488738458475399,ref
5873,11,241,0.00012443692292376995,ref
5874,11,242,0.0002488738458475399,ref
5875,11,243,0.00012443692292376995,ref
5876,11,244,0.0001742116920932779,ref
5877,11,245,0.00012443692292376995,ref
5878,11,246,0.0001742116920932779,ref
5879,11,247,0.00012443692292376995,ref
5880,11,248,0.00012443692292376995,ref
5881,11,249,9.954953833901595e-05,ref
5882,11,250,2.4887384584753987e-05,ref
5883,11,251,4.9774769169507974e-05,ref
5884,11,252,7.466215375426196e-05,ref
5885,11,253,4.9774769169507974e-05,ref
5886,11,254,4.9774769169507974e-05,ref
5887,11,255,9.954953833901595e-05,ref
5888,11,0,0.000948387740840571,gen
5889,11,1,0.00072376959169412,gen
5890,11,2,0.00072376959169412,gen
5891,11,3,0.0010232604572227213,gen
5892,11,4,0.0006988120195667365,gen
5893,11,5,0.0007736847359488869,gen
5894,11,6,0.0003993211540381352,gen
5895,11,7,0.0010232604572227213,gen
5896,11,8,0.0008735150244584207,gen
5897,11,9,0.00072376959169412,gen
5898,11,10,0.0004492362982929021,gen
5899,11,11,0.0008735150244584207,gen
5900,11,12,0.0006988120195667365,gen
5901,11,13,0.00072376959169412,gen
5902,11,14,0.0006239393031845862,gen
5903,11,15,0.0006988120195667365,gen
5904,11,16,0.0006988120195667365,gen
5905,11,17,0.0007487271638215035,gen
5906,11,18,0.0006239393031845862,gen
5907,11,19,0.0006738544474393531,gen
5908,11,20,0.0006738544474393531,gen
5909,11,21,0.0006738544474393531,gen
5910,11,22,0.0005490665868024358,gen
5911,11,23,0.0006239393031845862,gen
5912,11,24,0.000499151442547669,gen
5913,11,25,0.0007487271638215035,gen
5914,11,26,0.0007736847359488869,gen
5915,11,27,0.0007487271638215035,gen
5916,11,28,0.0006239393031845862,gen
5917,11,29,0.0006738544474393531,gen
5918,11,30,0.0008984725965858042,gen
5919,11,31,0.00072376959169412,gen
5920,11,32,0.0007487271638215035,gen
5921,11,33,0.0005740241589298193,gen
5922,11,34,0.0007736847359488869,gen
5923,11,35,0.0006488968753119697,gen
5924,11,36,0.00072376959169412,gen
5925,11,37,0.0007487271638215035,gen
5926,11,38,0.000948387740840571,gen
5927,11,39,0.000948387740840571,gen
5928,11,40,0.000499151442547669,gen
5929,11,41,0.0007736847359488869,gen
5930,11,42,0.0005490665868024358,gen
5931,11,43,0.0007487271638215035,gen
5932,11,44,0.0006488968753119697,gen
5933,11,45,0.00037436358191075174,gen
5934,11,46,0.0008485574523310372,gen
5935,11,47,0.0008984725965858042,gen
5936,11,48,0.0006988120195667365,gen
5937,11,49,0.00072376959169412,gen
5938,11,50,0.0006239393031845862,gen
5939,11,51,0.0005740241589298193,gen
5940,11,52,0.00037436358191075174,gen
5941,11,53,0.0005989817310572028,gen
5942,11,54,0.0005740241589298193,gen
5943,11,55,0.0007487271638215035,gen
5944,11,56,0.0007986423080762703,gen
5945,11,57,0.0008235998802036538,gen
5946,11,58,0.0006488968753119697,gen
5947,11,59,0.0006488968753119697,gen
5948,11,60,0.000948387740840571,gen
5949,11,61,0.0006988120195667365,gen
5950,11,62,0.0006239393031845862,gen
5951,11,63,0.00072376959169412,gen
5952,11,64,0.0004741938704202855,gen
5953,11,65,0.0007736847359488869,gen
5954,11,66,0.0007986423080762703,gen
5955,11,67,0.00034940600978336826,gen
5956,11,68,0.0007736847359488869,gen
5957,11,69,0.0003993211540381352,gen
5958,11,70,0.0007487271638215035,gen
5959,11,71,0.0005740241589298193,gen
5960,11,72,0.0007487271638215035,gen
5961,11,73,0.0006239393031845862,gen
5962,11,74,0.00034940600978336826,gen
5963,11,75,0.0007487271638215035,gen
5964,11,76,0.0006988120195667365,gen
5965,11,77,0.0006988120195667365,gen
5966,11,78,0.0006988120195667365,gen
5967,11,79,0.0007986423080762703,gen
5968,11,80,0.0005490665868024358,gen
5969,11,81,0.0005241090146750524,gen
5970,11,82,0.0007986423080762703,gen
5971,11,83,0.0005989817310572028,gen
5972,11,84,0.000499151442547669,gen
5973,11,85,0.0005490665868024358,gen
5974,11,86,0.0005989817310572028,gen
5975,11,87,0.0004741938704202855,gen
5976,11,88,0.0005989817310572028,gen
5977,11,89,0.0005241090146750524,gen
5978,11,90,0.0006239393031845862,gen
5979,11,91,0.0004492362982929021,gen
5980,11,92,0.000499151442547669,gen
5981,11,93,0.0007487271638215035,gen
5982,11,94,0.0002994908655286014,gen
5983,11,95,0.0003993211540381352,gen
5984,11,96,0.0006738544474393531,gen
5985,11,97,0.0006488968753119697,gen
5986,11,98,0.0006988120195667365,gen
5987,11,99,0.000499151442547669,gen
5988,11,100,0.0004492362982929021,gen
5989,11,101,0.0004492362982929021,gen
5990,11,102,0.0003993211540381352,gen
5991,11,103,0.0004492362982929021,gen
5992,11,104,0.0007487271638215035,gen
5993,11,105,0.0005490665868024358,gen
5994,11,106,0.0006488968753119697,gen
5995,11,107,0.0005241090146750524,gen
5996,11,108,0.0005989817310572028,gen
5997,11,109,0.0003244484376559848,gen
5998,11,110,0.0006988120195667365,gen
5999,11,111,0.00037436358191075174,gen
6000,11,112,0.0006988120195667365,gen
6001,11,113,0.0003993211540381352,gen
6002,11,114,0.0005490665868024358,gen
6003,11,115,0.0004492362982929021,gen
6004,11,116,0.000499151442547669,gen
6005,11,117,0.0004741938704202855,gen
6006,11,118,0.0005740241589298193,gen
6007,11,119,0.0004492362982929021,gen
6008,11,120,0.0005989817310572028,gen
6009,11,121,0.000499151442547669,gen
6010,11,122,0.0005241090146750524,gen
6011,11,123,0.0005740241589298193,gen
6012,11,124,0.0006738544474393531,gen
6013,11,125,0.0005740241589298193,gen
6014,11,126,0.0005490665868024358,gen
6015,11,127,0.0005490665868024358,gen
6016,11,128,0.0005740241589298193,gen
6017,11,129,0.0004492362982929021,gen
6018,11,130,0.0004741938704202855,gen
6019,11,131,0.0004242787261655186,gen
6020,11,132,0.0005989817310572028,gen
6021,11,133,0.0005241090146750524,gen
6022,11,134,0.0005989817310572028,gen
6023,11,135,0.0003993211540381352,gen
6024,11,136,0.000499151442547669,gen
6025,11,137,0.0005989817310572028,gen
6026,11,138,0.0005740241589298193,gen
6027,11,139,0.000499151442547669,gen
6028,11,140,0.00037436358191075174,gen
6029,11,141,0.000499151442547669,gen
6030,11,142,0.0003993211540381352,gen
6031,11,143,0.0004492362982929021,gen
6032,11,144,0.00037436358191075174,gen
6033,11,145,0.00037436358191075174,gen
6034,11,146,0.0005241090146750524,gen
6035,11,147,0.0005241090146750524,gen
6036,11,148,0.0005241090146750524,gen
6037,11,149,0.00037436358191075174,gen
6038,11,150,0.0002745332934012179,gen
6039,11,151,0.0005490665868024358,gen
6040,11,152,0.000499151442547669,gen
6041,11,153,0.0005740241589298193,gen
6042,11,154,0.0005740241589298193,gen
6043,11,155,0.000499151442547669,gen
6044,11,156,0.0005490665868024358,gen
6045,11,157,0.00034940600978336826,gen
6046,11,158,0.0004242787261655186,gen
6047,11,159,0.00022461814914645105,gen
6048,11,160,0.0004492362982929021,gen
6049,11,161,0.0005241090146750524,gen
6050,11,162,0.0005740241589298193,gen
6051,11,163,0.0004492362982929021,gen
6052,11,164,0.0002994908655286014,gen
6053,11,165,0.0005989817310572028,gen
6054,11,166,0.0002994908655286014,gen
6055,11,167,0.0006239393031845862,gen
6056,11,168,0.0004741938704202855,gen
6057,11,169,0.0005740241589298193,gen
6058,11,170,0.0005490665868024358,gen
6059,11,171,0.0003244484376559848,gen
6060,11,172,0.0002745332934012179,gen
6061,11,173,0.0004492362982929021,gen
6062,11,174,0.00037436358191075174,gen
6063,11,175,0.0005740241589298193,gen
6064,11,176,0.00037436358191075174,gen
6065,11,177,0.0004492362982929021,gen
6066,11,178,0.0005740241589298193,gen
6067,11,179,0.0002495757212738345,gen
6068,11,180,0.000499151442547669,gen
6069,11,181,0.0003244484376559848,gen
6070,11,182,0.00034940600978336826,gen
6071,11,183,0.0004242787261655186,gen
6072,11,184,0.00037436358191075174,gen
6073,11,185,0.00037436358191075174,gen
6074,11,186,0.00037436358191075174,gen
6075,11,187,0.0005241090146750524,gen
6076,11,188,0.000499151442547669,gen
6077,11,189,0.0004492362982929021,gen
6078,11,190,0.0004492362982929021,gen
6079,11,191,0.0004492362982929021,gen
6080,11,192,0.0002994908655286014,gen
6081,11,193,0.0005241090146750524,gen
6082,11,194,0.0006988120195667365,gen
6083,11,195,0.00037436358191075174,gen
6084,11,196,0.0005241090146750524,gen
6085,11,197,0.0004492362982929021,gen
6086,11,198,0.0005490665868024358,gen
6087,11,199,0.0003993211540381352,gen
6088,11,200,0.0004242787261655186,gen
6089,11,201,0.0006488968753119697,gen
6090,11,202,0.0002994908655286014,gen
6091,11,203,0.0005740241589298193,gen
6092,11,204,0.000499151442547669,gen
6093,11,205,0.0005241090146750524,gen
6094,11,206,0.0005740241589298193,gen
6095,11,207,0.0005241090146750524,gen
6096,11,208,0.0003993211540381352,gen
6097,11,209,0.0002994908655286014,gen
6098,11,210,0.0004741938704202855,gen
6099,11,211,0.00037436358191075174,gen
6100,11,212,0.0002994908655286014,gen
6101,11,213,0.0003993211540381352,gen
6102,11,214,0.0002745332934012179,gen
6103,11,215,0.0003244484376559848,gen
6104,11,216,0.0002495757212738345,gen
6105,11,217,0.0003993211540381352,gen
6106,11,218,0.0002745332934012179,gen
6107,11,219,0.0003993211540381352,gen
6108,11,220,0.0003993211540381352,gen
6109,11,221,0.0004492362982929021,gen
6110,11,222,0.00034940600978336826,gen
6111,11,223,0.0002495757212738345,gen
6112,11,224,0.00034940600978336826,gen
6113,11,225,0.00034940600978336826,gen
6114,11,226,0.0002495757212738345,gen
6115,11,227,0.000499151442547669,gen
6116,11,228,0.00037436358191075174,gen
6117,11,229,0.0003993211540381352,gen
6118,11,230,0.0004492362982929021,gen
6119,11,231,0.00034940600978336826,gen
6120,11,232,0.0003244484376559848,gen
6121,11,233,0.0004492362982929021,gen
6122,11,234,0.0004492362982929021,gen
6123,11,235,0.0002994908655286014,gen
6124,11,236,0.0002745332934012179,gen
6125,11,237,0.0002495757212738345,gen
6126,11,238,0.00034940600978336826,gen
6127,11,239,0.0004741938704202855,gen
6128,11,240,0.00037436358191075174,gen
6129,11,241,0.00034940600978336826,gen
6130,11,242,0.0002495757212738345,gen
6131,11,243,0.0002745332934012179,gen
6132,11,244,0.0004242787261655186,gen
6133,11,245,0.00022461814914645105,gen
6134,11,246,0.0001497454327643007,gen
6135,11,247,0.0002994908655286014,gen
6136,11,248,0.0004492362982929021,gen
6137,11,249,0.00037436358191075174,gen
6138,11,250,0.00017470300489168413,gen
6139,11,251,0.0002745332934012179,gen
6140,11,252,0.00022461814914645105,gen
6141,11,253,0.0003244484376559848,gen
6142,11,254,0.0002994908655286014,gen
6143,11,255,0.0005241090146750524,gen
6144,12,0,0.0009048019130097589,ref
6145,12,1,0.0010340593291540102,ref
6146,12,2,0.0009694306210818846,ref
6147,12,3,0.0008401732049376333,ref
6148,12,4,0.0009694306210818846,ref
6149,12,5,0.0005170296645770051,ref
6150,12,6,0.0010340593291540102,ref
6151,12,7,0.00045240095650487947,ref
6152,12,8,0.0010986880372261358,ref
6153,12,9,0.0007755444968655077,ref
6154,12,10,0.0008401732049376333,ref
6155,12,11,0.0009048019130097589,ref
6156,12,12,0.0007109157887933821,ref
6157,12,13,0.0007755444968655077,ref
6158,12,14,0.0008401732049376333,ref
6159,12,15,0.0011633167452982614,ref
6160,12,16,0.0007109157887933821,ref
6161,12,17,0.00038777224843275385,ref
6162,12,18,0.0005816583726491307,ref
6163,12,19,0.0010986880372261358,ref
6164,12,20,0.0007755444968655077,ref
6165,12,21,0.0009048019130097589,ref
6166,12,22,0.0008401732049376333,ref
6167,12,23,0.0010340593291540102,ref
6168,12,24,0.0006462870807212563,ref
6169,12,25,0.0005170296645770051,ref
6170,12,26,0.0011633167452982614,ref
6171,12,27,0.0005170296645770051,ref
6172,12,28,0.0005816583726491307,ref
6173,12,29,0.0008401732049376333,ref
6174,12,30,0.0007109157887933821,ref
6175,12,31,0.0005816583726491307,ref
6176,12,32,0.0010986880372261358,ref
6177,12,33,0.0007109157887933821,ref
6178,12,34,0.0009048019130097589,ref
6179,12,35,0.0010986880372261358,ref
6180,12,36,0.0006462870807212563,ref
6181,12,37,0.0008401732049376333,ref
6182,12,38,0.0005170296645770051,ref
6183,12,39,0.0008401732049376333,ref
6184,12,40,0.0007109157887933821,ref
6185,12,41,0.0008401732049376333,ref
6186,12,42,0.0005816583726491307,ref
6187,12,43,0.0007109157887933821,ref
6188,12,44,0.0005816583726491307,ref
6189,12,45,0.00038777224843275385,ref
6190,12,46,0.0007755444968655077,ref
6191,12,47,0.00045240095650487947,ref
6192,12,48,0.0007109157887933821,ref
6193,12,49,0.0007109157887933821,ref
6194,12,50,0.0007109157887933821,ref
6195,12,51,0.0006462870807212563,ref
6196,12,52,0.00038777224843275385,ref
6197,12,53,0.0005816583726491307,ref
6198,12,54,0.00045240095650487947,ref
6199,12,55,0.00032314354036062817,ref
6200,12,56,0.0007109157887933821,ref
6201,12,57,0.0008401732049376333,ref
6202,12,58,0.0009694306210818846,ref
6203,12,59,0.0010340593291540102,ref
6204,12,60,0.0005170296645770051,ref
6205,12,61,0.0008401732049376333,ref
6206,12,62,0.0007109157887933821,ref
6207,12,63,0.0006462870807212563,ref
6208,12,64,0.00032314354036062817,ref
6209,12,65,0.00045240095650487947,ref
6210,12,66,0.0007755444968655077,ref
6211,12,67,0.00032314354036062817,ref
6212,12,68,0.0007109157887933821,ref
6213,12,69,0.00038777224843275385,ref
6214,12,70,0.00045240095650487947,ref
6215,12,71,0.00025851483228850255,ref
6216,12,72,0.0005816583726491307,ref
6217,12,73,0.0007755444968655077,ref
6218,12,74,0.00025851483228850255,ref
6219,12,75,0.00045240095650487947,ref
6220,12,76,0.0010340593291540102,ref
6221,12,77,0.00025851483228850255,ref
6222,12,78,0.0005816583726491307,ref
6223,12,79,0.00032314354036062817,ref
6224,12,80,0.00032314354036062817,ref
6225,12,81,0.0005816583726491307,ref
6226,12,82,0.0005816583726491307,ref
6227,12,83,0.0005170296645770051,ref
6228,12,84,0.00038777224843275385,ref
6229,12,85,0.00038777224843275385,ref
6230,12,86,0.00045240095650487947,ref
6231,12,87,0.00045240095650487947,ref
6232,12,88,0.0006462870807212563,ref
6233,12,89,0.0005170296645770051,ref
6234,12,90,0.00045240095650487947,ref
6235,12,91,0.0006462870807212563,ref
6236,12,92,0.0006462870807212563,ref
6237,12,93,0.00038777224843275385,ref
6238,12,94,0.0005170296645770051,ref
6239,12,95,0.00045240095650487947,ref
6240,12,96,0.0005170296645770051,ref
6241,12,97,0.0006462870807212563,ref
6242,12,98,0.00045240095650487947,ref
6243,12,99,0.0005816583726491307,ref
6244,12,100,0.0005816583726491307,ref
6245,12,101,0.0011633167452982614,ref
6246,12,102,0.0009694306210818846,ref
6247,12,103,0.0009694306210818846,ref
6248,12,104,0.00032314354036062817,ref
6249,12,105,0.00045240095650487947,ref
6250,12,106,0.0009694306210818846,ref
6251,12,107,0.0009048019130097589,ref
6252,12,108,0.0005816583726491307,ref
6253,12,109,0.00025851483228850255,ref
6254,12,110,0.0007755444968655077,ref
6255,12,111,0.0005816583726491307,ref
6256,12,112,0.0006462870807212563,ref
6257,12,113,0.0007755444968655077,ref
6258,12,114,0.00038777224843275385,ref
6259,12,115,0.0009048019130097589,ref
6260,12,116,0.00045240095650487947,ref
6261,12,117,0.0005170296645770051,ref
6262,12,118,0.00045240095650487947,ref
6263,12,119,0.0007109157887933821,ref
6264,12,120,0.0005816583726491307,ref
6265,12,121,0.00045240095650487947,ref
6266,12,122,0.0007109157887933821,ref
6267,12,123,0.0008401732049376333,ref
6268,12,124,0.0005816583726491307,ref
6269,12,125,0.0009048019130097589,ref
6270,12,126,0.0005170296645770051,ref
6271,12,127,0.0005816583726491307,ref
6272,12,128,0.00012925741614425127,ref
6273,12,129,0.00045240095650487947,ref
6274,12,130,0.0006462870807212563,ref
6275,12,131,0.0008401732049376333,ref
6276,12,132,0.0007109157887933821,ref
6277,12,133,0.00045240095650487947,ref
6278,12,134,0.0009048019130097589,ref
6279,12,135,0.0005816583726491307,ref
6280,12,136,0.0009694306210818846,ref
6281,12,137,0.0006462870807212563,ref
6282,12,138,0.0005816583726491307,ref
6283,12,139,0.0007109157887933821,ref
6284,12,140,0.00045240095650487947,ref
6285,12,141,0.0007755444968655077,ref
6286,12,142,0.0006462870807212563,ref
6287,12,143,0.00038777224843275385,ref
6288,12,144,0.0007755444968655077,ref
6289,12,145,0.00032314354036062817,ref
6290,12,146,0.0008401732049376333,ref
6291,12,147,0.0007755444968655077,ref
6292,12,148,0.0012925741614425127,ref
6293,12,149,0.0005170296645770051,ref
6294,12,150,0.0009694306210818846,ref
6295,12,151,0.0006462870807212563,ref
6296,12,152,0.0010986880372261358,ref
6297,12,153,0.0007109157887933821,ref
6298,12,154,0.0005170296645770051,ref
6299,12,155,0.0005816583726491307,ref
6300,12,156,0.00032314354036062817,ref
6301,12,157,0.0005170296645770051,ref
6302,12,158,0.0007755444968655077,ref
6303,12,159,0.0005816583726491307,ref
6304,12,160,0.0005816583726491307,ref
6305,12,161,0.0007755444968655077,ref
6306,12,162,0.0007109157887933821,ref
6307,12,163,0.0005816583726491307,ref
6308,12,164,0.0008401732049376333,ref
6309,12,165,0.00045240095650487947,ref
6310,12,166,0.0009048019130097589,ref
6311,12,167,0.0009048019130097589,ref
6312,12,168,0.0008401732049376333,ref
6313,12,169,0.0005170296645770051,ref
6314,12,170,0.0009048019130097589,ref
6315,12,171,0.0007109157887933821,ref
6316,12,172,0.0006462870807212563,ref
6317,12,173,0.0006462870807212563,ref
6318,12,174,0.00038777224843275385,ref
6319,12,175,0.0005816583726491307,ref
6320,12,176,0.00038777224843275385,ref
6321,12,177,0.00045240095650487947,ref
6322,12,178,0.00032314354036062817,ref
6323,12,179,0.0007109157887933821,ref
6324,12,180,0.0005816583726491307,ref
6325,12,181,0.00038777224843275385,ref
6326,12,182,0.0005170296645770051,ref
6327,12,183,0.00045240095650487947,ref
6328,12,184,0.00038777224843275385,ref
6329,12,185,0.0007109157887933821,ref
6330,12,186,0.0005170296645770051,ref
6331,12,187,0.00045240095650487947,ref
6332,12,188,0.00045240095650487947,ref
6333,12,189,0.00045240095650487947,ref
6334,12,190,0.00038777224843275385,ref
6335,12,191,0.00045240095650487947,ref
6336,12,192,0.00038777224843275385,ref
6337,12,193,0.0007109157887933821,ref
6338,12,194,0.00038777224843275385,ref
6339,12,195,0.0005170296645770051,ref
6340,12,196,0.00019388612421637692,ref
6341,12,197,0.00038777224843275385,ref
6342,12,198,0.00025851483228850255,ref
6343,12,199,0.00032314354036062817,ref
6344,12,200,0.00019388612421637692,ref
6345,12,201,0.00045240095650487947,ref
6346,12,202,0.00032314354036062817,ref
6347,12,203,0.0005170296645770051,ref
6348,12,204,0.00012925741614425127,ref
6349,12,205,0.00025851483228850255,ref
6350,12,206,0.00019388612421637692,ref
6351,12,207,0.00032314354036062817,ref
6352,12,208,0.00019388612421637692,ref
6353,12,209,0.00038777224843275385,ref
6354,12,210,6.462870807212564e-05,ref
6355,12,211,0.00032314354036062817,ref
6356,12,212,0.00012925741614425127,ref
6357,12,213,0.00032314354036062817,ref
6358,12,214,0.00032314354036062817,ref
6359,12,215,0.00025851483228850255,ref
6360,12,216,0.00019388612421637692,ref
6361,12,217,0.00019388612421637692,ref
6362,12,218,0.00012925741614425127,ref
6363,12,219,0.00019388612421637692,ref
6364,12,220,0.00032314354036062817,ref
6365,12,221,6.462870807212564e-05,ref
6366,12,222,0.00012925741614425127,ref
6367,12,223,0.00025851483228850255,ref
6368,12,224,0.00012925741614425127,ref
6369,12,225,0.00038777224843275385,ref
6370,12,226,6.462870807212564e-05,ref
6371,12,227,0.00019388612421637692,ref
6372,12,228,0.00019388612421637692,ref
6373,12,229,6.462870807212564e-05,ref
6374,12,230,6.462870807212564e-05,ref
6375,12,231,6.462870807212564e-05,ref
6376,12,232,0.00019388612421637692,ref
6377,12,233,0.00025851483228850255,ref
6378,12,234,6.462870807212564e-05,ref
6379,12,235,0.00019388612421637692,ref
6380,12,236,0.00012925741614425127,ref
6381,12,237,0.00012925741614425127,ref
6382,12,238,0.00012925741614425127,ref
6383,12,239,0.00019388612421637692,ref
6384,12,240,6.462870807212564e-05,ref
6385,12,241,0.00012925741614425127,ref
6386,12,242,6.462870807212564e-05,ref
6387,12,243,6.462870807212564e-05,ref
6388,12,244,0.00012925741614425127,ref
6389,12,245,6.462870807212564e-05,ref
6390,12,246,0.00025851483228850255,ref
6391,12,247,0.00012925741614425127,ref
6392,12,248,0.00032314354036062817,ref
6393,12,249,0.00025851483228850255,ref
6394,12,250,0.00019388612421637692,ref
6395,12,251,0.0,ref
6396,12,252,0.00012925741614425127,ref
6397,12,253,0.00032314354036062817,ref
6398,12,254,0.0,ref
6399,12,255,0.00032314354036062817,ref
6400,12,0,0.0007026957966015076,gen
6401,12,1,0.0009582215408202376,gen
6402,12,2,0.0005749329244921426,gen
6403,12,3,0.0011498658489842851,gen
6404,12,4,0.0008943401047655552,gen
6405,12,5,0.0005749329244921426,gen
6406,12,6,0.0006388143605468251,gen
6407,12,7,0.00031940718027341253,gen
6408,12,8,0.0010221029768749201,gen
6409,12,9,0.0005110514884374601,gen
6410,12,10,0.0004471700523827776,gen
6411,12,11,0.0005749329244921426,gen
6412,12,12,0.0006388143605468251,gen
6413,12,13,0.0006388143605468251,gen
6414,12,14,0.0005110514884374601,gen
6415,12,15,0.0006388143605468251,gen
6416,12,16,0.0005749329244921426,gen
6417,12,17,0.0006388143605468251,gen
6418,12,18,0.0008943401047655552,gen
6419,12,19,0.0011498658489842851,gen
6420,12,20,0.0008943401047655552,gen
6421,12,21,0.0006388143605468251,gen
6422,12,22,0.0004471700523827776,gen
6423,12,23,0.0007026957966015076,gen
6424,12,24,0.0005749329244921426,gen
6425,12,25,0.0004471700523827776,gen
6426,12,26,0.0005110514884374601,gen
6427,12,27,0.0006388143605468251,gen
6428,12,28,0.0010859844129296027,gen
6429,12,29,0.0007026957966015076,gen
6430,12,30,0.0006388143605468251,gen
6431,12,31,0.0005110514884374601,gen
6432,12,32,0.0005749329244921426,gen
6433,12,33,0.0008304586687108727,gen
6434,12,34,0.0008943401047655552,gen
6435,12,35,0.0007026957966015076,gen
6436,12,36,0.0005749329244921426,gen
6437,12,37,0.0004471700523827776,gen
6438,12,38,0.0005749329244921426,gen
6439,12,39,0.0005749329244921426,gen
6440,12,40,0.0005749329244921426,gen
6441,12,41,0.0006388143605468251,gen
6442,12,42,0.0007026957966015076,gen
6443,12,43,0.0005749329244921426,gen
6444,12,44,0.0008304586687108727,gen
6445,12,45,0.0007665772326561902,gen
6446,12,46,0.0010221029768749201,gen
6447,12,47,0.0003832886163280951,gen
6448,12,48,0.0003832886163280951,gen
6449,12,49,0.0007665772326561902,gen
6450,12,50,0.0007026957966015076,gen
6451,12,51,0.0005749329244921426,gen
6452,12,52,0.0014692730292576977,gen
6453,12,53,0.0007026957966015076,gen
6454,12,54,0.0005749329244921426,gen
6455,12,55,0.0005110514884374601,gen
6456,12,56,0.0007665772326561902,gen
6457,12,57,0.0006388143605468251,gen
6458,12,58,0.0005110514884374601,gen
6459,12,59,0.0005110514884374601,gen
6460,12,60,0.0006388143605468251,gen
6461,12,61,0.0011498658489842851,gen
6462,12,62,0.0007665772326561902,gen
6463,12,63,0.0005110514884374601,gen
6464,12,64,0.0007026957966015076,gen
6465,12,65,0.0004471700523827776,gen
6466,12,66,0.0005749329244921426,gen
6467,12,67,0.0010221029768749201,gen
6468,12,68,0.0008943401047655552,gen
6469,12,69,0.0007665772326561902,gen
6470,12,70,0.0008304586687108727,gen
6471,12,71,0.0007026957966015076,gen
6472,12,72,0.0007665772326561902,gen
6473,12,73,0.0009582215408202376,gen
6474,12,74,0.0005110514884374601,gen
6475,12,75,0.0005749329244921426,gen
6476,12,76,0.0007665772326561902,gen
6477,12,77,0.0006388143605468251,gen
6478,12,78,0.0007026957966015076,gen
6479,12,79,0.0007026957966015076,gen
6480,12,80,0.0004471700523827776,gen
6481,12,81,0.0005110514884374601,gen
6482,12,82,0.0006388143605468251,gen
6483,12,83,0.0005110514884374601,gen
6484,12,84,0.0006388143605468251,gen
6485,12,85,0.0005749329244921426,gen
6486,12,86,0.0006388143605468251,gen
6487,12,87,0.0007026957966015076,gen
6488,12,88,0.0007665772326561902,gen
6489,12,89,0.0005110514884374601,gen
6490,12,90,0.0010221029768749201,gen
6491,12,91,0.0005110514884374601,gen
6492,12,92,0.0006388143605468251,gen
6493,12,93,0.0006388143605468251,gen
6494,12,94,0.00019164430816404754,gen
6495,12,95,0.0006388143605468251,gen
6496,12,96,0.0003832886163280951,gen
6497,12,97,0.0005110514884374601,gen
6498,12,98,0.0007026957966015076,gen
6499,12,99,0.0005110514884374601,gen
6500,12,100,0.0004471700523827776,gen
6501,12,101,0.0006388143605468251,gen
6502,12,102,0.0004471700523827776,gen
6503,12,103,0.0007026957966015076,gen
6504,12,104,0.00031940718027341253,gen
6505,12,105,0.0005749329244921426,gen
6506,12,106,0.0003832886163280951,gen
6507,12,107,0.0005110514884374601,gen
6508,12,108,0.0007026957966015076,gen
6509,12,109,0.0006388143605468251,gen
6510,12,110,0.0008304586687108727,gen
6511,12,111,0.0009582215408202376,gen
6512,12,112,0.00031940718027341253,gen
6513,12,113,0.0009582215408202376,gen
6514,12,114,0.0003832886163280951,gen
6515,12,115,0.0006388143605468251,gen
6516,12,116,0.0007665772326561902,gen
6517,12,117,0.0005749329244921426,gen
6518,12,118,0.0008304586687108727,gen
6519,12,119,0.0005110514884374601,gen
6520,12,120,0.0007665772326561902,gen
6521,12,121,0.00031940718027341253,gen
6522,12,122,0.00031940718027341253,gen
6523,12,123,0.00025552574421873004,gen
6524,12,124,0.0005749329244921426,gen
6525,12,125,0.0005110514884374601,gen
6526,12,126,0.00019164430816404754,gen
6527,12,127,0.0008304586687108727,gen
6528,12,128,0.0005110514884374601,gen
6529,12,129,0.0005110514884374601,gen
6530,12,130,0.0004471700523827776,gen
6531,12,131,0.0005749329244921426,gen
6532,12,132,0.00031940718027341253,gen
6533,12,133,0.0004471700523827776,gen
6534,12,134,0.0008304586687108727,gen
6535,12,135,0.0005110514884374601,gen
6536,12,136,0.0007026957966015076,gen
6537,12,137,0.00031940718027341253,gen
6538,12,138,0.0004471700523827776,gen
6539,12,139,0.0006388143605468251,gen
6540,12,140,0.0008304586687108727,gen
6541,12,141,0.0008304586687108727,gen
6542,12,142,0.00025552574421873004,gen
6543,12,143,0.0004471700523827776,gen
6544,12,144,0.0007665772326561902,gen
6545,12,145,0.0007026957966015076,gen
6546,12,146,0.0003832886163280951,gen
6547,12,147,0.0012776287210936501,gen
6548,12,148,0.0003832886163280951,gen
6549,12,149,0.0005110514884374601,gen
6550,12,150,0.0003832886163280951,gen
6551,12,151,0.0005110514884374601,gen
6552,12,152,0.0004471700523827776,gen
6553,12,153,0.0004471700523827776,gen
6554,12,154,0.0004471700523827776,gen
6555,12,155,0.0004471700523827776,gen
6556,12,156,0.00025552574421873004,gen
6557,12,157,0.00031940718027341253,gen
6558,12,158,0.0003832886163280951,gen
6559,12,159,0.0003832886163280951,gen
6560,12,160,0.00025552574421873004,gen
6561,12,161,0.0005110514884374601,gen
6562,12,162,0.0005749329244921426,gen
6563,12,163,0.00019164430816404754,gen
6564,12,164,0.0007665772326561902,gen
6565,12,165,0.0004471700523827776,gen
6566,12,166,0.0006388143605468251,gen
6567,12,167,0.0005749329244921426,gen
6568,12,168,0.0005110514884374601,gen
6569,12,169,0.0003832886163280951,gen
6570,12,170,0.0003832886163280951,gen
6571,12,171,0.0006388143605468251,gen
6572,12,172,0.0004471700523827776,gen
6573,12,173,0.0006388143605468251,gen
6574,12,174,0.0004471700523827776,gen
6575,12,175,0.00025552574421873004,gen
6576,12,176,0.0005110514884374601,gen
6577,12,177,0.0005749329244921426,gen
6578,12,178,0.0005110514884374601,gen
6579,12,179,0.00019164430816404754,gen
6580,12,180,0.0005110514884374601,gen
6581,12,181,0.0005110514884374601,gen
6582,12,182,0.00019164430816404754,gen
6583,12,183,0.0003832886163280951,gen
6584,12,184,0.0007026957966015076,gen
6585,12,185,0.0004471700523827776,gen
6586,12,186,0.0005749329244921426,gen
6587,12,187,0.00012776287210936502,gen
6588,12,188,0.00025552574421873004,gen
6589,12,189,0.00031940718027341253,gen
6590,12,190,0.0007026957966015076,gen
6591,12,191,0.0005749329244921426,gen
6592,12,192,0.00031940718027341253,gen
6593,12,193,0.0004471700523827776,gen
6594,12,194,0.0005749329244921426,gen
6595,12,195,0.00031940718027341253,gen
6596,12,196,0.00025552574421873004,gen
6597,12,197,0.00019164430816404754,gen
6598,12,198,0.00025552574421873004,gen
6599,12,199,0.0005110514884374601,gen
6600,12,200,0.0005749329244921426,gen
6601,12,201,0.0004471700523827776,gen
6602,12,202,0.00031940718027341253,gen
6603,12,203,0.0005110514884374601,gen
6604,12,204,0.00031940718027341253,gen
6605,12,205,0.0004471700523827776,gen
6606,12,206,0.0004471700523827776,gen
6607,12,207,0.00019164430816404754,gen
6608,12,208,0.00025552574421873004,gen
6609,12,209,0.00019164430816404754,gen
6610,12,210,0.00025552574421873004,gen
6611,12,211,0.00031940718027341253,gen
6612,12,212,0.00019164430816404754,gen
6613,12,213,0.00019164430816404754,gen
6614,12,214,0.00031940718027341253,gen
6615,12,215,0.0004471700523827776,gen
6616,12,216,0.00031940718027341253,gen
6617,12,217,0.0007665772326561902,gen
6618,12,218,0.0007665772326561902,gen
6619,12,219,0.0004471700523827776,gen
6620,12,220,0.00031940718027341253,gen
6621,12,221,0.0006388143605468251,gen
6622,12,222,0.00019164430816404754,gen
6623,12,223,0.00019164430816404754,gen
6624,12,224,0.00031940718027341253,gen
6625,12,225,0.0003832886163280951,gen
6626,12,226,0.0006388143605468251,gen
6627,12,227,6.388143605468251e-05,gen
6628,12,228,0.00025552574421873004,gen
6629,12,229,0.00019164430816404754,gen
6630,12,230,0.0003832886163280951,gen
6631,12,231,0.00031940718027341253,gen
6632,12,232,0.0004471700523827776,gen
6633,12,233,0.00012776287210936502,gen
6634,12,234,0.0005110514884374601,gen
6635,12,235,0.00025552574421873004,gen
6636,12,236,0.00019164430816404754,gen
6637,12,237,0.00025552574421873004,gen
6638,12,238,0.0003832886163280951,gen
6639,12,239,0.00025552574421873004,gen
6640,12,240,0.00019164430816404754,gen
6641,12,241,0.00025552574421873004,gen
6642,12,242,0.0004471700523827776,gen
6643,12,243,0.00012776287210936502,gen
6644,12,244,0.00012776287210936502,gen
6645,12,245,0.0003832886163280951,gen
6646,12,246,0.00031940718027341253,gen
6647,12,247,0.0003832886163280951,gen
6648,12,248,0.00031940718027341253,gen
6649,12,249,0.00019164430816404754,gen
6650,12,250,0.00019164430816404754,gen
6651,12,251,0.00012776287210936502,gen
6652,12,252,0.00019164430816404754,gen
6653,12,253,0.0005110514884374601,gen
6654,12,254,0.00019164430816404754,gen
6655,12,255,0.00025552574421873004,gen
6656,13,0,0.0008857474379755357,ref
6657,13,1,0.0012843337850645268,ref
6658,13,2,0.0009477497586338232,ref
6659,13,3,0.0009211773354945571,ref
6660,13,4,0.0009123198611148017,ref
6661,13,5,0.0009654647073933339,ref
6662,13,6,0.0010628969255706427,ref
6663,13,7,0.000894604912355291,ref
6664,13,8,0.0010717543999503982,ref
6665,13,9,0.0010806118743301534,ref
6666,13,10,0.001018609553671866,ref
6667,13,11,0.0012489038875455052,ref
6668,13,12,0.000770600271038716,ref
6669,13,13,0.0011071842974694195,ref
6670,13,14,0.0008414600660767589,ref
6671,13,15,0.0011248992462289302,ref
6672,13,16,0.0007617427966589606,ref
6673,13,17,0.0009300348098743124,ref
6674,13,18,0.0008326025916970036,ref
6675,13,19,0.0008237451173172481,ref
6676,13,20,0.0009123198611148017,ref
6677,13,21,0.0009034623867350464,ref
6678,13,22,0.0009831796561528446,ref
6679,13,23,0.0009300348098743124,ref
6680,13,24,0.0008148876429374928,ref
6681,13,25,0.000894604912355291,ref
6682,13,26,0.0007085979503804285,ref
6683,13,27,0.0008768899635957803,ref
6684,13,28,0.0009123198611148017,ref
6685,13,29,0.0008414600660767589,ref
6686,13,30,0.0011426141949884409,ref
6687,13,31,0.0006820255272411625,ref
6688,13,32,0.0009743221817730892,ref
6689,13,33,0.00074402784789945,ref
6690,13,34,0.0007883152197982268,ref
6691,13,35,0.0008148876429374928,ref
6692,13,36,0.0008768899635957803,ref
6693,13,37,0.0007174554247601839,ref
6694,13,38,0.0008326025916970036,ref
6695,13,39,0.000646595629722141,ref
6696,13,40,0.0009300348098743124,ref
6697,13,41,0.0008326025916970036,ref
6698,13,42,0.0009477497586338232,ref
6699,13,43,0.0009034623867350464,ref
6700,13,44,0.0009477497586338232,ref
6701,13,45,0.0011337567206086857,ref
6702,13,46,0.0007174554247601839,ref
6703,13,47,0.0007617427966589606,ref
6704,13,48,0.0008680324892160249,ref
6705,13,49,0.0006643105784816518,ref
6706,13,50,0.0008591750148362696,ref
6707,13,51,0.0007883152197982268,ref
6708,13,52,0.0008148876429374928,ref
6709,13,53,0.0007883152197982268,ref
6710,13,54,0.0008148876429374928,ref
6711,13,55,0.0007794577454184714,ref
6712,13,56,0.0006908830016209178,ref
6713,13,57,0.0009566072330135785,ref
6714,13,58,0.0007351703735196946,ref
6715,13,59,0.000770600271038716,ref
6716,13,60,0.0008857474379755357,ref
6717,13,61,0.0007351703735196946,ref
6718,13,62,0.000894604912355291,ref
6719,13,63,0.0007617427966589606,ref
6720,13,64,0.0007351703735196946,ref
6721,13,65,0.0008591750148362696,ref
6722,13,66,0.0006288806809626303,ref
6723,13,67,0.0007883152197982268,ref
6724,13,68,0.0007174554247601839,ref
6725,13,69,0.0005668783603043428,ref
6726,13,70,0.0006908830016209178,ref
6727,13,71,0.000620023206582875,ref
6728,13,72,0.0008414600660767589,ref
6729,13,73,0.000646595629722141,ref
6730,13,74,0.0007263128991399393,ref
6731,13,75,0.0005934507834436088,ref
6732,13,76,0.0007263128991399393,ref
6733,13,77,0.0006377381553423857,ref
6734,13,78,0.000770600271038716,ref
6735,13,79,0.0006997404760006731,ref
6736,13,80,0.0007263128991399393,ref
6737,13,81,0.0006731680528614071,ref
6738,13,82,0.0006554531041018963,ref
6739,13,83,0.0006111657322031196,ref
6740,13,84,0.000770600271038716,ref
6741,13,85,0.0006643105784816518,ref
6742,13,86,0.0007174554247601839,ref
6743,13,87,0.0008148876429374928,ref
6744,13,88,0.000646595629722141,ref
6745,13,89,0.0007263128991399393,ref
6746,13,90,0.0007174554247601839,ref
6747,13,91,0.0006731680528614071,ref
6748,13,92,0.0005934507834436088,ref
6749,13,93,0.0004251587702282571,ref
6750,13,94,0.000620023206582875,ref
6751,13,95,0.0004871610908865446,ref
6752,13,96,0.0007263128991399393,ref
6753,13,97,0.0007794577454184714,ref
6754,13,98,0.0006643105784816518,ref
6755,13,99,0.0010363245024313768,ref
6756,13,100,0.0006554531041018963,ref
6757,13,101,0.0010717543999503982,ref
6758,13,102,0.0006643105784816518,ref
6759,13,103,0.0006820255272411625,ref
6760,13,104,0.0007528853222792053,ref
6761,13,105,0.0007085979503804285,ref
6762,13,106,0.0007085979503804285,ref
6763,13,107,0.0006643105784816518,ref
6764,13,108,0.0006820255272411625,ref
6765,13,109,0.0006288806809626303,ref
6766,13,110,0.0006377381553423857,ref
6767,13,111,0.0007085979503804285,ref
6768,13,112,0.0007174554247601839,ref
6769,13,113,0.0008857474379755357,ref
6770,13,114,0.0007174554247601839,ref
6771,13,115,0.0007263128991399393,ref
6772,13,116,0.0007617427966589606,ref
6773,13,117,0.000620023206582875,ref
6774,13,118,0.0007971726941779821,ref
6775,13,119,0.0006908830016209178,ref
6776,13,120,0.0007794577454184714,ref
6777,13,121,0.0005403059371650767,ref
6778,13,122,0.0008503175404565142,ref
6779,13,123,0.0007794577454184714,ref
6780,13,124,0.0006731680528614071,ref
6781,13,125,0.0007174554247601839,ref
6782,13,126,0.0005403059371650767,ref
6783,13,127,0.0008414600660767589,ref
6784,13,128,0.0006997404760006731,ref
6785,13,129,0.0007794577454184714,ref
6786,13,130,0.0006820255272411625,ref
6787,13,131,0.0007794577454184714,ref
6788,13,132,0.0006111657322031196,ref
6789,13,133,0.0006820255272411625,ref
6790,13,134,0.0007617427966589606,ref
6791,13,135,0.0008237451173172481,ref
6792,13,136,0.0006997404760006731,ref
6793,13,137,0.0007174554247601839,ref
6794,13,138,0.000770600271038716,ref
6795,13,139,0.0007263128991399393,ref
6796,13,140,0.0007617427966589606,ref
6797,13,141,0.0007794577454184714,ref
6798,13,142,0.0009034623867350464,ref
6799,13,143,0.0006908830016209178,ref
6800,13,144,0.0006554531041018963,ref
6801,13,145,0.0007263128991399393,ref
6802,13,146,0.000646595629722141,ref
6803,13,147,0.0006288806809626303,ref
6804,13,148,0.0007351703735196946,ref
6805,13,149,0.0006731680528614071,ref
6806,13,150,0.0006554531041018963,ref
6807,13,151,0.0008326025916970036,ref
6808,13,152,0.0006554531041018963,ref
6809,13,153,0.000646595629722141,ref
6810,13,154,0.000770600271038716,ref
6811,13,155,0.0006554531041018963,ref
6812,13,156,0.0005757358346840982,ref
6813,13,157,0.0005580208859245875,ref
6814,13,158,0.0006820255272411625,ref
6815,13,159,0.0005580208859245875,ref
6816,13,160,0.000646595629722141,ref
6817,13,161,0.0005668783603043428,ref
6818,13,162,0.0006111657322031196,ref
6819,13,163,0.0006023082578233643,ref
6820,13,164,0.00074402784789945,ref
6821,13,165,0.0005845933090638535,ref
6822,13,166,0.0006643105784816518,ref
6823,13,167,0.0005668783603043428,ref
6824,13,168,0.0006731680528614071,ref
6825,13,169,0.000620023206582875,ref
6826,13,170,0.0005845933090638535,ref
6827,13,171,0.0006111657322031196,ref
6828,13,172,0.0006997404760006731,ref
6829,13,173,0.0004517311933675232,ref
6830,13,174,0.0004960185652663,ref
6831,13,175,0.0006111657322031196,ref
6832,13,176,0.0004871610908865446,ref
6833,13,177,0.0004251587702282571,ref
6834,13,178,0.000522590988405566,ref
6835,13,179,0.00043401624460801246,ref
6836,13,180,0.0003897288727092357,ref
6837,13,181,0.0004694461421270339,ref
6838,13,182,0.0004517311933675232,ref
6839,13,183,0.0004251587702282571,ref
6840,13,184,0.00036315644956996963,ref
6841,13,185,0.0003808713983294803,ref
6842,13,186,0.00036315644956996963,ref
6843,13,187,0.0004251587702282571,ref
6844,13,188,0.0002834391801521714,ref
6845,13,189,0.00043401624460801246,ref
6846,13,190,0.00035429897519021424,ref
6847,13,191,0.0002834391801521714,ref
6848,13,192,0.00029229665453192675,ref
6849,13,193,0.00032772655205094817,ref
6850,13,194,0.00035429897519021424,ref
6851,13,195,0.00031886907767119283,ref
6852,13,196,0.0003808713983294803,ref
6853,13,197,0.00023915180825339463,ref
6854,13,198,0.0004074438214687464,ref
6855,13,199,0.00024800928263315,ref
6856,13,200,0.000372013923949725,ref
6857,13,201,0.0003454415008104589,ref
6858,13,202,0.00032772655205094817,ref
6859,13,203,0.00030115412891168215,ref
6860,13,204,0.0002834391801521714,ref
6861,13,205,0.00024800928263315,ref
6862,13,206,0.0002657242313926607,ref
6863,13,207,0.00017714948759510712,ref
6864,13,208,0.00019486443635461785,ref
6865,13,209,0.00024800928263315,ref
6866,13,210,0.00019486443635461785,ref
6867,13,211,0.00025686675701290534,ref
6868,13,212,0.0001860069619748625,ref
6869,13,213,0.00025686675701290534,ref
6870,13,214,0.00024800928263315,ref
6871,13,215,0.0001860069619748625,ref
6872,13,216,0.0002037219107343732,ref
6873,13,217,0.0001860069619748625,ref
6874,13,218,0.0001860069619748625,ref
6875,13,219,0.0001417195900760857,ref
6876,13,220,0.00021257938511412856,ref
6877,13,221,0.00013286211569633034,ref
6878,13,222,0.0001417195900760857,ref
6879,13,223,0.00021257938511412856,ref
6880,13,224,0.00011514716693681963,ref
6881,13,225,0.0001417195900760857,ref
6882,13,226,0.00017714948759510712,ref
6883,13,227,0.00013286211569633034,ref
6884,13,228,0.00015943453883559641,ref
6885,13,229,0.00016829201321535178,ref
6886,13,230,0.00016829201321535178,ref
6887,13,231,0.00015057706445584107,ref
6888,13,232,0.00016829201321535178,ref
6889,13,233,0.00015057706445584107,ref
6890,13,234,0.00013286211569633034,ref
6891,13,235,9.743221817730893e-05,ref
6892,13,236,8.857474379755356e-05,ref
6893,13,237,9.743221817730893e-05,ref
6894,13,238,0.00015943453883559641,ref
6895,13,239,9.743221817730893e-05,ref
6896,13,240,8.857474379755356e-05,ref
6897,13,241,8.857474379755356e-05,ref
6898,13,242,7.085979503804285e-05,ref
6899,13,243,7.085979503804285e-05,ref
6900,13,244,7.085979503804285e-05,ref
6901,13,245,8.857474379755356e-05,ref
6902,13,246,4.428737189877678e-05,ref
6903,13,247,0.000124004641316575,ref
6904,13,248,5.314484627853214e-05,ref
6905,13,249,9.743221817730893e-05,ref
6906,13,250,6.20023206582875e-05,ref
6907,13,251,7.971726941779821e-05,ref
6908,13,252,7.085979503804285e-05,ref
6909,13,253,5.314484627853214e-05,ref
6910,13,254,6.20023206582875e-05,ref
6911,13,255,7.085979503804285e-05,ref
6912,13,0,0.0007889511382171478,gen
6913,13,1,0.0008775973335224453,gen
6914,13,2,0.0006914403233813205,gen
6915,13,3,0.0008066803772782072,gen
6916,13,4,0.0008598680944613857,gen
6917,13,5,0.0005407417913623147,gen
6918,13,6,0.0006648464647897312,gen
6919,13,7,0.0006205233671370824,gen
6920,13,8,0.0007091695624423799,gen
6921,13,9,0.0006825757038507907,gen
6922,13,10,0.0006914403233813205,gen
6923,13,11,0.000780086518686618,gen
6924,13,12,0.0007623572796255585,gen
6925,13,13,0.000602794128076023,gen
6926,13,14,0.000780086518686618,gen
6927,13,15,0.0006205233671370824,gen
6928,13,16,0.0008332742358697965,gen
6929,13,17,0.0006914403233813205,gen
6930,13,18,0.0006825757038507907,gen
6931,13,19,0.0006293879866676122,gen
6932,13,20,0.0007180341819729097,gen
6933,13,21,0.0007180341819729097,gen
6934,13,22,0.000744628040564499,gen
6935,13,23,0.0006471172257286718,gen
6936,13,24,0.0007357634210339693,gen
6937,13,25,0.0007003049429118502,gen
6938,13,26,0.0006648464647897312,gen
6939,13,27,0.0007091695624423799,gen
6940,13,28,0.0006471172257286718,gen
6941,13,29,0.0007180341819729097,gen
6942,13,30,0.0007268988015034395,gen
6943,13,31,0.0007534926600950287,gen
6944,13,32,0.000780086518686618,gen
6945,13,33,0.0007091695624423799,gen
6946,13,34,0.0007003049429118502,gen
6947,13,35,0.0006559818452592014,gen
6948,13,36,0.0007180341819729097,gen
6949,13,37,0.0006825757038507907,gen
6950,13,38,0.0006825757038507907,gen
6951,13,39,0.0005939295085454932,gen
6952,13,40,0.0005850648890149635,gen
6953,13,41,0.0008066803772782072,gen
6954,13,42,0.0005496064108928445,gen
6955,13,43,0.0006914403233813205,gen
6956,13,44,0.0006471172257286718,gen
6957,13,45,0.0005673356499539039,gen
6958,13,46,0.0006914403233813205,gen
6959,13,47,0.000602794128076023,gen
6960,13,48,0.0005762002694844337,gen
6961,13,49,0.0007003049429118502,gen
6962,13,50,0.0006205233671370824,gen
6963,13,51,0.000673711084320261,gen
6964,13,52,0.0005939295085454932,gen
6965,13,53,0.0006914403233813205,gen
6966,13,54,0.0005850648890149635,gen
6967,13,55,0.000638252606198142,gen
6968,13,56,0.0005939295085454932,gen
6969,13,57,0.0005673356499539039,gen
6970,13,58,0.0006293879866676122,gen
6971,13,59,0.0005584710304233743,gen
6972,13,60,0.000673711084320261,gen
6973,13,61,0.0007268988015034395,gen
6974,13,62,0.0005762002694844337,gen
6975,13,63,0.0006471172257286718,gen
6976,13,64,0.0005230125523012552,gen
6977,13,65,0.0005939295085454932,gen
6978,13,66,0.0005673356499539039,gen
6979,13,67,0.0005584710304233743,gen
6980,13,68,0.0006205233671370824,gen
6981,13,69,0.0007889511382171478,gen
6982,13,70,0.0006914403233813205,gen
6983,13,71,0.0006471172257286718,gen
6984,13,72,0.0005407417913623147,gen
6985,13,73,0.000673711084320261,gen
6986,13,74,0.000602794128076023,gen
6987,13,75,0.0007003049429118502,gen
6988,13,76,0.000460960215587547,gen
6989,13,77,0.0005052833132401958,gen
6990,13,78,0.0006116587476065527,gen
6991,13,79,0.0005496064108928445,gen
6992,13,80,0.0004698248351180767,gen
6993,13,81,0.0006293879866676122,gen
6994,13,82,0.0007091695624423799,gen
6995,13,83,0.0006471172257286718,gen
6996,13,84,0.0005850648890149635,gen
6997,13,85,0.000531877171831785,gen
6998,13,86,0.0005762002694844337,gen
6999,13,87,0.0006471172257286718,gen
7000,13,88,0.000780086518686618,gen
7001,13,89,0.0005850648890149635,gen
7002,13,90,0.0006471172257286718,gen
7003,13,91,0.0005939295085454932,gen
7004,13,92,0.0006648464647897312,gen
7005,13,93,0.0005673356499539039,gen
7006,13,94,0.000602794128076023,gen
7007,13,95,0.0005850648890149635,gen
7008,13,96,0.00043436635699595775,gen
7009,13,97,0.0004786894546486065,gen
7010,13,98,0.000531877171831785,gen
7011,13,99,0.000602794128076023,gen
7012,13,100,0.0005496064108928445,gen
7013,13,101,0.0005673356499539039,gen
7014,13,102,0.0005673356499539039,gen
7015,13,103,0.0006293879866676122,gen
7016,13,104,0.0006825757038507907,gen
7017,13,105,0.0004875540741791362,gen
7018,13,106,0.000638252606198142,gen
7019,13,107,0.000638252606198142,gen
7020,13,108,0.000638252606198142,gen
7021,13,109,0.000673711084320261,gen
7022,13,110,0.000460960215587547,gen
7023,13,111,0.000460960215587547,gen
7024,13,112,0.0006825757038507907,gen
7025,13,113,0.0004077724984043685,gen
7026,13,114,0.0005230125523012552,gen
7027,13,115,0.0005850648890149635,gen
7028,13,116,0.0004786894546486065,gen
7029,13,117,0.0005141479327707255,gen
7030,13,118,0.0003723140202822495,gen
7031,13,119,0.0005496064108928445,gen
7032,13,120,0.0006205233671370824,gen
7033,13,121,0.00038117863981277923,gen
7034,13,122,0.0005230125523012552,gen
7035,13,123,0.0005230125523012552,gen
7036,13,124,0.000496418693709666,gen
7037,13,125,0.000390043259343309,gen
7038,13,126,0.0003989078788738387,gen
7039,13,127,0.0005496064108928445,gen
7040,13,128,0.0003723140202822495,gen
7041,13,129,0.0005673356499539039,gen
7042,13,130,0.0004875540741791362,gen
7043,13,131,0.00043436635699595775,gen
7044,13,132,0.0005052833132401958,gen
7045,13,133,0.0005762002694844337,gen
7046,13,134,0.0005141479327707255,gen
7047,13,135,0.000460960215587547,gen
7048,13,136,0.000460960215587547,gen
7049,13,137,0.0006205233671370824,gen
7050,13,138,0.000531877171831785,gen
7051,13,139,0.0005141479327707255,gen
7052,13,140,0.0005052833132401958,gen
7053,13,141,0.0005407417913623147,gen
7054,13,142,0.0006559818452592014,gen
7055,13,143,0.0004786894546486065,gen
7056,13,144,0.0006293879866676122,gen
7057,13,145,0.000638252606198142,gen
7058,13,146,0.0005673356499539039,gen
7059,13,147,0.000460960215587547,gen
7060,13,148,0.00045209559605701723,gen
7061,13,149,0.0004077724984043685,gen
7062,13,150,0.00043436635699595775,gen
7063,13,151,0.0005584710304233743,gen
7064,13,152,0.0004875540741791362,gen
7065,13,153,0.0005496064108928445,gen
7066,13,154,0.00045209559605701723,gen
7067,13,155,0.0005230125523012552,gen
7068,13,156,0.00045209559605701723,gen
7069,13,157,0.0005052833132401958,gen
7070,13,158,0.000425501737465428,gen
7071,13,159,0.0005230125523012552,gen
7072,13,160,0.0005407417913623147,gen
7073,13,161,0.000531877171831785,gen
7074,13,162,0.0004786894546486065,gen
7075,13,163,0.0004698248351180767,gen
7076,13,164,0.000460960215587547,gen
7077,13,165,0.000638252606198142,gen
7078,13,166,0.0005230125523012552,gen
7079,13,167,0.0004875540741791362,gen
7080,13,168,0.0003368555421601305,gen
7081,13,169,0.000425501737465428,gen
7082,13,170,0.00045209559605701723,gen
7083,13,171,0.0005052833132401958,gen
7084,13,172,0.0004786894546486065,gen
7085,13,173,0.000460960215587547,gen
7086,13,174,0.00034572016169066025,gen
7087,13,175,0.00043436635699595775,gen
7088,13,176,0.000425501737465428,gen
7089,13,177,0.0004875540741791362,gen
7090,13,178,0.00035458478122118997,gen
7091,13,179,0.00041663711793489826,gen
7092,13,180,0.0003989078788738387,gen
7093,13,181,0.00044323097652648746,gen
7094,13,182,0.00036344940075171974,gen
7095,13,183,0.0005230125523012552,gen
7096,13,184,0.0004875540741791362,gen
7097,13,185,0.000531877171831785,gen
7098,13,186,0.0004786894546486065,gen
7099,13,187,0.0004786894546486065,gen
7100,13,188,0.00045209559605701723,gen
7101,13,189,0.0005141479327707255,gen
7102,13,190,0.0004786894546486065,gen
7103,13,191,0.00041663711793489826,gen
7104,13,192,0.00043436635699595775,gen
7105,13,193,0.0003279909226296007,gen
7106,13,194,0.0003279909226296007,gen
7107,13,195,0.00038117863981277923,gen
7108,13,196,0.0004077724984043685,gen
7109,13,197,0.0003013970640380115,gen
7110,13,198,0.000425501737465428,gen
7111,13,199,0.0005496064108928445,gen
7112,13,200,0.0003368555421601305,gen
7113,13,201,0.000496418693709666,gen
7114,13,202,0.0004786894546486065,gen
7115,13,203,0.00044323097652648746,gen
7116,13,204,0.0003279909226296007,gen
7117,13,205,0.0003989078788738387,gen
7118,13,206,0.000319126303099071,gen
7119,13,207,0.00035458478122118997,gen
7120,13,208,0.00041663711793489826,gen
7121,13,209,0.00043436635699595775,gen
7122,13,210,0.0003989078788738387,gen
7123,13,211,0.000390043259343309,gen
7124,13,212,0.000319126303099071,gen
7125,13,213,0.0004698248351180767,gen
7126,13,214,0.00029253244450748174,gen
7127,13,215,0.0003102616835685412,gen
7128,13,216,0.0003013970640380115,gen
7129,13,217,0.000425501737465428,gen
7130,13,218,0.00036344940075171974,gen
7131,13,219,0.0002659385859158925,gen
7132,13,220,0.000390043259343309,gen
7133,13,221,0.0002304801077937735,gen
7134,13,222,0.00045209559605701723,gen
7135,13,223,0.0003368555421601305,gen
7136,13,224,0.00036344940075171974,gen
7137,13,225,0.000212750868732714,gen
7138,13,226,0.000319126303099071,gen
7139,13,227,0.0003102616835685412,gen
7140,13,228,0.00028366782497695197,gen
7141,13,229,0.00041663711793489826,gen
7142,13,230,0.00025707396638536276,gen
7143,13,231,0.000319126303099071,gen
7144,13,232,0.00029253244450748174,gen
7145,13,233,0.0003723140202822495,gen
7146,13,234,0.00041663711793489826,gen
7147,13,235,0.00035458478122118997,gen
7148,13,236,0.00029253244450748174,gen
7149,13,237,0.000319126303099071,gen
7150,13,238,0.0003013970640380115,gen
7151,13,239,0.0003102616835685412,gen
7152,13,240,0.000319126303099071,gen
7153,13,241,0.0003102616835685412,gen
7154,13,242,0.000390043259343309,gen
7155,13,243,0.00036344940075171974,gen
7156,13,244,0.000319126303099071,gen
7157,13,245,0.00027480320544642225,gen
7158,13,246,0.0003368555421601305,gen
7159,13,247,0.0003989078788738387,gen
7160,13,248,0.000390043259343309,gen
7161,13,249,0.00025707396638536276,gen
7162,13,250,0.0003723140202822495,gen
7163,13,251,0.00022161548826324373,gen
7164,13,252,0.0003723140202822495,gen
7165,13,253,0.00035458478122118997,gen
7166,13,254,0.0003279909226296007,gen
7167,13,255,0.000319126303099071,gen
7168,14,0,0.0008623624191535232,ref
7169,14,1,0.0009758311585158289,ref
7170,14,2,0.0010212186542607512,ref
7171,14,3,0.0007942811755361397,ref
7172,14,4,0.0008623624191535232,ref
7173,14,5,0.0007488936797912175,ref
7174,14,6,0.0008623624191535232,ref
7175,14,7,0.0008169749234086009,ref
7176,14,8,0.0009077499148984454,ref
7177,14,9,0.0008169749234086009,ref
7178,14,10,0.0007488936797912175,ref
7179,14,11,0.0005446499489390673,ref
7180,14,12,0.0007942811755361397,ref
7181,14,13,0.0007715874276636787,ref
7182,14,14,0.0005446499489390673,ref
7183,14,15,0.0008623624191535232,ref
7184,14,16,0.0005900374446839896,ref
7185,14,17,0.0008850561670259844,ref
7186,14,18,0.0008623624191535232,ref
7187,14,19,0.0009304436627709066,ref
7188,14,20,0.0006127311925564508,ref
7189,14,21,0.0007715874276636787,ref
7190,14,22,0.0005900374446839896,ref
7191,14,23,0.0008850561670259844,ref
7192,14,24,0.0009531374106433678,ref
7193,14,25,0.0007715874276636787,ref
7194,14,26,0.0007488936797912175,ref
7195,14,27,0.0005900374446839896,ref
7196,14,28,0.0006354249404289118,ref
7197,14,29,0.0006354249404289118,ref
7198,14,30,0.0007488936797912175,ref
7199,14,31,0.0006808124361738341,ref
7200,14,32,0.0007261999319187564,ref
7201,14,33,0.0007942811755361397,ref
7202,14,34,0.0008169749234086009,ref
7203,14,35,0.0009077499148984454,ref
7204,14,36,0.0007488936797912175,ref
7205,14,37,0.0007942811755361397,ref
7206,14,38,0.0007488936797912175,ref
7207,14,39,0.0008396686712810621,ref
7208,14,40,0.0009304436627709066,ref
7209,14,41,0.0007715874276636787,ref
7210,14,42,0.0008623624191535232,ref
7211,14,43,0.0008850561670259844,ref
7212,14,44,0.000658118688301373,ref
7213,14,45,0.0007261999319187564,ref
7214,14,46,0.0005900374446839896,ref
7215,14,47,0.0005673436968115284,ref
7216,14,48,0.0006354249404289118,ref
7217,14,49,0.0005900374446839896,ref
7218,14,50,0.0004765687053216839,ref
7219,14,51,0.0006808124361738341,ref
7220,14,52,0.0006127311925564508,ref
7221,14,53,0.0007488936797912175,ref
7222,14,54,0.0006354249404289118,ref
7223,14,55,0.0005446499489390673,ref
7224,14,56,0.0006354249404289118,ref
7225,14,57,0.0006808124361738341,ref
7226,14,58,0.000658118688301373,ref
7227,14,59,0.000499262453194145,ref
7228,14,60,0.0005673436968115284,ref
7229,14,61,0.0005219562010666061,ref
7230,14,62,0.0005900374446839896,ref
7231,14,63,0.00038579371383183934,ref
7232,14,64,0.0007261999319187564,ref
7233,14,65,0.0007261999319187564,ref
7234,14,66,0.0005219562010666061,ref
7235,14,67,0.0007035061840462952,ref
7236,14,68,0.0005446499489390673,ref
7237,14,69,0.000658118688301373,ref
7238,14,70,0.0004538749574492227,ref
7239,14,71,0.0003177124702144559,ref
7240,14,72,0.0006127311925564508,ref
7241,14,73,0.0004765687053216839,ref
7242,14,74,0.0005446499489390673,ref
7243,14,75,0.000499262453194145,ref
7244,14,76,0.0005900374446839896,ref
7245,14,77,0.000499262453194145,ref
7246,14,78,0.0007942811755361397,ref
7247,14,79,0.0007488936797912175,ref
7248,14,80,0.0006808124361738341,ref
7249,14,81,0.0005900374446839896,ref
7250,14,82,0.0005673436968115284,ref
7251,14,83,0.0005900374446839896,ref
7252,14,84,0.00034040621808691704,ref
7253,14,85,0.0004765687053216839,ref
7254,14,86,0.0004538749574492227,ref
7255,14,87,0.000499262453194145,ref
7256,14,88,0.00040848746170430046,ref
7257,14,89,0.0004311812095767616,ref
7258,14,90,0.000658118688301373,ref
7259,14,91,0.0006808124361738341,ref
7260,14,92,0.0005673436968115284,ref
7261,14,93,0.00034040621808691704,ref
7262,14,94,0.0006127311925564508,ref
7263,14,95,0.0004311812095767616,ref
7264,14,96,0.0005446499489390673,ref
7265,14,97,0.0004765687053216839,ref
7266,14,98,0.00040848746170430046,ref
7267,14,99,0.0006808124361738341,ref
7268,14,100,0.00038579371383183934,ref
7269,14,101,0.000658118688301373,ref
7270,14,102,0.00034040621808691704,ref
7271,14,103,0.0005219562010666061,ref
7272,14,104,0.00034040621808691704,ref
7273,14,105,0.0006127311925564508,ref
7274,14,106,0.0004765687053216839,ref
7275,14,107,0.0006127311925564508,ref
7276,14,108,0.0006354249404289118,ref
7277,14,109,0.0005219562010666061,ref
7278,14,110,0.0003630999659593782,ref
7279,14,111,0.000658118688301373,ref
7280,14,112,0.0005219562010666061,ref
7281,14,113,0.0005219562010666061,ref
7282,14,114,0.000499262453194145,ref
7283,14,115,0.0006354249404289118,ref
7284,14,116,0.0005673436968115284,ref
7285,14,117,0.0006808124361738341,ref
7286,14,118,0.0006354249404289118,ref
7287,14,119,0.000499262453194145,ref
7288,14,120,0.0006354249404289118,ref
7289,14,121,0.00038579371383183934,ref
7290,14,122,0.0005673436968115284,ref
7291,14,123,0.00040848746170430046,ref
7292,14,124,0.0006354249404289118,ref
7293,14,125,0.0007488936797912175,ref
7294,14,126,0.0005900374446839896,ref
7295,14,127,0.000499262453194145,ref
7296,14,128,0.0005673436968115284,ref
7297,14,129,0.00040848746170430046,ref
7298,14,130,0.0004538749574492227,ref
7299,14,131,0.0005446499489390673,ref
7300,14,132,0.0004311812095767616,ref
7301,14,133,0.0005446499489390673,ref
7302,14,134,0.00040848746170430046,ref
7303,14,135,0.0004765687053216839,ref
7304,14,136,0.000499262453194145,ref
7305,14,137,0.0004765687053216839,ref
7306,14,138,0.0006354249404289118,ref
7307,14,139,0.0005219562010666061,ref
7308,14,140,0.0004538749574492227,ref
7309,14,141,0.0004765687053216839,ref
7310,14,142,0.0005219562010666061,ref
7311,14,143,0.0004311812095767616,ref
7312,14,144,0.0005900374446839896,ref
7313,14,145,0.0004765687053216839,ref
7314,14,146,0.0006127311925564508,ref
7315,14,147,0.0005446499489390673,ref
7316,14,148,0.000499262453194145,ref
7317,14,149,0.00038579371383183934,ref
7318,14,150,0.000499262453194145,ref
7319,14,151,0.0004538749574492227,ref
7320,14,152,0.0006127311925564508,ref
7321,14,153,0.0004538749574492227,ref
7322,14,154,0.000499262453194145,ref
7323,14,155,0.000499262453194145,ref
7324,14,156,0.0005673436968115284,ref
7325,14,157,0.000499262453194145,ref
7326,14,158,0.0005673436968115284,ref
7327,14,159,0.0004538749574492227,ref
7328,14,160,0.00034040621808691704,ref
7329,14,161,0.00027232497446953366,ref
7330,14,162,0.00038579371383183934,ref
7331,14,163,0.0004765687053216839,ref
7332,14,164,0.00034040621808691704,ref
7333,14,165,0.00038579371383183934,ref
7334,14,166,0.00038579371383183934,ref
7335,14,167,0.0003630999659593782,ref
7336,14,168,0.0003630999659593782,ref
7337,14,169,0.0004311812095767616,ref
7338,14,170,0.0002496312265970725,ref
7339,14,171,0.0003177124702144559,ref
7340,14,172,0.0004311812095767616,ref
7341,14,173,0.0006354249404289118,ref
7342,14,174,0.00038579371383183934,ref
7343,14,175,0.00034040621808691704,ref
7344,14,176,0.0002496312265970725,ref
7345,14,177,0.0004311812095767616,ref
7346,14,178,0.00034040621808691704,ref
7347,14,179,0.00040848746170430046,ref
7348,14,180,0.0005900374446839896,ref
7349,14,181,0.0003177124702144559,ref
7350,14,182,0.00040848746170430046,ref
7351,14,183,0.0005219562010666061,ref
7352,14,184,0.00038579371383183934,ref
7353,14,185,0.00027232497446953366,ref
7354,14,186,0.0004311812095767616,ref
7355,14,187,0.00027232497446953366,ref
7356,14,188,0.00020424373085215023,ref
7357,14,189,0.00027232497446953366,ref
7358,14,190,0.00027232497446953366,ref
7359,14,191,0.00040848746170430046,ref
7360,14,192,0.0002950187223419948,ref
7361,14,193,0.00038579371383183934,ref
7362,14,194,0.00022693747872461136,ref
7363,14,195,0.0001815499829796891,ref
7364,14,196,0.0002496312265970725,ref
7365,14,197,0.00022693747872461136,ref
7366,14,198,0.0002950187223419948,ref
7367,14,199,0.00020424373085215023,ref
7368,14,200,0.00022693747872461136,ref
7369,14,201,0.00027232497446953366,ref
7370,14,202,0.00034040621808691704,ref
7371,14,203,0.00034040621808691704,ref
7372,14,204,0.00022693747872461136,ref
7373,14,205,0.0004311812095767616,ref
7374,14,206,0.0002950187223419948,ref
7375,14,207,0.0005446499489390673,ref
7376,14,208,0.00027232497446953366,ref
7377,14,209,0.00027232497446953366,ref
7378,14,210,0.00034040621808691704,ref
7379,14,211,0.0001815499829796891,ref
7380,14,212,0.00015885623510722796,ref
7381,14,213,0.00022693747872461136,ref
7382,14,214,0.00011346873936230568,ref
7383,14,215,0.00020424373085215023,ref
7384,14,216,0.00020424373085215023,ref
7385,14,217,0.0003177124702144559,ref
7386,14,218,0.00013616248723476683,ref
7387,14,219,0.0002950187223419948,ref
7388,14,220,0.00011346873936230568,ref
7389,14,221,0.00040848746170430046,ref
7390,14,222,0.00013616248723476683,ref
7391,14,223,0.0001815499829796891,ref
7392,14,224,0.00022693747872461136,ref
7393,14,225,0.00020424373085215023,ref
7394,14,226,0.00020424373085215023,ref
7395,14,227,0.00022693747872461136,ref
7396,14,228,9.077499148984455e-05,ref
7397,14,229,0.0001815499829796891,ref
7398,14,230,0.00015885623510722796,ref
7399,14,231,0.00020424373085215023,ref
7400,14,232,0.00013616248723476683,ref
7401,14,233,0.00013616248723476683,ref
7402,14,234,0.00020424373085215023,ref
7403,14,235,6.808124361738342e-05,ref
7404,14,236,0.00011346873936230568,ref
7405,14,237,0.00011346873936230568,ref
7406,14,238,0.00020424373085215023,ref
7407,14,239,9.077499148984455e-05,ref
7408,14,240,6.808124361738342e-05,ref
7409,14,241,0.00013616248723476683,ref
7410,14,242,6.808124361738342e-05,ref
7411,14,243,6.808124361738342e-05,ref
7412,14,244,0.00013616248723476683,ref
7413,14,245,9.077499148984455e-05,ref
7414,14,246,0.00013616248723476683,ref
7415,14,247,4.538749574492228e-05,ref
7416,14,248,9.077499148984455e-05,ref
7417,14,249,9.077499148984455e-05,ref
7418,14,250,4.538749574492228e-05,ref
7419,14,251,0.0,ref
7420,14,252,4.538749574492228e-05,ref
7421,14,253,2.269374787246114e-05,ref
7422,14,254,0.00011346873936230568,ref
7423,14,255,6.808124361738342e-05,ref
7424,14,0,0.0006983240223463687,gen
7425,14,1,0.0009010632546404757,gen
7426,14,2,0.0007659037664444044,gen
7427,14,3,0.0007208506037123806,gen
7428,14,4,0.0007659037664444044,gen
7429,14,5,0.0009235898360064876,gen
7430,14,6,0.0009235898360064876,gen
7431,14,7,0.0005856911155163092,gen
7432,14,8,0.000428005045954226,gen
7433,14,9,0.0006532708596143449,gen
7434,14,10,0.0006082176968823211,gen
7435,14,11,0.0007659037664444044,gen
7436,14,12,0.0006983240223463687,gen
7437,14,13,0.0008109569291764282,gen
7438,14,14,0.0005181113714182736,gen
7439,14,15,0.0008334835105424401,gen
7440,14,16,0.0006532708596143449,gen
7441,14,17,0.0009010632546404757,gen
7442,14,18,0.0006082176968823211,gen
7443,14,19,0.0009686429987385114,gen
7444,14,20,0.0005181113714182736,gen
7445,14,21,0.0006082176968823211,gen
7446,14,22,0.0005856911155163092,gen
7447,14,23,0.0006757974409803568,gen
7448,14,24,0.0005856911155163092,gen
7449,14,25,0.0007659037664444044,gen
7450,14,26,0.0005406379527842854,gen
7451,14,27,0.0004955847900522617,gen
7452,14,28,0.0006757974409803568,gen
7453,14,29,0.0007208506037123806,gen
7454,14,30,0.0009235898360064876,gen
7455,14,31,0.0008109569291764282,gen
7456,14,32,0.0006983240223463687,gen
7457,14,33,0.0005631645341502973,gen
7458,14,34,0.0006532708596143449,gen
7459,14,35,0.0007659037664444044,gen
7460,14,36,0.0005406379527842854,gen
7461,14,37,0.0005856911155163092,gen
7462,14,38,0.0005856911155163092,gen
7463,14,39,0.0006532708596143449,gen
7464,14,40,0.0008785366732744638,gen
7465,14,41,0.0005856911155163092,gen
7466,14,42,0.0006082176968823211,gen
7467,14,43,0.0006082176968823211,gen
7468,14,44,0.0007208506037123806,gen
7469,14,45,0.0005856911155163092,gen
7470,14,46,0.0007208506037123806,gen
7471,14,47,0.000428005045954226,gen
7472,14,48,0.00045053162732023786,gen
7473,14,49,0.0008334835105424401,gen
7474,14,50,0.0006757974409803568,gen
7475,14,51,0.0007659037664444044,gen
7476,14,52,0.000630744278248333,gen
7477,14,53,0.0006532708596143449,gen
7478,14,54,0.0008109569291764282,gen
7479,14,55,0.0006082176968823211,gen
7480,14,56,0.0006757974409803568,gen
7481,14,57,0.0006082176968823211,gen
7482,14,58,0.0004955847900522617,gen
7483,14,59,0.0006082176968823211,gen
7484,14,60,0.0004955847900522617,gen
7485,14,61,0.0007884303478104163,gen
7486,14,62,0.0005181113714182736,gen
7487,14,63,0.0005181113714182736,gen
7488,14,64,0.0005856911155163092,gen
7489,14,65,0.0006082176968823211,gen
7490,14,66,0.0005406379527842854,gen
7491,14,67,0.0005856911155163092,gen
7492,14,68,0.00045053162732023786,gen
7493,14,69,0.0005406379527842854,gen
7494,14,70,0.000630744278248333,gen
7495,14,71,0.0007884303478104163,gen
7496,14,72,0.0005406379527842854,gen
7497,14,73,0.00047305820868624975,gen
7498,14,74,0.00045053162732023786,gen
7499,14,75,0.0005856911155163092,gen
7500,14,76,0.0005856911155163092,gen
7501,14,77,0.0005631645341502973,gen
7502,14,78,0.0005631645341502973,gen
7503,14,79,0.0005406379527842854,gen
7504,14,80,0.0005181113714182736,gen
7505,14,81,0.0006757974409803568,gen
7506,14,82,0.0005181113714182736,gen
7507,14,83,0.0006082176968823211,gen
7508,14,84,0.0004955847900522617,gen
7509,14,85,0.000630744278248333,gen
7510,14,86,0.0007208506037123806,gen
7511,14,87,0.0005856911155163092,gen
7512,14,88,0.0005631645341502973,gen
7513,14,89,0.0007433771850783925,gen
7514,14,90,0.0005856911155163092,gen
7515,14,91,0.0008334835105424401,gen
7516,14,92,0.000630744278248333,gen
7517,14,93,0.0005406379527842854,gen
7518,14,94,0.0004955847900522617,gen
7519,14,95,0.0006532708596143449,gen
7520,14,96,0.0006532708596143449,gen
7521,14,97,0.0005631645341502973,gen
7522,14,98,0.000428005045954226,gen
7523,14,99,0.0004054784645882141,gen
7524,14,100,0.0005631645341502973,gen
7525,14,101,0.0006082176968823211,gen
7526,14,102,0.0005406379527842854,gen
7527,14,103,0.000630744278248333,gen
7528,14,104,0.0006757974409803568,gen
7529,14,105,0.0005406379527842854,gen
7530,14,106,0.0005631645341502973,gen
7531,14,107,0.0004955847900522617,gen
7532,14,108,0.0003604253018561903,gen
7533,14,109,0.000428005045954226,gen
7534,14,110,0.0006757974409803568,gen
7535,14,111,0.00047305820868624975,gen
7536,14,112,0.0005406379527842854,gen
7537,14,113,0.000428005045954226,gen
7538,14,114,0.0005406379527842854,gen
7539,14,115,0.00045053162732023786,gen
7540,14,116,0.0005181113714182736,gen
7541,14,117,0.0004955847900522617,gen
7542,14,118,0.0005181113714182736,gen
7543,14,119,0.0007208506037123806,gen
7544,14,120,0.0004054784645882141,gen
7545,14,121,0.0005856911155163092,gen
7546,14,122,0.000630744278248333,gen
7547,14,123,0.0005406379527842854,gen
7548,14,124,0.0004955847900522617,gen
7549,14,125,0.00047305820868624975,gen
7550,14,126,0.0007433771850783925,gen
7551,14,127,0.0006082176968823211,gen
7552,14,128,0.000630744278248333,gen
7553,14,129,0.0005856911155163092,gen
7554,14,130,0.000428005045954226,gen
7555,14,131,0.0005181113714182736,gen
7556,14,132,0.00045053162732023786,gen
7557,14,133,0.000630744278248333,gen
7558,14,134,0.0005856911155163092,gen
7559,14,135,0.0006082176968823211,gen
7560,14,136,0.0006532708596143449,gen
7561,14,137,0.0005181113714182736,gen
7562,14,138,0.0003829518832222022,gen
7563,14,139,0.0006532708596143449,gen
7564,14,140,0.0004955847900522617,gen
7565,14,141,0.00047305820868624975,gen
7566,14,142,0.0007884303478104163,gen
7567,14,143,0.0004955847900522617,gen
7568,14,144,0.0008109569291764282,gen
7569,14,145,0.0006082176968823211,gen
7570,14,146,0.0004955847900522617,gen
7571,14,147,0.000428005045954226,gen
7572,14,148,0.0007208506037123806,gen
7573,14,149,0.000428005045954226,gen
7574,14,150,0.000630744278248333,gen
7575,14,151,0.0007433771850783925,gen
7576,14,152,0.0005406379527842854,gen
7577,14,153,0.00045053162732023786,gen
7578,14,154,0.0003829518832222022,gen
7579,14,155,0.0006082176968823211,gen
7580,14,156,0.00047305820868624975,gen
7581,14,157,0.0005406379527842854,gen
7582,14,158,0.0006757974409803568,gen
7583,14,159,0.0005856911155163092,gen
7584,14,160,0.0005406379527842854,gen
7585,14,161,0.0006082176968823211,gen
7586,14,162,0.0005631645341502973,gen
7587,14,163,0.00045053162732023786,gen
7588,14,164,0.0005406379527842854,gen
7589,14,165,0.0004955847900522617,gen
7590,14,166,0.0005856911155163092,gen
7591,14,167,0.000428005045954226,gen
7592,14,168,0.000630744278248333,gen
7593,14,169,0.0006757974409803568,gen
7594,14,170,0.0006532708596143449,gen
7595,14,171,0.00045053162732023786,gen
7596,14,172,0.0007884303478104163,gen
7597,14,173,0.0003604253018561903,gen
7598,14,174,0.0006082176968823211,gen
7599,14,175,0.0005406379527842854,gen
7600,14,176,0.0005406379527842854,gen
7601,14,177,0.00047305820868624975,gen
7602,14,178,0.0004054784645882141,gen
7603,14,179,0.000630744278248333,gen
7604,14,180,0.0003604253018561903,gen
7605,14,181,0.00047305820868624975,gen
7606,14,182,0.000428005045954226,gen
7607,14,183,0.00045053162732023786,gen
7608,14,184,0.00045053162732023786,gen
7609,14,185,0.00047305820868624975,gen
7610,14,186,0.0004955847900522617,gen
7611,14,187,0.0005406379527842854,gen
7612,14,188,0.0005631645341502973,gen
7613,14,189,0.0005406379527842854,gen
7614,14,190,0.0003604253018561903,gen
7615,14,191,0.000630744278248333,gen
7616,14,192,0.0005631645341502973,gen
7617,14,193,0.0005406379527842854,gen
7618,14,194,0.0006532708596143449,gen
7619,14,195,0.0005181113714182736,gen
7620,14,196,0.00045053162732023786,gen
7621,14,197,0.0004054784645882141,gen
7622,14,198,0.0004955847900522617,gen
7623,14,199,0.000630744278248333,gen
7624,14,200,0.00047305820868624975,gen
7625,14,201,0.0005856911155163092,gen
7626,14,202,0.0005856911155163092,gen
7627,14,203,0.0005406379527842854,gen
7628,14,204,0.0003829518832222022,gen
7629,14,205,0.0003829518832222022,gen
7630,14,206,0.0004955847900522617,gen
7631,14,207,0.0004054784645882141,gen
7632,14,208,0.0003378987204901784,gen
7633,14,209,0.0003829518832222022,gen
7634,14,210,0.000428005045954226,gen
7635,14,211,0.0003378987204901784,gen
7636,14,212,0.0005631645341502973,gen
7637,14,213,0.0005856911155163092,gen
7638,14,214,0.0004054784645882141,gen
7639,14,215,0.0006532708596143449,gen
7640,14,216,0.0003829518832222022,gen
7641,14,217,0.0003829518832222022,gen
7642,14,218,0.0003604253018561903,gen
7643,14,219,0.0003604253018561903,gen
7644,14,220,0.0004054784645882141,gen
7645,14,221,0.0003378987204901784,gen
7646,14,222,0.0003604253018561903,gen
7647,14,223,0.0004054784645882141,gen
7648,14,224,0.0003604253018561903,gen
7649,14,225,0.0002703189763921427,gen
7650,14,226,0.0005406379527842854,gen
7651,14,227,0.0003829518832222022,gen
7652,14,228,0.0003153721391241665,gen
7653,14,229,0.0002703189763921427,gen
7654,14,230,0.0002703189763921427,gen
7655,14,231,0.00047305820868624975,gen
7656,14,232,0.0003153721391241665,gen
7657,14,233,0.0002928455577581546,gen
7658,14,234,0.0002928455577581546,gen
7659,14,235,0.00020273923229410706,gen
7660,14,236,0.00022526581366011893,gen
7661,14,237,0.0003153721391241665,gen
7662,14,238,0.0003829518832222022,gen
7663,14,239,0.0003829518832222022,gen
7664,14,240,0.0005631645341502973,gen
7665,14,241,0.0004054784645882141,gen
7666,14,242,0.0003829518832222022,gen
7667,14,243,0.00045053162732023786,gen
7668,14,244,0.0002928455577581546,gen
7669,14,245,0.0002928455577581546,gen
7670,14,246,0.00020273923229410706,gen
7671,14,247,0.0004054784645882141,gen
7672,14,248,0.0003829518832222022,gen
7673,14,249,0.0004054784645882141,gen
7674,14,250,0.0002928455577581546,gen
7675,14,251,0.0002703189763921427,gen
7676,14,252,0.0002928455577581546,gen
7677,14,253,0.0005406379527842854,gen
7678,14,254,0.0002703189763921427,gen
7679,14,255,0.0004054784645882141,gen
7680,15,0,0.000547022932884494,ref
7681,15,1,0.0007994950557542605,ref
7682,15,2,0.0007574163686092993,ref
7683,15,3,0.0008415737428992215,ref
7684,15,4,0.0006311803071744162,ref
7685,15,5,0.0014306753629286767,ref
7686,15,6,0.0007574163686092993,ref
7687,15,7,0.0007994950557542605,ref
7688,15,8,0.0009257311171891436,ref
7689,15,9,0.0008836524300441826,ref
7690,15,10,0.0010098884914790658,ref
7691,15,11,0.0007153376814643383,ref
7692,15,12,0.0007574163686092993,ref
7693,15,13,0.001136124552913949,ref
7694,15,14,0.0007574163686092993,ref
7695,15,15,0.0009678098043341048,ref
7696,15,16,0.0006311803071744162,ref
7697,15,17,0.0008836524300441826,ref
7698,15,18,0.000589101620029455,ref
7699,15,19,0.0008415737428992215,ref
7700,15,20,0.0008836524300441826,ref
7701,15,21,0.0006732589943193772,ref
7702,15,22,0.0008836524300441826,ref
7703,15,23,0.0008415737428992215,ref
7704,15,24,0.0007574163686092993,ref
7705,15,25,0.0007153376814643383,ref
7706,15,26,0.000547022932884494,ref
7707,15,27,0.0007994950557542605,ref
7708,15,28,0.0006732589943193772,ref
7709,15,29,0.0008415737428992215,ref
7710,15,30,0.0006311803071744162,ref
7711,15,31,0.0007574163686092993,ref
7712,15,32,0.0007574163686092993,ref
7713,15,33,0.0010098884914790658,ref
7714,15,34,0.0009678098043341048,ref
7715,15,35,0.000589101620029455,ref
7716,15,36,0.0009257311171891436,ref
7717,15,37,0.0006311803071744162,ref
7718,15,38,0.0006311803071744162,ref
7719,15,39,0.0007153376814643383,ref
7720,15,40,0.001094045865768988,ref
7721,15,41,0.0006732589943193772,ref
7722,15,42,0.0012202819272038713,ref
7723,15,43,0.000589101620029455,ref
7724,15,44,0.0009257311171891436,ref
7725,15,45,0.0007994950557542605,ref
7726,15,46,0.000547022932884494,ref
7727,15,47,0.0006732589943193772,ref
7728,15,48,0.0006732589943193772,ref
7729,15,49,0.0007574163686092993,ref
7730,15,50,0.0003366294971596886,ref
7731,15,51,0.0010098884914790658,ref
7732,15,52,0.000589101620029455,ref
7733,15,53,0.0006311803071744162,ref
7734,15,54,0.0006732589943193772,ref
7735,15,55,0.0007153376814643383,ref
7736,15,56,0.0006311803071744162,ref
7737,15,57,0.000589101620029455,ref
7738,15,58,0.0007153376814643383,ref
7739,15,59,0.0007574163686092993,ref
7740,15,60,0.0006311803071744162,ref
7741,15,61,0.0007994950557542605,ref
7742,15,62,0.0007994950557542605,ref
7743,15,63,0.000547022932884494,ref
7744,15,64,0.000589101620029455,ref
7745,15,65,0.0005049442457395329,ref
7746,15,66,0.0006732589943193772,ref
7747,15,67,0.0007153376814643383,ref
7748,15,68,0.0006732589943193772,ref
7749,15,69,0.0005049442457395329,ref
7750,15,70,0.0006311803071744162,ref
7751,15,71,0.0009257311171891436,ref
7752,15,72,0.0004628655585945718,ref
7753,15,73,0.0006732589943193772,ref
7754,15,74,0.0008415737428992215,ref
7755,15,75,0.000589101620029455,ref
7756,15,76,0.0004628655585945718,ref
7757,15,77,0.0007994950557542605,ref
7758,15,78,0.0006732589943193772,ref
7759,15,79,0.0005049442457395329,ref
7760,15,80,0.0007994950557542605,ref
7761,15,81,0.0006311803071744162,ref
7762,15,82,0.000589101620029455,ref
7763,15,83,0.000589101620029455,ref
7764,15,84,0.0004628655585945718,ref
7765,15,85,0.0007574163686092993,ref
7766,15,86,0.0006311803071744162,ref
7767,15,87,0.0008415737428992215,ref
7768,15,88,0.000547022932884494,ref
7769,15,89,0.000547022932884494,ref
7770,15,90,0.0008415737428992215,ref
7771,15,91,0.000589101620029455,ref
7772,15,92,0.000589101620029455,ref
7773,15,93,0.0005049442457395329,ref
7774,15,94,0.0005049442457395329,ref
7775,15,95,0.0003366294971596886,ref
7776,15,96,0.0004628655585945718,ref
7777,15,97,0.0007574163686092993,ref
7778,15,98,0.0008415737428992215,ref
7779,15,99,0.001094045865768988,ref
7780,15,100,0.0006732589943193772,ref
7781,15,101,0.0013465179886387544,ref
7782,15,102,0.00025247212286976645,ref
7783,15,103,0.00042078687144961075,ref
7784,15,104,0.000547022932884494,ref
7785,15,105,0.000589101620029455,ref
7786,15,106,0.0006311803071744162,ref
7787,15,107,0.0008415737428992215,ref
7788,15,108,0.0006732589943193772,ref
7789,15,109,0.0006311803071744162,ref
7790,15,110,0.0003787081843046497,ref
7791,15,111,0.000547022932884494,ref
7792,15,112,0.00025247212286976645,ref
7793,15,113,0.0008836524300441826,ref
7794,15,114,0.0004628655585945718,ref
7795,15,115,0.0007153376814643383,ref
7796,15,116,0.000589101620029455,ref
7797,15,117,0.0006311803071744162,ref
7798,15,118,0.0007153376814643383,ref
7799,15,119,0.0007153376814643383,ref
7800,15,120,0.0007574163686092993,ref
7801,15,121,0.0005049442457395329,ref
7802,15,122,0.000589101620029455,ref
7803,15,123,0.0006311803071744162,ref
7804,15,124,0.0007574163686092993,ref
7805,15,125,0.0008415737428992215,ref
7806,15,126,0.0008836524300441826,ref
7807,15,127,0.0007574163686092993,ref
7808,15,128,0.0007994950557542605,ref
7809,15,129,0.0007153376814643383,ref
7810,15,130,0.0006732589943193772,ref
7811,15,131,0.000547022932884494,ref
7812,15,132,0.0006311803071744162,ref
7813,15,133,0.0005049442457395329,ref
7814,15,134,0.0006732589943193772,ref
7815,15,135,0.0007574163686092993,ref
7816,15,136,0.00042078687144961075,ref
7817,15,137,0.0007574163686092993,ref
7818,15,138,0.0005049442457395329,ref
7819,15,139,0.0008415737428992215,ref
7820,15,140,0.0006311803071744162,ref
7821,15,141,0.0006311803071744162,ref
7822,15,142,0.0006732589943193772,ref
7823,15,143,0.0008415737428992215,ref
7824,15,144,0.000547022932884494,ref
7825,15,145,0.000547022932884494,ref
7826,15,146,0.0006732589943193772,ref
7827,15,147,0.0006732589943193772,ref
7828,15,148,0.0004628655585945718,ref
7829,15,149,0.000547022932884494,ref
7830,15,150,0.0007153376814643383,ref
7831,15,151,0.000547022932884494,ref
7832,15,152,0.0003366294971596886,ref
7833,15,153,0.000589101620029455,ref
7834,15,154,0.000589101620029455,ref
7835,15,155,0.0003787081843046497,ref
7836,15,156,0.0004628655585945718,ref
7837,15,157,0.00042078687144961075,ref
7838,15,158,0.0006311803071744162,ref
7839,15,159,0.0007574163686092993,ref
7840,15,160,0.00025247212286976645,ref
7841,15,161,0.0007153376814643383,ref
7842,15,162,0.0007574163686092993,ref
7843,15,163,0.0009678098043341048,ref
7844,15,164,0.0007153376814643383,ref
7845,15,165,0.0007153376814643383,ref
7846,15,166,0.000547022932884494,ref
7847,15,167,0.0006311803071744162,ref
7848,15,168,0.0007574163686092993,ref
7849,15,169,0.0005049442457395329,ref
7850,15,170,0.00042078687144961075,ref
7851,15,171,0.0006732589943193772,ref
7852,15,172,0.0004628655585945718,ref
7853,15,173,0.000547022932884494,ref
7854,15,174,0.0003366294971596886,ref
7855,15,175,0.0003366294971596886,ref
7856,15,176,0.0004628655585945718,ref
7857,15,177,0.0005049442457395329,ref
7858,15,178,0.0008836524300441826,ref
7859,15,179,0.0004628655585945718,ref
7860,15,180,0.000589101620029455,ref
7861,15,181,0.0003366294971596886,ref
7862,15,182,0.0003787081843046497,ref
7863,15,183,0.0005049442457395329,ref
7864,15,184,0.0003787081843046497,ref
7865,15,185,0.0004628655585945718,ref
7866,15,186,0.0005049442457395329,ref
7867,15,187,0.00042078687144961075,ref
7868,15,188,0.0005049442457395329,ref
7869,15,189,0.0003787081843046497,ref
7870,15,190,0.0005049442457395329,ref
7871,15,191,0.00042078687144961075,ref
7872,15,192,0.0004628655585945718,ref
7873,15,193,0.0005049442457395329,ref
7874,15,194,0.0003366294971596886,ref
7875,15,195,0.0003366294971596886,ref
7876,15,196,0.00012623606143488322,ref
7877,15,197,0.00012623606143488322,ref
7878,15,198,0.0004628655585945718,ref
7879,15,199,0.0003787081843046497,ref
7880,15,200,0.000547022932884494,ref
7881,15,201,0.0005049442457395329,ref
7882,15,202,0.00042078687144961075,ref
7883,15,203,0.00021039343572480537,ref
7884,15,204,0.00021039343572480537,ref
7885,15,205,0.00021039343572480537,ref
7886,15,206,0.0001683147485798443,ref
7887,15,207,0.00025247212286976645,ref
7888,15,208,0.00021039343572480537,ref
7889,15,209,0.0003787081843046497,ref
7890,15,210,0.00042078687144961075,ref
7891,15,211,0.00042078687144961075,ref
7892,15,212,0.0,ref
7893,15,213,0.00021039343572480537,ref
7894,15,214,0.00012623606143488322,ref
7895,15,215,0.0003787081843046497,ref
7896,15,216,0.0003366294971596886,ref
7897,15,217,0.0002945508100147275,ref
7898,15,218,0.00021039343572480537,ref
7899,15,219,0.0003787081843046497,ref
7900,15,220,0.00021039343572480537,ref
7901,15,221,0.00021039343572480537,ref
7902,15,222,0.0002945508100147275,ref
7903,15,223,0.00021039343572480537,ref
7904,15,224,0.00012623606143488322,ref
7905,15,225,0.00021039343572480537,ref
7906,15,226,4.2078687144961075e-05,ref
7907,15,227,0.00025247212286976645,ref
7908,15,228,0.00025247212286976645,ref
7909,15,229,0.0001683147485798443,ref
7910,15,230,0.00021039343572480537,ref
7911,15,231,0.0002945508100147275,ref
7912,15,232,0.0001683147485798443,ref
7913,15,233,0.00012623606143488322,ref
7914,15,234,8.415737428992215e-05,ref
7915,15,235,8.415737428992215e-05,ref
7916,15,236,8.415737428992215e-05,ref
7917,15,237,8.415737428992215e-05,ref
7918,15,238,0.00025247212286976645,ref
7919,15,239,0.00012623606143488322,ref
7920,15,240,0.0001683147485798443,ref
7921,15,241,0.00012623606143488322,ref
7922,15,242,0.00025247212286976645,ref
7923,15,243,0.0001683147485798443,ref
7924,15,244,0.0002945508100147275,ref
7925,15,245,0.0001683147485798443,ref
7926,15,246,0.00025247212286976645,ref
7927,15,247,0.0001683147485798443,ref
7928,15,248,0.00021039343572480537,ref
7929,15,249,0.00012623606143488322,ref
7930,15,250,0.0001683147485798443,ref
7931,15,251,8.415737428992215e-05,ref
7932,15,252,4.2078687144961075e-05,ref
7933,15,253,0.0,ref
7934,15,254,0.00012623606143488322,ref
7935,15,255,0.0002945508100147275,ref
7936,15,0,0.00130718954248366,gen
7937,15,1,0.0010120177103099305,gen
7938,15,2,0.0011385199240986717,gen
7939,15,3,0.0008855154965211891,gen
7940,15,4,0.0007168458781362007,gen
7941,15,5,0.0006325110689437065,gen
7942,15,6,0.0007168458781362007,gen
7943,15,7,0.0006746784735399536,gen
7944,15,8,0.0009698503057136833,gen
7945,15,9,0.0006325110689437065,gen
7946,15,10,0.0006325110689437065,gen
7947,15,11,0.0006325110689437065,gen
7948,15,12,0.0006325110689437065,gen
7949,15,13,0.0005903436643474594,gen
7950,15,14,0.0005903436643474594,gen
7951,15,15,0.0005903436643474594,gen
7952,15,16,0.0004638414505587181,gen
7953,15,17,0.000843348091924942,gen
7954,15,18,0.0006746784735399536,gen
7955,15,19,0.0006325110689437065,gen
7956,15,20,0.0007590132827324478,gen
7957,15,21,0.0008855154965211891,gen
7958,15,22,0.0006746784735399536,gen
7959,15,23,0.0007168458781362007,gen
7960,15,24,0.000421674045962471,gen
7961,15,25,0.0005060088551549652,gen
7962,15,26,0.0004638414505587181,gen
7963,15,27,0.0008011806873286949,gen
7964,15,28,0.0005903436643474594,gen
7965,15,29,0.0009276829011174362,gen
7966,15,30,0.0007168458781362007,gen
7967,15,31,0.0005903436643474594,gen
7968,15,32,0.0006746784735399536,gen
7969,15,33,0.0006325110689437065,gen
7970,15,34,0.0007590132827324478,gen
7971,15,35,0.0006746784735399536,gen
7972,15,36,0.0005903436643474594,gen
7973,15,37,0.0007590132827324478,gen
7974,15,38,0.0006746784735399536,gen
7975,15,39,0.0005903436643474594,gen
7976,15,40,0.0007590132827324478,gen
7977,15,41,0.0005481762597512123,gen
7978,15,42,0.0005060088551549652,gen
7979,15,43,0.0006325110689437065,gen
7980,15,44,0.0005060088551549652,gen
7981,15,45,0.000843348091924942,gen
7982,15,46,0.000843348091924942,gen
7983,15,47,0.0007590132827324478,gen
7984,15,48,0.0008011806873286949,gen
7985,15,49,0.000421674045962471,gen
7986,15,50,0.0006746784735399536,gen
7987,15,51,0.0009276829011174362,gen
7988,15,52,0.0008011806873286949,gen
7989,15,53,0.0007590132827324478,gen
7990,15,54,0.0007590132827324478,gen
7991,15,55,0.0007590132827324478,gen
7992,15,56,0.0008855154965211891,gen
7993,15,57,0.0006746784735399536,gen
7994,15,58,0.0009698503057136833,gen
7995,15,59,0.0007168458781362007,gen
7996,15,60,0.0005903436643474594,gen
7997,15,61,0.0003795066413662239,gen
7998,15,62,0.0003795066413662239,gen
7999,15,63,0.0005481762597512123,gen
8000,15,64,0.0005481762597512123,gen
8001,15,65,0.0007168458781362007,gen
8002,15,66,0.0008011806873286949,gen
8003,15,67,0.0005481762597512123,gen
8004,15,68,0.0005060088551549652,gen
8005,15,69,0.0005903436643474594,gen
8006,15,70,0.0003795066413662239,gen
8007,15,71,0.0005060088551549652,gen
8008,15,72,0.0005060088551549652,gen
8009,15,73,0.0005060088551549652,gen
8010,15,74,0.0005060088551549652,gen
8011,15,75,0.0005060088551549652,gen
8012,15,76,0.0004638414505587181,gen
8013,15,77,0.0006746784735399536,gen
8014,15,78,0.0006325110689437065,gen
8015,15,79,0.0006746784735399536,gen
8016,15,80,0.0004638414505587181,gen
8017,15,81,0.0007590132827324478,gen
8018,15,82,0.0005060088551549652,gen
8019,15,83,0.0007168458781362007,gen
8020,15,84,0.000421674045962471,gen
8021,15,85,0.0005903436643474594,gen
8022,15,86,0.0003795066413662239,gen
8023,15,87,0.0007168458781362007,gen
8024,15,88,0.0006325110689437065,gen
8025,15,89,0.0008011806873286949,gen
8026,15,90,0.0006325110689437065,gen
8027,15,91,0.0005903436643474594,gen
8028,15,92,0.0005481762597512123,gen
8029,15,93,0.0005060088551549652,gen
8030,15,94,0.000421674045962471,gen
8031,15,95,0.0009698503057136833,gen
8032,15,96,0.000843348091924942,gen
8033,15,97,0.000421674045962471,gen
8034,15,98,0.0006325110689437065,gen
8035,15,99,0.000843348091924942,gen
8036,15,100,0.0006746784735399536,gen
8037,15,101,0.0005903436643474594,gen
8038,15,102,0.0008011806873286949,gen
8039,15,103,0.0005060088551549652,gen
8040,15,104,0.0005903436643474594,gen
8041,15,105,0.0009276829011174362,gen
8042,15,106,0.0005060088551549652,gen
8043,15,107,0.0006746784735399536,gen
8044,15,108,0.0006746784735399536,gen
8045,15,109,0.0006746784735399536,gen
8046,15,110,0.0003373392367699768,gen
8047,15,111,0.0006325110689437065,gen
8048,15,112,0.0005903436643474594,gen
8049,15,113,0.0005903436643474594,gen
8050,15,114,0.0005481762597512123,gen
8051,15,115,0.0008011806873286949,gen
8052,15,116,0.0008011806873286949,gen
8053,15,117,0.0003795066413662239,gen
8054,15,118,0.0005060088551549652,gen
8055,15,119,0.0004638414505587181,gen
8056,15,120,0.0006746784735399536,gen
8057,15,121,0.0005060088551549652,gen
8058,15,122,0.0007590132827324478,gen
8059,15,123,0.0005481762597512123,gen
8060,15,124,0.0005903436643474594,gen
8061,15,125,0.0004638414505587181,gen
8062,15,126,0.000421674045962471,gen
8063,15,127,0.000421674045962471,gen
8064,15,128,0.0006325110689437065,gen
8065,15,129,0.0006746784735399536,gen
8066,15,130,0.0007590132827324478,gen
8067,15,131,0.0005903436643474594,gen
8068,15,132,0.0004638414505587181,gen
8069,15,133,0.0003795066413662239,gen
8070,15,134,0.0007590132827324478,gen
8071,15,135,0.0006746784735399536,gen
8072,15,136,0.0003795066413662239,gen
8073,15,137,0.0007168458781362007,gen
8074,15,138,0.0004638414505587181,gen
8075,15,139,0.0005903436643474594,gen
8076,15,140,0.0002530044275774826,gen
8077,15,141,0.0004638414505587181,gen
8078,15,142,0.0002951718321737297,gen
8079,15,143,0.0007590132827324478,gen
8080,15,144,0.0004638414505587181,gen
8081,15,145,0.000421674045962471,gen
8082,15,146,0.0007590132827324478,gen
8083,15,147,0.0005060088551549652,gen
8084,15,148,0.0007168458781362007,gen
8085,15,149,0.0005903436643474594,gen
8086,15,150,0.0005481762597512123,gen
8087,15,151,0.0002951718321737297,gen
8088,15,152,0.0002530044275774826,gen
8089,15,153,0.0004638414505587181,gen
8090,15,154,0.000843348091924942,gen
8091,15,155,0.0005060088551549652,gen
8092,15,156,0.0002951718321737297,gen
8093,15,157,0.0004638414505587181,gen
8094,15,158,0.0003795066413662239,gen
8095,15,159,0.0005903436643474594,gen
8096,15,160,0.0002951718321737297,gen
8097,15,161,0.0005481762597512123,gen
8098,15,162,0.0005060088551549652,gen
8099,15,163,0.0005903436643474594,gen
8100,15,164,0.0006325110689437065,gen
8101,15,165,0.0004638414505587181,gen
8102,15,166,0.000843348091924942,gen
8103,15,167,0.0005060088551549652,gen
8104,15,168,0.0002951718321737297,gen
8105,15,169,0.0003795066413662239,gen
8106,15,170,0.000421674045962471,gen
8107,15,171,0.0005481762597512123,gen
8108,15,172,0.0005060088551549652,gen
8109,15,173,0.0003373392367699768,gen
8110,15,174,0.0004638414505587181,gen
8111,15,175,0.0002530044275774826,gen
8112,15,176,0.000421674045962471,gen
8113,15,177,0.0005060088551549652,gen
8114,15,178,0.0003373392367699768,gen
8115,15,179,0.0003373392367699768,gen
8116,15,180,0.0003795066413662239,gen
8117,15,181,0.0002108370229812355,gen
8118,15,182,0.0005481762597512123,gen
8119,15,183,0.0002530044275774826,gen
8120,15,184,0.0005481762597512123,gen
8121,15,185,0.0004638414505587181,gen
8122,15,186,0.0006325110689437065,gen
8123,15,187,0.0003795066413662239,gen
8124,15,188,0.0005060088551549652,gen
8125,15,189,0.0005903436643474594,gen
8126,15,190,0.0006325110689437065,gen
8127,15,191,0.0006746784735399536,gen
8128,15,192,0.0007590132827324478,gen
8129,15,193,0.0007168458781362007,gen
8130,15,194,0.0005481762597512123,gen
8131,15,195,0.000843348091924942,gen
8132,15,196,0.0003795066413662239,gen
8133,15,197,0.0006325110689437065,gen
8134,15,198,0.0002530044275774826,gen
8135,15,199,0.0006746784735399536,gen
8136,15,200,0.0002530044275774826,gen
8137,15,201,0.000421674045962471,gen
8138,15,202,0.0005903436643474594,gen
8139,15,203,0.0006325110689437065,gen
8140,15,204,0.0004638414505587181,gen
8141,15,205,0.0001686696183849884,gen
8142,15,206,0.0003373392367699768,gen
8143,15,207,0.0005060088551549652,gen
8144,15,208,0.0002530044275774826,gen
8145,15,209,0.000421674045962471,gen
8146,15,210,0.0002951718321737297,gen
8147,15,211,0.0005481762597512123,gen
8148,15,212,0.0001686696183849884,gen
8149,15,213,0.0001686696183849884,gen
8150,15,214,0.0005481762597512123,gen
8151,15,215,0.0002951718321737297,gen
8152,15,216,0.0005903436643474594,gen
8153,15,217,0.0005903436643474594,gen
8154,15,218,0.000421674045962471,gen
8155,15,219,0.0003795066413662239,gen
8156,15,220,0.0001686696183849884,gen
8157,15,221,0.000421674045962471,gen
8158,15,222,0.000421674045962471,gen
8159,15,223,0.0003795066413662239,gen
8160,15,224,0.000421674045962471,gen
8161,15,225,0.0004638414505587181,gen
8162,15,226,0.0003373392367699768,gen
8163,15,227,0.0003373392367699768,gen
8164,15,228,0.0003373392367699768,gen
8165,15,229,0.0004638414505587181,gen
8166,15,230,0.0003373392367699768,gen
8167,15,231,0.0005903436643474594,gen
8168,15,232,0.0002951718321737297,gen
8169,15,233,0.0003795066413662239,gen
8170,15,234,0.0005060088551549652,gen
8171,15,235,0.0002108370229812355,gen
8172,15,236,0.0003373392367699768,gen
8173,15,237,0.0003795066413662239,gen
8174,15,238,0.0002108370229812355,gen
8175,15,239,0.000421674045962471,gen
8176,15,240,0.0004638414505587181,gen
8177,15,241,0.0005060088551549652,gen
8178,15,242,0.0002951718321737297,gen
8179,15,243,0.0005060088551549652,gen
8180,15,244,0.0002951718321737297,gen
8181,15,245,0.0002951718321737297,gen
8182,15,246,0.0002951718321737297,gen
8183,15,247,0.0003373392367699768,gen
8184,15,248,8.43348091924942e-05,gen
8185,15,249,0.0002951718321737297,gen
8186,15,250,0.000421674045962471,gen
8187,15,251,0.0005060088551549652,gen
8188,15,252,0.0002530044275774826,gen
8189,15,253,0.0002951718321737297,gen
8190,15,254,0.0002530044275774826,gen
8191,15,255,0.0006746784735399536,gen
